customer_id,txn_month,txn_count,total_amount,return_count
2,2024-09-01,1,80.12,0
2,2024-10-01,4,298.21,0
2,2024-11-01,1,11.15,0
2,2024-12-01,1,50.61,0
2,2025-02-01,1,58.94,0
2,2025-06-01,1,30.55,0
2,2025-07-01,1,40.84,0
2,2025-08-01,1,12.09,0
2,2025-09-01,1,72.36,0
2,2025-10-01,2,149.16,0
2,2025-12-01,1,24.51,0
2,2026-01-01,3,103.16,0
2,2026-07-01,1,3.0,0
3,2025-07-01,1,11.16,0
3,2025-08-01,2,92.78,0
3,2025-10-01,3,125.8,1
3,2025-11-01,2,84.02,0
3,2025-12-01,2,30.27,0
3,2026-02-01,3,236.51999999999998,0
4,2025-12-01,2,73.99,0
4,2026-01-01,1,11.18,0
4,2026-03-01,1,133.76,0
4,2026-04-01,1,60.93,0
5,2026-03-01,2,61.17,0
5,2026-04-01,1,12.25,0
6,2025-02-01,1,12.43,0
6,2025-04-01,1,12.41,0
6,2025-05-01,1,37.59,0
6,2025-07-01,1,53.96,0
6,2025-10-01,1,176.98,0
6,2025-11-01,1,66.45,0
6,2026-01-01,1,35.33,0
6,2026-07-01,1,104.23,0
7,2026-07-01,1,52.4,0
8,2025-06-01,1,57.83,0
8,2025-07-01,1,131.83,0
8,2025-08-01,1,11.91,0
8,2025-09-01,1,16.56,0
8,2025-12-01,1,9.21,0
8,2026-02-01,1,46.36,0
8,2026-03-01,2,81.04,0
8,2026-04-01,1,18.76,0
8,2026-05-01,1,34.06,0
8,2026-07-01,3,151.64,1
9,2026-03-01,2,87.80000000000001,0
9,2026-04-01,1,60.37,0
9,2026-06-01,1,15.51,0
10,2026-06-01,2,35.03,1
11,2025-05-01,1,24.31,0
11,2025-06-01,3,197.63,1
11,2025-07-01,3,78.23,0
11,2026-01-01,1,17.8,0
11,2026-03-01,2,54.62,1
11,2026-04-01,1,23.02,0
11,2026-05-01,1,9.77,0
11,2026-07-01,1,21.64,0
12,2025-03-01,1,83.55,0
12,2025-04-01,1,28.95,0
12,2025-06-01,2,29.779999999999998,0
12,2025-07-01,2,60.959999999999994,1
12,2025-08-01,2,156.78,0
12,2025-09-01,1,14.24,0
12,2025-12-01,1,18.97,0
12,2026-01-01,1,70.92,0
12,2026-02-01,1,39.0,0
12,2026-03-01,1,50.58,0
12,2026-05-01,1,42.97,1
12,2026-06-01,1,39.43,0
13,2025-05-01,1,20.35,0
13,2025-07-01,1,82.1,0
13,2025-09-01,1,31.88,0
13,2025-11-01,1,39.55,0
13,2026-01-01,1,24.17,0
13,2026-04-01,1,50.44,0
14,2025-02-01,2,38.7,0
14,2025-03-01,2,116.96,0
14,2025-04-01,2,71.28,0
14,2025-05-01,1,61.94,0
14,2025-06-01,1,24.16,0
14,2025-07-01,1,25.53,1
14,2026-01-01,1,58.36,0
14,2026-02-01,1,215.87,0
14,2026-03-01,1,50.05,0
14,2026-05-01,1,36.97,0
14,2026-06-01,1,25.62,0
15,2025-08-01,1,271.91,0
15,2025-09-01,3,98.36,0
15,2025-10-01,1,180.22,0
15,2025-12-01,1,153.03,0
15,2026-02-01,1,36.35,0
15,2026-05-01,1,127.57,0
16,2025-03-01,2,55.79,0
16,2025-07-01,1,7.6,0
16,2025-10-01,1,18.23,0
16,2025-12-01,1,73.41,0
16,2026-01-01,2,27.77,0
16,2026-03-01,1,19.13,0
16,2026-04-01,1,146.02,0
17,2025-04-01,2,39.95,0
17,2025-05-01,1,19.79,0
17,2025-06-01,1,53.66,0
17,2025-07-01,2,37.019999999999996,0
17,2025-09-01,1,8.77,0
17,2026-02-01,1,242.2,0
17,2026-07-01,1,40.51,0
18,2026-05-01,2,572.72,0
19,2025-02-01,1,122.95,0
19,2025-03-01,1,27.34,0
19,2025-04-01,1,70.59,0
19,2025-05-01,1,15.43,0
19,2025-07-01,2,35.72,1
19,2025-10-01,1,17.17,0
19,2025-11-01,1,46.9,0
19,2026-01-01,1,16.26,0
19,2026-02-01,2,40.62,0
19,2026-04-01,1,39.28,0
19,2026-05-01,1,69.83,0
19,2026-06-01,1,32.5,0
19,2026-07-01,2,33.14,0
20,2026-03-01,2,72.21000000000001,0
20,2026-07-01,1,29.13,0
21,2025-09-01,1,4.28,0
21,2025-10-01,1,63.66,0
21,2025-11-01,1,27.99,0
21,2025-12-01,1,8.04,0
21,2026-01-01,1,54.49,1
21,2026-05-01,1,9.64,1
21,2026-06-01,1,175.38,0
22,2025-10-01,1,73.61,1
22,2025-11-01,2,322.71999999999997,0
22,2025-12-01,1,25.45,0
22,2026-02-01,1,35.19,0
22,2026-07-01,1,9.2,0
23,2026-04-01,2,40.22,0
24,2025-03-01,3,150.69,0
24,2025-04-01,1,17.13,0
24,2025-05-01,1,5.39,0
24,2025-06-01,3,153.02,0
24,2025-08-01,1,30.13,0
24,2025-11-01,3,138.58,1
24,2025-12-01,1,30.9,0
24,2026-01-01,1,28.27,0
24,2026-03-01,1,9.36,0
24,2026-04-01,1,67.2,0
24,2026-05-01,1,11.88,0
25,2025-01-01,2,85.47,0
25,2025-04-01,1,11.35,0
25,2025-06-01,1,9.97,0
25,2025-07-01,1,76.75,0
25,2025-08-01,1,39.13,0
25,2025-09-01,1,22.02,0
25,2025-11-01,1,77.68,0
25,2026-02-01,1,98.98,1
25,2026-04-01,1,24.98,0
25,2026-06-01,1,48.26,0
26,2025-12-01,1,7.06,0
26,2026-01-01,1,10.9,1
26,2026-04-01,1,151.1,0
26,2026-05-01,1,9.96,0
26,2026-06-01,1,140.64,0
26,2026-07-01,1,25.43,0
27,2026-05-01,1,45.38,0
27,2026-06-01,1,20.54,0
28,2026-01-01,1,23.14,0
28,2026-02-01,2,80.21000000000001,0
28,2026-03-01,1,57.99,0
28,2026-04-01,1,120.56,0
28,2026-06-01,2,168.25,0
28,2026-07-01,2,91.75,0
29,2025-12-01,2,164.4,0
29,2026-01-01,2,66.17,0
29,2026-04-01,1,82.18,0
29,2026-06-01,2,48.25,0
29,2026-07-01,1,26.11,0
30,2026-01-01,1,87.93,0
30,2026-02-01,1,91.24,0
30,2026-03-01,2,33.45,0
30,2026-06-01,1,60.0,0
31,2026-02-01,1,54.62,1
31,2026-04-01,2,71.81,0
31,2026-06-01,2,93.9,0
32,2026-02-01,2,70.98,0
32,2026-03-01,1,68.54,0
32,2026-06-01,1,38.86,0
33,2026-05-01,1,43.06,0
33,2026-06-01,1,29.57,0
33,2026-07-01,1,5.46,0
34,2025-08-01,1,15.75,0
34,2025-10-01,1,13.27,0
34,2026-05-01,3,150.44,0
34,2026-06-01,3,125.5,0
34,2026-07-01,1,15.66,0
35,2025-02-01,1,56.41,0
35,2025-03-01,1,35.49,0
35,2025-04-01,3,131.39,0
35,2025-06-01,1,42.54,0
35,2025-07-01,2,57.71000000000001,0
35,2026-01-01,1,27.92,0
35,2026-02-01,1,41.63,0
35,2026-03-01,2,144.38,1
35,2026-04-01,2,156.78,0
35,2026-06-01,1,14.68,0
36,2026-07-01,2,89.19,0
37,2025-09-01,1,8.79,0
37,2025-10-01,1,26.88,0
37,2025-11-01,2,55.4,0
37,2026-01-01,1,33.62,0
37,2026-03-01,3,97.28,0
37,2026-04-01,2,107.22,0
38,2024-09-01,1,28.01,0
38,2025-03-01,1,20.91,0
38,2025-05-01,1,27.75,0
38,2025-06-01,1,10.12,0
38,2025-09-01,1,39.56,0
38,2025-10-01,2,63.22,0
38,2025-11-01,1,86.53,0
38,2026-01-01,1,34.82,0
38,2026-04-01,2,29.57,0
38,2026-05-01,1,6.1,0
38,2026-07-01,2,46.32,0
39,2026-04-01,1,9.37,0
39,2026-05-01,2,417.75,0
39,2026-06-01,3,120.50999999999999,0
40,2025-03-01,5,206.22,0
40,2025-04-01,1,11.92,0
40,2025-05-01,1,24.03,0
40,2025-06-01,1,6.64,0
40,2025-07-01,1,32.3,0
40,2025-08-01,2,102.77,0
40,2025-09-01,1,64.45,0
40,2025-10-01,1,17.55,0
40,2025-11-01,2,104.80000000000001,0
40,2025-12-01,3,95.85,0
40,2026-05-01,1,18.68,0
40,2026-07-01,1,113.8,0
41,2026-04-01,1,17.32,0
41,2026-06-01,1,31.5,0
42,2025-02-01,1,106.04,0
42,2025-03-01,2,55.769999999999996,0
42,2025-04-01,1,16.49,0
42,2025-05-01,1,31.85,0
42,2025-06-01,1,44.45,0
42,2025-07-01,1,30.59,1
42,2025-09-01,1,27.03,0
42,2026-01-01,1,77.88,0
42,2026-03-01,2,65.96000000000001,0
42,2026-04-01,2,48.099999999999994,0
42,2026-05-01,1,28.4,1
42,2026-07-01,2,300.18,0
43,2025-07-01,1,158.03,0
43,2025-08-01,1,52.88,0
43,2025-10-01,1,70.28,0
43,2026-01-01,2,48.86,1
43,2026-02-01,1,13.76,0
43,2026-05-01,1,8.44,1
43,2026-06-01,1,61.0,0
43,2026-07-01,1,280.75,0
44,2025-10-01,1,80.25,0
44,2025-11-01,2,65.94999999999999,0
44,2026-03-01,1,82.73,0
44,2026-04-01,1,32.69,0
44,2026-07-01,1,33.54,0
45,2026-07-01,1,9.61,0
46,2025-03-01,1,30.51,0
46,2025-06-01,2,286.95,0
46,2025-09-01,1,3.11,0
46,2025-10-01,1,8.05,1
46,2026-01-01,3,133.25,0
46,2026-02-01,1,59.85,0
46,2026-03-01,2,180.44,0
46,2026-05-01,1,10.74,0
47,2025-11-01,1,19.85,0
47,2026-04-01,1,3.74,0
47,2026-06-01,2,221.28,0
48,2024-08-01,2,58.58,0
48,2024-10-01,3,190.77,0
48,2024-11-01,2,145.73,0
48,2024-12-01,1,49.8,0
48,2025-07-01,1,13.65,0
48,2025-08-01,1,17.23,0
48,2025-09-01,1,52.52,0
48,2025-10-01,2,25.02,0
48,2025-11-01,1,33.69,0
48,2025-12-01,1,52.77,0
48,2026-01-01,2,76.13,1
48,2026-06-01,1,58.23,0
49,2025-09-01,1,256.06,0
49,2025-10-01,2,66.16,0
49,2026-01-01,2,208.94,0
49,2026-02-01,2,217.43,0
49,2026-04-01,1,3.0,0
49,2026-05-01,3,108.63,0
49,2026-06-01,1,5.22,0
50,2025-12-01,1,24.28,0
50,2026-01-01,1,56.84,0
50,2026-04-01,2,142.9,0
51,2024-11-01,1,33.55,0
51,2025-02-01,1,84.25,0
51,2025-03-01,2,148.92,1
51,2025-04-01,1,33.44,0
51,2025-05-01,1,87.06,0
51,2025-06-01,3,132.17,0
51,2025-10-01,1,48.79,0
51,2025-11-01,1,49.08,0
51,2026-03-01,1,11.73,0
51,2026-07-01,1,141.01,0
52,2026-03-01,1,35.01,1
52,2026-05-01,2,58.58,0
52,2026-07-01,1,98.59,0
53,2026-02-01,1,5.87,0
53,2026-03-01,1,15.12,0
53,2026-04-01,1,10.35,1
53,2026-05-01,2,95.98,0
53,2026-06-01,1,48.84,0
53,2026-07-01,2,55.42,0
54,2025-10-01,1,49.34,0
54,2025-11-01,1,62.18,0
54,2026-03-01,1,165.12,0
54,2026-05-01,1,7.44,0
54,2026-06-01,1,31.59,0
54,2026-07-01,1,11.59,0
55,2026-06-01,2,77.7,1
55,2026-07-01,4,155.73000000000002,0
56,2026-06-01,1,8.07,0
57,2026-01-01,1,75.39,0
57,2026-05-01,4,473.59000000000003,1
57,2026-07-01,1,25.59,0
59,2026-05-01,1,170.4,0
59,2026-06-01,1,125.94,0
59,2026-07-01,1,36.74,0
60,2025-05-01,1,30.85,1
60,2025-06-01,1,13.7,0
60,2025-07-01,1,22.68,0
60,2025-08-01,1,71.47,0
60,2025-10-01,1,56.75,0
60,2025-11-01,1,29.64,0
60,2025-12-01,2,409.58000000000004,1
60,2026-01-01,1,48.16,0
60,2026-04-01,1,20.21,0
60,2026-05-01,1,27.33,1
60,2026-06-01,3,98.46,1
60,2026-07-01,2,90.21000000000001,0
61,2025-01-01,1,13.16,0
61,2025-04-01,1,10.29,0
61,2025-05-01,1,49.22,0
61,2025-08-01,1,17.94,0
61,2025-11-01,1,70.42,0
61,2026-01-01,1,48.36,0
61,2026-04-01,1,63.36,0
61,2026-07-01,1,146.84,0
62,2025-12-01,1,62.56,0
62,2026-03-01,1,10.7,0
62,2026-04-01,2,63.349999999999994,0
63,2026-01-01,1,21.35,0
63,2026-02-01,1,5.59,0
63,2026-04-01,1,124.77,0
63,2026-05-01,1,19.16,1
64,2025-10-01,1,21.85,0
64,2025-11-01,1,110.45,0
64,2025-12-01,4,290.23,0
64,2026-03-01,1,117.83,0
64,2026-04-01,1,51.56,0
64,2026-06-01,2,69.12,0
65,2026-01-01,2,47.8,0
65,2026-02-01,1,127.74,0
65,2026-03-01,1,19.15,0
65,2026-04-01,1,32.38,0
65,2026-05-01,1,18.26,0
65,2026-06-01,2,62.150000000000006,0
66,2026-01-01,1,9.73,0
66,2026-02-01,1,22.98,0
66,2026-03-01,1,54.33,1
66,2026-04-01,1,105.3,0
66,2026-05-01,3,345.67,1
67,2025-06-01,1,9.42,0
67,2025-10-01,1,71.36,0
67,2026-04-01,1,10.54,0
67,2026-06-01,1,6.23,0
67,2026-07-01,1,47.99,0
68,2025-11-01,2,126.83000000000001,0
68,2025-12-01,1,16.69,0
68,2026-02-01,1,9.95,0
68,2026-03-01,1,98.61,0
68,2026-05-01,1,13.8,0
68,2026-06-01,1,28.67,0
69,2026-07-01,2,37.03,0
70,2025-07-01,1,114.43,0
70,2025-08-01,2,79.8,0
70,2025-10-01,1,49.61,0
70,2025-11-01,2,261.29,0
70,2026-02-01,1,34.96,0
70,2026-04-01,1,35.76,0
70,2026-05-01,1,70.07,0
70,2026-06-01,2,252.92,0
71,2025-04-01,1,80.69,0
71,2025-07-01,1,25.64,0
71,2026-01-01,1,35.38,0
71,2026-02-01,1,32.62,0
71,2026-04-01,2,150.15,0
71,2026-07-01,1,21.03,0
72,2026-05-01,1,9.13,0
72,2026-06-01,1,27.39,0
73,2025-11-01,1,18.05,0
73,2025-12-01,2,207.34,0
73,2026-05-01,2,64.55,0
73,2026-07-01,2,57.709999999999994,0
74,2026-05-01,1,205.16,0
75,2026-04-01,3,277.41,0
75,2026-07-01,3,253.32,0
76,2025-07-01,1,30.26,0
76,2025-09-01,1,29.81,0
76,2026-01-01,1,3.65,0
76,2026-02-01,2,76.9,0
76,2026-05-01,1,88.06,0
76,2026-06-01,1,3.63,0
76,2026-07-01,1,48.16,0
77,2026-01-01,1,69.38,0
77,2026-04-01,1,125.69,0
77,2026-05-01,1,67.42,0
77,2026-07-01,1,18.77,0
78,2026-04-01,1,31.85,0
78,2026-06-01,3,176.71,0
78,2026-07-01,1,8.83,1
79,2025-10-01,1,30.71,0
79,2026-03-01,1,50.9,0
79,2026-04-01,2,32.66,0
79,2026-05-01,1,69.45,0
80,2026-04-01,1,65.53,1
80,2026-05-01,1,16.25,0
80,2026-07-01,2,78.92,0
81,2024-07-01,1,46.55,1
81,2025-02-01,1,40.2,0
81,2025-03-01,2,55.839999999999996,0
81,2025-04-01,1,132.07,0
81,2025-06-01,1,88.4,0
81,2025-09-01,1,67.07,0
81,2025-11-01,1,50.84,0
81,2026-06-01,1,14.42,0
82,2026-01-01,1,34.69,0
82,2026-02-01,2,210.14,0
82,2026-03-01,1,11.66,0
82,2026-04-01,1,143.33,0
82,2026-06-01,1,40.66,0
83,2026-03-01,1,18.72,0
83,2026-05-01,1,15.75,0
84,2026-03-01,3,122.33,1
84,2026-05-01,1,34.5,0
84,2026-06-01,1,60.33,0
84,2026-07-01,1,166.15,0
85,2025-09-01,1,26.05,0
85,2025-10-01,1,36.77,0
85,2025-12-01,2,110.43,0
85,2026-02-01,2,45.959999999999994,0
85,2026-03-01,2,239.03,0
85,2026-05-01,2,64.95,0
85,2026-07-01,3,85.36,0
86,2026-01-01,1,11.44,0
86,2026-02-01,1,68.11,1
86,2026-06-01,2,100.45,0
87,2026-04-01,1,51.53,0
87,2026-06-01,2,63.56,0
88,2026-06-01,1,36.27,0
88,2026-07-01,5,338.78,3
89,2025-07-01,3,67.28999999999999,0
89,2025-08-01,1,54.45,0
89,2025-11-01,1,11.6,0
89,2025-12-01,1,63.55,0
89,2026-04-01,1,40.51,0
89,2026-06-01,2,111.44,0
90,2025-06-01,1,28.46,0
90,2025-10-01,2,43.43,0
90,2025-12-01,1,18.36,0
90,2026-01-01,1,17.16,0
90,2026-05-01,1,26.36,0
91,2025-11-01,1,94.13,0
91,2026-04-01,1,42.57,0
91,2026-06-01,2,149.76,0
92,2024-08-01,2,108.28,0
92,2024-12-01,1,54.27,0
92,2025-01-01,1,330.92,0
92,2025-03-01,1,10.61,0
92,2025-05-01,1,34.43,0
92,2025-06-01,1,22.19,0
92,2025-07-01,2,125.93,0
92,2025-09-01,3,207.59,0
92,2026-01-01,1,156.79,0
92,2026-03-01,3,63.540000000000006,0
92,2026-04-01,2,158.72,0
93,2025-12-01,1,69.44,0
93,2026-03-01,1,3.0,0
93,2026-04-01,4,116.92,0
93,2026-06-01,2,119.64000000000001,0
93,2026-07-01,2,87.0,0
94,2025-12-01,2,27.08,0
94,2026-01-01,1,22.55,0
94,2026-06-01,1,128.3,0
95,2025-06-01,1,53.67,0
95,2025-07-01,2,93.95,0
95,2025-08-01,1,65.61,0
95,2025-10-01,1,9.98,0
95,2025-11-01,1,37.09,0
95,2025-12-01,2,106.71,0
96,2026-03-01,1,29.19,0
96,2026-04-01,1,108.89,0
96,2026-05-01,2,49.440000000000005,0
96,2026-06-01,2,70.81,1
96,2026-07-01,1,45.29,0
97,2026-05-01,1,18.38,0
97,2026-06-01,4,84.15,0
97,2026-07-01,1,67.61,0
98,2025-07-01,2,117.82000000000001,0
98,2025-09-01,1,23.28,0
98,2025-10-01,1,15.02,0
98,2025-11-01,1,20.7,0
98,2026-01-01,1,14.95,0
98,2026-03-01,3,141.31,0
98,2026-05-01,1,70.06,0
99,2025-06-01,2,86.49000000000001,0
99,2025-08-01,1,44.2,0
99,2025-09-01,1,25.31,0
99,2025-10-01,1,86.69,0
99,2025-11-01,1,52.33,0
99,2026-01-01,1,16.19,0
99,2026-04-01,1,26.29,0
99,2026-05-01,1,17.58,0
99,2026-07-01,2,390.78,1
101,2024-10-01,1,10.48,0
101,2025-03-01,1,10.88,0
101,2025-04-01,2,83.95,0
101,2025-05-01,1,23.64,0
101,2025-06-01,1,10.0,0
101,2025-07-01,1,21.63,0
101,2025-08-01,2,57.55,0
101,2025-09-01,1,36.99,0
101,2025-12-01,1,59.3,0
101,2026-01-01,1,135.78,0
101,2026-04-01,1,69.79,0
101,2026-06-01,1,44.7,0
102,2026-03-01,1,11.54,0
102,2026-05-01,3,86.21000000000001,0
102,2026-06-01,2,57.739999999999995,0
102,2026-07-01,1,19.98,0
103,2025-07-01,1,51.31,0
103,2025-08-01,1,24.41,0
103,2026-01-01,1,19.74,0
103,2026-04-01,1,64.04,0
105,2025-03-01,2,321.03999999999996,1
105,2025-04-01,2,51.42,0
105,2025-06-01,1,13.86,0
105,2025-07-01,1,47.7,0
105,2025-09-01,1,71.65,0
105,2026-01-01,1,176.19,0
105,2026-02-01,1,33.28,0
105,2026-04-01,1,53.84,0
105,2026-05-01,1,6.94,0
106,2025-09-01,1,14.7,0
106,2025-10-01,2,75.53,0
106,2025-12-01,1,38.85,0
106,2026-01-01,1,124.51,0
106,2026-04-01,1,5.45,0
106,2026-05-01,2,32.64,1
106,2026-06-01,1,101.92,0
107,2024-08-01,1,34.29,0
107,2024-12-01,2,87.42,0
107,2025-04-01,1,21.07,0
107,2025-05-01,1,43.65,0
107,2025-07-01,1,3.75,0
107,2025-09-01,1,18.02,0
107,2025-12-01,1,73.42,0
107,2026-01-01,1,14.07,0
107,2026-03-01,2,67.86,0
107,2026-04-01,1,38.69,0
107,2026-05-01,1,121.24,0
108,2025-11-01,2,71.82,0
108,2025-12-01,1,47.99,0
108,2026-01-01,1,67.42,0
108,2026-04-01,1,87.5,0
108,2026-05-01,2,186.45999999999998,0
108,2026-07-01,1,68.0,0
109,2025-06-01,1,31.56,0
109,2025-08-01,3,128.95,1
109,2025-10-01,2,42.09,0
109,2026-02-01,1,40.63,0
109,2026-03-01,2,48.28,0
109,2026-04-01,1,66.35,0
109,2026-05-01,1,77.57,0
110,2025-03-01,1,13.62,0
110,2025-05-01,4,140.92000000000002,0
110,2025-06-01,1,36.33,1
110,2025-08-01,2,44.03,0
110,2025-11-01,1,66.99,0
110,2025-12-01,1,69.87,0
110,2026-04-01,2,233.78,0
110,2026-05-01,1,28.36,1
111,2026-05-01,1,50.37,0
111,2026-06-01,1,92.6,0
112,2024-09-01,2,163.34,0
112,2024-10-01,1,72.11,0
112,2025-01-01,2,37.06,0
112,2025-02-01,1,21.56,0
112,2025-03-01,3,77.85,0
112,2025-05-01,1,14.13,0
112,2025-06-01,1,28.78,0
112,2025-08-01,1,88.66,0
112,2025-09-01,1,21.91,0
112,2025-10-01,1,24.09,0
112,2025-12-01,2,244.32,0
112,2026-03-01,1,23.13,0
112,2026-05-01,2,39.64,0
112,2026-06-01,1,11.37,1
113,2026-02-01,1,29.07,0
113,2026-04-01,1,10.96,0
114,2026-07-01,6,283.03,0
115,2025-12-01,1,74.6,0
115,2026-01-01,1,45.46,1
115,2026-04-01,1,89.99,0
116,2025-07-01,1,20.24,1
116,2025-09-01,1,46.29,0
116,2025-10-01,2,109.89999999999999,0
116,2025-11-01,1,29.83,0
116,2025-12-01,2,61.650000000000006,0
116,2026-01-01,1,129.92,0
116,2026-05-01,2,63.03,0
116,2026-07-01,2,74.63,0
118,2026-07-01,2,32.64,1
119,2026-04-01,1,6.0,0
119,2026-05-01,2,33.92,0
119,2026-06-01,1,20.47,0
120,2026-06-01,1,37.49,0
120,2026-07-01,1,48.6,0
121,2025-09-01,1,20.5,0
121,2025-10-01,1,13.02,0
121,2025-12-01,1,24.12,0
121,2026-05-01,3,73.03999999999999,0
121,2026-07-01,1,124.5,0
122,2026-05-01,1,41.35,0
122,2026-06-01,2,258.57,0
122,2026-07-01,1,21.78,0
123,2025-08-01,1,38.2,0
123,2026-02-01,1,90.41,0
123,2026-06-01,2,51.410000000000004,0
123,2026-07-01,1,43.52,0
124,2025-06-01,2,29.61,0
124,2025-08-01,1,12.04,0
124,2025-10-01,1,57.9,0
124,2025-11-01,2,86.02,0
124,2026-01-01,1,35.64,0
124,2026-02-01,2,60.05,0
124,2026-04-01,1,51.06,0
124,2026-06-01,1,15.7,0
125,2025-10-01,1,35.18,0
125,2025-12-01,2,39.71,0
125,2026-01-01,1,35.85,0
125,2026-03-01,1,17.73,0
125,2026-04-01,1,23.8,0
125,2026-05-01,1,38.3,0
125,2026-06-01,1,53.38,0
125,2026-07-01,2,24.6,0
126,2025-06-01,2,158.70999999999998,0
126,2025-07-01,1,64.41,0
126,2025-10-01,3,188.08,0
126,2025-11-01,1,41.28,0
126,2025-12-01,1,21.65,0
126,2026-02-01,1,155.86,0
126,2026-04-01,2,22.18,0
126,2026-06-01,1,5.36,0
127,2026-05-01,2,79.78999999999999,0
127,2026-06-01,1,15.08,0
127,2026-07-01,1,20.2,0
128,2025-02-01,2,33.43,0
128,2025-06-01,1,28.04,0
128,2025-07-01,1,16.48,0
128,2025-08-01,2,41.29,0
128,2025-09-01,1,68.9,0
128,2025-12-01,1,16.37,0
128,2026-02-01,1,35.89,1
128,2026-06-01,1,516.79,0
128,2026-07-01,3,126.78999999999999,0
129,2026-06-01,5,149.19,0
129,2026-07-01,5,183.65,0
130,2025-07-01,1,139.62,0
130,2025-08-01,1,27.98,0
130,2025-09-01,1,35.01,0
130,2025-10-01,1,19.53,0
130,2025-12-01,1,27.51,0
130,2026-02-01,1,47.93,0
130,2026-04-01,3,63.46,1
130,2026-05-01,1,44.61,0
131,2026-03-01,1,14.97,0
131,2026-05-01,2,61.849999999999994,0
131,2026-06-01,4,320.79999999999995,1
131,2026-07-01,1,35.01,0
132,2025-09-01,1,107.16,0
132,2026-02-01,1,15.1,0
132,2026-04-01,1,51.55,0
132,2026-06-01,1,5.97,0
134,2025-08-01,1,80.91,0
134,2026-05-01,1,48.92,0
134,2026-06-01,1,35.5,0
134,2026-07-01,1,18.4,0
135,2025-08-01,1,62.53,0
135,2025-10-01,1,19.62,0
135,2025-11-01,1,45.43,0
135,2026-03-01,1,12.96,0
135,2026-04-01,1,19.25,0
135,2026-05-01,1,63.46,0
135,2026-06-01,1,56.71,0
136,2026-03-01,2,64.06,0
136,2026-06-01,1,426.81,0
137,2026-02-01,2,30.27,0
137,2026-03-01,1,75.5,0
137,2026-05-01,1,60.76,0
137,2026-06-01,1,5.16,0
137,2026-07-01,2,117.38,0
139,2026-02-01,1,25.0,0
139,2026-05-01,1,87.16,0
139,2026-06-01,1,15.9,0
140,2026-01-01,3,105.75,0
140,2026-02-01,2,86.28999999999999,0
140,2026-06-01,1,39.69,1
140,2026-07-01,2,111.63,1
141,2024-12-01,2,36.8,0
141,2025-01-01,1,19.66,0
141,2025-03-01,3,119.62,0
141,2025-06-01,1,26.83,0
141,2025-07-01,1,77.89,0
141,2025-08-01,2,33.57,0
141,2025-09-01,2,57.67,0
141,2025-12-01,1,17.25,0
141,2026-04-01,1,99.65,0
141,2026-05-01,1,35.81,0
142,2026-03-01,2,45.36,0
142,2026-04-01,1,101.77,0
142,2026-05-01,1,69.11,0
142,2026-06-01,1,17.11,0
142,2026-07-01,2,282.29,0
143,2025-12-01,1,10.38,0
143,2026-01-01,3,72.47,0
143,2026-03-01,2,231.29000000000002,0
143,2026-04-01,1,29.74,0
143,2026-05-01,1,4.12,0
143,2026-07-01,2,191.09,0
144,2025-08-01,1,14.89,0
144,2025-10-01,2,34.81,0
144,2025-11-01,2,90.94,0
144,2025-12-01,1,4.8,0
144,2026-04-01,1,13.24,0
144,2026-05-01,1,36.49,0
144,2026-06-01,2,78.42,0
144,2026-07-01,2,26.18,1
145,2024-09-01,2,115.21,0
145,2024-10-01,1,83.38,0
145,2025-01-01,2,94.69,0
145,2025-03-01,1,57.37,0
145,2025-05-01,1,57.88,0
145,2025-06-01,2,103.24,0
145,2025-08-01,1,25.34,0
145,2025-09-01,1,48.52,0
145,2025-10-01,1,24.33,0
145,2025-11-01,1,71.93,0
145,2025-12-01,1,26.5,0
145,2026-01-01,3,91.21000000000001,0
145,2026-03-01,2,50.2,0
145,2026-05-01,3,110.14999999999999,0
146,2024-10-01,2,154.7,0
146,2024-11-01,1,14.09,0
146,2024-12-01,1,234.02,0
146,2025-07-01,1,101.86,0
146,2026-04-01,1,27.91,0
146,2026-07-01,1,67.64,0
147,2026-07-01,1,37.76,0
148,2026-04-01,1,28.75,0
148,2026-06-01,1,6.59,0
149,2025-06-01,1,85.45,0
149,2025-07-01,2,33.91,0
149,2025-08-01,1,26.02,0
149,2025-09-01,1,51.44,0
149,2025-11-01,1,3.06,1
149,2026-02-01,2,95.42,0
149,2026-03-01,1,50.57,0
149,2026-05-01,1,6.06,0
149,2026-06-01,1,58.29,0
149,2026-07-01,2,142.01,1
150,2026-06-01,3,251.79999999999998,0
150,2026-07-01,1,53.11,0
151,2024-09-01,1,35.03,0
151,2024-11-01,2,404.09999999999997,1
151,2024-12-01,1,7.98,0
151,2025-03-01,1,66.52,0
151,2025-07-01,1,11.72,0
151,2025-08-01,1,40.26,0
151,2025-10-01,1,41.05,0
151,2025-11-01,1,141.69,0
151,2025-12-01,1,47.53,0
151,2026-01-01,2,35.69,0
151,2026-02-01,1,34.08,0
151,2026-03-01,3,112.00999999999999,0
151,2026-05-01,2,94.01,0
151,2026-06-01,1,25.47,0
152,2026-06-01,2,63.010000000000005,0
152,2026-07-01,1,96.83,0
153,2025-04-01,1,95.8,0
153,2025-05-01,3,141.85000000000002,0
153,2025-07-01,3,236.29,0
153,2025-08-01,1,30.73,0
153,2025-09-01,1,25.86,0
153,2025-11-01,2,102.4,0
153,2026-01-01,1,4.56,0
153,2026-04-01,1,16.92,0
153,2026-07-01,1,44.81,0
154,2026-02-01,1,27.95,0
154,2026-04-01,1,96.7,0
154,2026-06-01,1,37.2,0
155,2025-08-01,2,9.190000000000001,0
155,2025-10-01,1,109.32,0
155,2026-01-01,2,376.05,0
155,2026-02-01,1,23.04,0
155,2026-03-01,1,14.99,0
155,2026-04-01,1,104.56,0
155,2026-06-01,2,69.88,1
156,2025-02-01,2,195.17000000000002,0
156,2025-03-01,1,42.3,0
156,2025-04-01,1,28.22,0
156,2025-05-01,1,24.45,0
156,2025-06-01,1,27.1,0
156,2025-08-01,2,201.65,0
156,2025-09-01,1,33.42,1
156,2025-10-01,2,210.91,0
156,2025-11-01,2,32.94,0
156,2025-12-01,1,89.45,0
156,2026-01-01,1,7.74,1
156,2026-06-01,1,10.59,0
157,2026-04-01,1,9.31,0
157,2026-05-01,1,25.8,1
157,2026-06-01,2,97.01,0
157,2026-07-01,3,110.81,0
158,2025-11-01,1,55.11,0
158,2025-12-01,1,36.26,1
158,2026-01-01,1,18.95,0
158,2026-02-01,1,239.02,0
158,2026-05-01,1,53.84,0
159,2025-06-01,2,24.28,0
159,2025-07-01,2,100.66,0
159,2025-09-01,1,10.76,0
159,2025-11-01,1,68.62,0
159,2026-04-01,1,11.38,1
160,2025-02-01,1,27.3,0
160,2025-03-01,1,157.34,0
160,2025-04-01,2,162.31,0
160,2025-05-01,1,40.69,1
160,2025-06-01,1,74.28,0
160,2025-08-01,1,119.05,0
160,2025-10-01,1,32.6,0
160,2025-11-01,1,72.86,0
160,2026-03-01,2,88.57,0
160,2026-05-01,1,29.58,0
160,2026-06-01,1,35.27,0
160,2026-07-01,1,18.04,0
161,2025-05-01,1,36.45,0
161,2025-06-01,2,68.72999999999999,0
161,2025-08-01,1,59.49,0
161,2025-09-01,1,75.41,0
161,2025-11-01,1,56.72,0
161,2025-12-01,2,80.89,0
161,2026-02-01,1,59.53,0
161,2026-04-01,1,64.03,0
161,2026-05-01,1,112.57,0
161,2026-06-01,1,85.37,0
162,2025-08-01,1,22.7,0
162,2025-12-01,1,7.45,0
162,2026-05-01,1,37.36,0
163,2025-10-01,2,95.06,0
163,2025-11-01,1,15.95,1
163,2025-12-01,1,10.58,0
163,2026-01-01,1,54.17,0
163,2026-02-01,2,150.82999999999998,0
163,2026-03-01,1,91.8,0
163,2026-06-01,2,109.31,0
164,2025-08-01,1,48.3,0
164,2025-12-01,3,121.97,0
164,2026-03-01,1,10.0,0
164,2026-04-01,1,33.45,0
164,2026-06-01,3,110.91,0
164,2026-07-01,1,42.26,0
165,2026-01-01,1,51.48,0
165,2026-03-01,3,94.9,0
165,2026-04-01,1,44.59,0
165,2026-05-01,1,55.8,0
165,2026-06-01,1,25.16,0
166,2026-01-01,1,5.26,0
166,2026-02-01,4,313.01,0
166,2026-03-01,2,83.9,0
166,2026-05-01,1,156.07,0
166,2026-06-01,2,9.76,0
166,2026-07-01,2,640.22,0
167,2025-12-01,2,31.38,0
167,2026-01-01,2,24.59,0
167,2026-02-01,3,98.77000000000001,0
167,2026-03-01,1,13.29,0
167,2026-06-01,2,68.62,0
168,2026-06-01,2,168.54,0
168,2026-07-01,1,40.72,0
169,2025-11-01,1,22.02,0
169,2026-03-01,1,13.06,0
169,2026-04-01,1,14.66,0
169,2026-07-01,1,29.1,0
170,2026-07-01,1,8.97,0
171,2026-05-01,1,13.72,0
171,2026-06-01,1,22.88,0
172,2026-06-01,2,314.14000000000004,0
172,2026-07-01,1,7.85,0
173,2026-03-01,2,231.02,0
173,2026-04-01,1,8.09,0
173,2026-05-01,1,17.36,0
173,2026-06-01,2,45.46,0
174,2025-09-01,1,8.86,0
174,2025-11-01,2,23.15,0
174,2026-01-01,1,42.22,1
174,2026-04-01,1,73.79,0
174,2026-06-01,1,38.21,0
174,2026-07-01,1,50.49,1
175,2025-05-01,2,56.879999999999995,0
175,2025-07-01,3,52.47,0
175,2025-08-01,1,116.24,0
175,2025-09-01,2,54.410000000000004,0
175,2025-12-01,2,62.57,0
175,2026-01-01,1,8.72,1
175,2026-02-01,1,5.68,0
175,2026-04-01,2,83.14,0
175,2026-06-01,1,112.3,0
176,2025-06-01,1,30.94,0
176,2025-07-01,1,68.23,0
176,2025-08-01,1,34.96,0
176,2025-09-01,1,28.72,0
176,2025-10-01,1,21.26,0
176,2025-11-01,1,35.22,0
176,2026-02-01,2,71.62,0
176,2026-06-01,1,19.02,0
177,2026-01-01,1,38.02,0
177,2026-02-01,2,148.98000000000002,0
177,2026-04-01,1,27.15,0
177,2026-05-01,1,32.9,0
178,2026-07-01,3,241.66,0
179,2026-01-01,3,78.74000000000001,0
179,2026-03-01,1,34.35,0
179,2026-04-01,1,57.08,0
179,2026-05-01,3,55.050000000000004,0
180,2025-07-01,1,21.93,0
180,2025-08-01,2,86.32000000000001,0
180,2025-10-01,2,136.43,0
180,2026-02-01,1,20.01,0
180,2026-04-01,1,88.42,0
180,2026-05-01,1,17.3,0
180,2026-06-01,1,13.54,0
181,2025-01-01,1,52.49,0
181,2025-03-01,1,32.84,0
181,2025-06-01,2,73.93,0
181,2025-07-01,2,50.739999999999995,0
181,2025-11-01,1,12.05,0
181,2026-01-01,1,23.75,0
181,2026-02-01,1,49.61,0
182,2026-04-01,1,51.45,0
182,2026-05-01,1,82.07,0
182,2026-06-01,1,31.21,0
182,2026-07-01,1,30.96,0
183,2025-11-01,1,18.46,0
183,2026-01-01,1,414.9,0
183,2026-03-01,1,30.86,0
183,2026-04-01,1,21.03,0
183,2026-05-01,1,131.27,0
183,2026-06-01,1,63.83,0
184,2025-09-01,1,23.32,0
184,2025-10-01,1,39.3,0
184,2025-11-01,1,27.61,0
184,2025-12-01,1,24.61,0
184,2026-03-01,1,34.29,0
184,2026-05-01,1,5.73,0
185,2026-03-01,1,41.66,0
185,2026-04-01,1,20.48,0
185,2026-07-01,3,156.05,0
186,2026-04-01,1,91.43,0
186,2026-05-01,1,87.89,1
186,2026-06-01,1,39.7,0
186,2026-07-01,1,10.07,0
187,2026-07-01,2,95.57000000000001,0
188,2026-03-01,3,218.6,0
188,2026-05-01,1,109.99,0
189,2025-12-01,1,173.76,0
189,2026-01-01,1,59.12,0
189,2026-03-01,2,62.29,0
189,2026-04-01,1,5.29,0
189,2026-05-01,1,113.86,0
189,2026-07-01,1,10.05,0
190,2026-02-01,1,63.94,0
190,2026-04-01,1,15.01,1
190,2026-05-01,1,7.14,0
191,2025-04-01,1,35.61,0
191,2025-06-01,1,70.42,0
191,2025-07-01,1,43.06,0
191,2025-10-01,2,68.32,0
191,2025-11-01,1,486.9,0
191,2026-01-01,1,80.98,0
191,2026-05-01,1,27.88,0
192,2025-06-01,2,42.46,0
192,2025-09-01,2,73.73,0
192,2025-10-01,1,31.89,0
192,2025-11-01,1,79.29,0
192,2026-01-01,3,150.25,0
192,2026-03-01,1,44.75,0
192,2026-05-01,2,139.64,0
192,2026-06-01,1,25.18,0
193,2025-06-01,1,64.34,0
193,2025-08-01,2,84.17,0
193,2025-09-01,1,107.46,0
193,2025-11-01,1,17.03,0
193,2025-12-01,1,30.94,0
193,2026-01-01,1,19.5,0
193,2026-02-01,1,132.69,0
193,2026-04-01,1,89.84,0
194,2026-02-01,1,112.9,0
194,2026-04-01,2,27.93,0
194,2026-05-01,2,81.07,0
194,2026-06-01,1,95.77,0
195,2024-03-01,1,11.64,0
195,2024-04-01,1,27.23,0
195,2024-06-01,1,12.8,0
195,2024-08-01,2,113.28,0
195,2024-09-01,1,29.78,0
195,2024-12-01,2,94.74,0
195,2025-03-01,1,28.94,0
195,2025-04-01,3,38.230000000000004,0
195,2025-06-01,1,3.0,0
195,2025-08-01,1,14.48,0
195,2025-12-01,2,70.93,0
195,2026-01-01,1,12.82,0
195,2026-02-01,2,275.67,0
195,2026-05-01,1,36.9,0
195,2026-06-01,2,115.05000000000001,0
195,2026-07-01,1,4.83,0
196,2026-06-01,2,178.53,0
196,2026-07-01,1,44.91,0
197,2025-10-01,1,14.26,0
197,2026-02-01,3,175.74,0
197,2026-03-01,1,33.42,0
197,2026-05-01,1,9.57,0
197,2026-06-01,1,56.7,0
198,2026-05-01,3,52.19,0
198,2026-07-01,1,17.79,0
199,2026-04-01,2,113.2,0
199,2026-05-01,3,223.49,1
199,2026-06-01,1,26.65,0
200,2024-12-01,3,161.64,0
200,2025-01-01,1,16.52,0
200,2025-03-01,2,70.75,0
200,2025-05-01,2,120.52000000000001,0
200,2025-07-01,1,59.17,0
200,2025-08-01,1,81.27,0
200,2025-09-01,1,33.41,0
200,2026-02-01,1,20.01,0
200,2026-03-01,1,96.1,0
200,2026-04-01,1,21.11,0
200,2026-05-01,1,48.0,0
201,2025-12-01,2,52.95,0
201,2026-01-01,1,6.59,0
201,2026-02-01,2,149.31,1
201,2026-05-01,1,815.22,0
202,2024-09-01,2,134.43,0
202,2025-01-01,1,23.78,0
202,2025-04-01,1,36.06,0
202,2025-07-01,1,684.68,0
202,2025-11-01,1,84.35,0
202,2025-12-01,1,29.92,0
202,2026-04-01,1,35.87,0
202,2026-05-01,1,20.53,0
203,2025-10-01,1,33.26,0
203,2025-11-01,2,52.36,0
203,2025-12-01,1,31.51,0
203,2026-01-01,2,43.800000000000004,0
204,2026-04-01,1,33.87,0
204,2026-05-01,1,21.62,0
204,2026-06-01,2,214.64,0
204,2026-07-01,1,50.47,0
205,2026-01-01,2,25.9,0
205,2026-03-01,2,230.26999999999998,0
205,2026-04-01,1,33.82,0
205,2026-05-01,1,41.75,0
205,2026-06-01,1,23.12,0
206,2025-12-01,1,54.43,0
206,2026-01-01,2,100.69999999999999,0
206,2026-03-01,1,95.95,0
206,2026-07-01,1,38.92,1
207,2025-09-01,1,42.5,0
207,2025-11-01,1,45.56,0
207,2026-02-01,2,86.82,0
207,2026-04-01,3,288.14,0
208,2024-08-01,1,80.25,0
208,2024-10-01,1,38.37,0
208,2024-12-01,1,34.34,0
208,2025-06-01,1,132.19,0
208,2025-11-01,1,25.81,0
208,2025-12-01,1,42.58,0
208,2026-02-01,1,35.94,0
208,2026-06-01,1,42.92,0
209,2026-04-01,2,77.78,0
209,2026-06-01,1,11.48,0
210,2025-09-01,1,49.9,0
210,2025-10-01,1,43.63,0
210,2026-01-01,1,35.12,0
210,2026-02-01,1,53.99,0
210,2026-03-01,2,36.42,0
210,2026-04-01,1,25.86,0
210,2026-06-01,2,63.55,0
211,2026-06-01,1,38.58,0
212,2025-10-01,1,121.51,0
212,2025-11-01,1,208.42,0
212,2025-12-01,2,116.58,0
212,2026-01-01,1,39.68,0
212,2026-02-01,1,13.97,0
212,2026-03-01,1,129.71,0
212,2026-04-01,2,28.91,0
212,2026-05-01,4,114.1,0
212,2026-07-01,2,79.29,1
213,2024-11-01,1,93.39,0
213,2025-01-01,1,50.23,0
213,2025-02-01,3,143.55,0
213,2025-04-01,1,16.58,1
213,2025-05-01,1,28.59,0
213,2025-10-01,1,21.64,1
213,2025-12-01,1,130.63,0
213,2026-01-01,2,84.1,0
213,2026-02-01,1,10.6,0
213,2026-04-01,1,22.95,0
213,2026-06-01,1,31.64,0
214,2026-01-01,1,41.98,0
214,2026-02-01,1,64.41,0
214,2026-03-01,1,34.68,0
214,2026-04-01,3,285.07,0
214,2026-07-01,2,60.01,0
215,2025-10-01,1,43.62,0
215,2025-11-01,1,19.45,0
215,2025-12-01,1,180.45,0
215,2026-01-01,1,70.69,0
215,2026-04-01,1,25.34,0
215,2026-05-01,1,31.43,0
215,2026-06-01,2,36.21,0
216,2026-05-01,1,49.43,0
216,2026-07-01,2,23.049999999999997,0
217,2026-05-01,1,32.54,0
217,2026-07-01,3,171.05,0
218,2026-06-01,1,34.72,0
219,2026-01-01,1,35.74,0
219,2026-02-01,1,95.44,0
219,2026-03-01,1,3.0,1
219,2026-04-01,1,10.56,0
219,2026-06-01,1,9.65,0
220,2025-02-01,2,67.63,0
220,2025-03-01,1,32.94,0
220,2025-04-01,1,15.21,0
220,2025-05-01,1,83.72,0
220,2025-06-01,2,50.78,0
220,2025-07-01,2,109.42,0
220,2025-09-01,1,158.76,0
220,2025-10-01,2,54.75,0
220,2025-12-01,1,21.41,0
220,2026-03-01,1,24.84,0
220,2026-04-01,1,68.05,0
220,2026-05-01,1,98.2,0
221,2026-07-01,3,386.71,0
222,2025-06-01,1,59.79,0
222,2025-07-01,1,15.85,0
222,2025-10-01,1,95.16,0
222,2025-12-01,1,44.0,0
222,2026-03-01,3,209.74,0
222,2026-04-01,1,59.77,0
222,2026-05-01,1,14.13,0
223,2025-09-01,2,93.49000000000001,0
223,2025-10-01,1,12.59,0
223,2026-03-01,1,159.56,0
223,2026-04-01,2,65.39,0
223,2026-05-01,3,169.22,0
223,2026-06-01,4,128.11,0
223,2026-07-01,1,18.69,0
224,2026-04-01,1,22.59,0
224,2026-05-01,1,24.0,0
224,2026-06-01,1,35.98,0
224,2026-07-01,2,52.06,0
225,2025-03-01,1,81.95,0
225,2025-04-01,2,220.31,0
225,2025-06-01,1,52.89,0
225,2025-09-01,1,13.72,0
225,2025-12-01,1,20.37,0
225,2026-03-01,1,6.04,0
225,2026-07-01,1,157.45,0
226,2026-01-01,1,32.12,0
226,2026-04-01,1,49.15,0
226,2026-05-01,1,15.37,0
226,2026-07-01,1,8.27,0
227,2025-09-01,1,100.77,0
227,2025-11-01,2,173.56,0
227,2025-12-01,2,31.22,0
227,2026-02-01,5,234.62,0
227,2026-03-01,1,108.78,1
227,2026-06-01,1,38.47,0
228,2026-03-01,1,84.16,0
228,2026-04-01,2,34.8,0
228,2026-05-01,2,87.62,0
229,2025-12-01,1,46.98,0
229,2026-01-01,1,28.59,0
229,2026-03-01,1,25.17,0
229,2026-04-01,1,45.92,0
229,2026-05-01,1,8.06,0
229,2026-06-01,2,120.35,0
230,2026-06-01,1,44.75,0
230,2026-07-01,1,17.13,0
231,2026-01-01,1,43.56,0
231,2026-04-01,1,56.69,0
231,2026-06-01,1,44.06,0
232,2024-09-01,1,113.8,0
232,2024-10-01,3,499.64,0
232,2024-12-01,1,19.75,0
232,2025-01-01,1,23.41,0
232,2025-03-01,2,100.49,0
232,2025-06-01,2,414.64,0
232,2025-07-01,1,29.78,0
232,2025-08-01,3,107.52000000000001,0
232,2025-09-01,1,18.26,0
232,2025-10-01,1,13.6,0
232,2025-11-01,1,7.49,0
232,2025-12-01,2,113.35,0
232,2026-05-01,2,73.59,0
234,2025-10-01,1,55.4,0
234,2025-12-01,1,35.79,0
234,2026-01-01,2,30.96,0
234,2026-02-01,1,9.99,0
234,2026-03-01,1,12.38,0
234,2026-05-01,3,162.38,1
235,2025-08-01,2,34.269999999999996,0
235,2025-10-01,2,40.59,0
235,2025-11-01,1,26.35,0
235,2025-12-01,1,21.26,0
235,2026-01-01,3,93.78,1
235,2026-04-01,1,59.03,0
235,2026-05-01,2,104.47,1
236,2026-05-01,2,233.43,0
236,2026-06-01,1,93.44,1
236,2026-07-01,1,44.1,0
237,2026-02-01,1,48.85,0
237,2026-04-01,1,19.51,0
237,2026-06-01,2,75.5,0
237,2026-07-01,2,44.88,0
238,2025-12-01,3,193.21,0
238,2026-01-01,2,238.1,0
238,2026-03-01,2,59.07,0
238,2026-04-01,1,14.2,0
238,2026-07-01,2,27.119999999999997,1
239,2026-03-01,1,175.6,0
239,2026-04-01,2,456.53,2
239,2026-05-01,2,28.84,1
239,2026-06-01,1,10.8,0
239,2026-07-01,1,87.86,0
240,2025-12-01,1,26.85,0
240,2026-03-01,2,77.36,0
240,2026-05-01,2,54.32,0
240,2026-07-01,1,33.05,0
241,2026-04-01,2,29.669999999999998,0
241,2026-05-01,1,50.85,0
241,2026-06-01,1,70.72,0
241,2026-07-01,1,70.44,0
242,2025-07-01,1,52.32,0
242,2025-11-01,1,5.84,0
242,2026-01-01,2,42.71,0
242,2026-03-01,2,165.63,0
244,2025-11-01,1,7.24,1
244,2025-12-01,1,16.99,0
244,2026-01-01,1,38.05,0
244,2026-02-01,1,39.65,0
244,2026-05-01,2,59.75,0
244,2026-07-01,1,41.15,0
245,2026-03-01,1,13.43,0
245,2026-04-01,1,23.57,0
245,2026-05-01,1,6.47,0
245,2026-06-01,4,72.71000000000001,1
245,2026-07-01,1,6.16,0
247,2024-10-01,1,15.86,0
247,2024-12-01,1,23.92,0
247,2025-03-01,1,15.86,0
247,2025-04-01,1,35.57,0
247,2025-06-01,2,131.89,1
247,2025-07-01,1,29.62,1
247,2025-09-01,1,8.51,0
247,2025-10-01,1,126.54,0
247,2025-12-01,1,38.78,0
247,2026-01-01,1,68.2,0
247,2026-02-01,1,28.18,0
247,2026-03-01,1,16.98,0
247,2026-04-01,1,17.74,1
248,2025-12-01,2,76.09,0
248,2026-07-01,1,60.39,0
249,2024-10-01,2,87.28999999999999,0
249,2025-01-01,1,64.9,0
249,2025-02-01,1,12.29,0
249,2025-03-01,3,147.32999999999998,0
249,2025-05-01,1,43.11,0
249,2025-06-01,1,41.53,0
249,2025-08-01,2,388.14,0
249,2025-09-01,2,53.790000000000006,0
249,2025-10-01,1,156.85,0
249,2025-11-01,1,102.72,0
249,2026-01-01,1,33.59,0
249,2026-02-01,2,215.91,0
249,2026-03-01,1,30.0,0
249,2026-04-01,2,159.07,0
249,2026-07-01,1,47.14,0
251,2026-05-01,2,119.05000000000001,0
252,2025-10-01,1,38.48,0
252,2026-01-01,1,116.58,0
252,2026-05-01,1,22.63,0
254,2025-12-01,1,11.48,0
254,2026-02-01,1,4.04,0
254,2026-03-01,1,143.45,0
254,2026-04-01,1,16.49,0
255,2026-03-01,1,51.2,0
255,2026-05-01,1,227.18,0
255,2026-06-01,1,37.6,0
255,2026-07-01,2,195.12,0
256,2026-04-01,1,15.86,0
256,2026-06-01,2,63.150000000000006,0
257,2025-08-01,2,67.78,0
257,2025-09-01,3,150.63,0
257,2025-11-01,1,46.81,0
257,2026-01-01,1,7.67,0
257,2026-02-01,1,21.44,1
257,2026-03-01,1,29.47,0
257,2026-06-01,1,50.49,0
259,2026-06-01,1,52.77,0
260,2025-04-01,1,4.42,0
260,2025-05-01,1,55.1,0
260,2025-07-01,1,24.39,0
260,2025-08-01,1,54.27,1
260,2025-09-01,2,199.08,0
260,2025-11-01,1,102.67,0
260,2025-12-01,1,23.04,0
260,2026-01-01,1,19.25,1
260,2026-05-01,2,185.6,0
260,2026-06-01,1,76.49,0
260,2026-07-01,2,84.97,0
261,2026-05-01,3,57.870000000000005,0
261,2026-06-01,5,240.98000000000002,0
261,2026-07-01,2,62.41,0
262,2026-06-01,2,208.95,0
263,2026-05-01,1,13.78,0
263,2026-06-01,1,199.11,0
263,2026-07-01,1,39.5,0
264,2024-08-01,1,89.42,0
264,2024-11-01,1,12.99,0
264,2025-01-01,2,89.53999999999999,0
264,2025-02-01,1,4.29,1
264,2025-07-01,1,10.26,0
264,2025-09-01,4,100.78999999999999,0
264,2026-01-01,1,14.3,0
264,2026-02-01,1,15.77,0
264,2026-03-01,1,39.95,0
264,2026-04-01,1,51.86,0
264,2026-05-01,2,92.14,0
264,2026-06-01,1,30.25,1
265,2024-03-01,1,63.47,0
265,2024-04-01,1,30.72,0
265,2024-05-01,2,40.57,0
265,2024-06-01,1,42.85,0
265,2024-09-01,1,9.48,0
265,2024-11-01,1,14.11,0
265,2024-12-01,4,94.62,1
265,2025-01-01,1,98.07,0
265,2025-02-01,1,88.35,0
265,2025-03-01,2,126.03,0
265,2025-07-01,1,13.7,0
265,2025-09-01,1,43.7,0
265,2025-11-01,1,59.43,0
265,2026-02-01,2,117.24,0
265,2026-03-01,1,26.13,0
265,2026-06-01,1,15.45,0
266,2025-09-01,1,22.98,0
266,2025-12-01,2,230.26,0
266,2026-01-01,1,35.42,0
266,2026-02-01,1,108.73,0
266,2026-05-01,2,136.62,1
267,2025-07-01,1,43.03,0
267,2025-08-01,1,8.21,0
267,2025-11-01,1,67.4,0
267,2026-02-01,1,8.38,0
267,2026-04-01,1,68.35,0
267,2026-05-01,1,14.46,0
267,2026-06-01,1,32.13,0
267,2026-07-01,1,64.74,0
268,2025-11-01,1,19.03,0
268,2025-12-01,1,48.84,0
268,2026-01-01,1,122.59,0
268,2026-04-01,2,60.39,0
268,2026-07-01,2,357.22999999999996,0
269,2025-05-01,1,364.37,0
269,2025-06-01,2,45.290000000000006,0
269,2025-07-01,1,38.81,0
269,2025-08-01,1,115.72,0
269,2025-09-01,1,73.83,0
269,2025-10-01,2,146.11,0
269,2025-11-01,1,17.27,0
269,2025-12-01,1,22.75,0
269,2026-03-01,5,692.4000000000001,0
269,2026-04-01,2,122.95,0
269,2026-06-01,1,22.47,0
270,2025-04-01,1,36.11,0
270,2025-06-01,1,27.91,0
270,2025-08-01,2,110.79,0
270,2025-09-01,1,10.05,0
270,2025-11-01,2,87.92,0
270,2026-03-01,2,106.97999999999999,0
270,2026-04-01,1,27.49,0
270,2026-05-01,2,125.41999999999999,0
271,2025-12-01,1,43.82,0
271,2026-01-01,1,37.64,0
271,2026-02-01,1,120.3,0
271,2026-03-01,1,12.88,0
271,2026-04-01,1,24.73,0
271,2026-05-01,1,33.56,0
271,2026-06-01,1,49.85,1
273,2026-06-01,3,98.59,1
274,2025-01-01,1,37.27,0
274,2025-02-01,1,24.26,0
274,2025-04-01,2,193.1,0
274,2025-08-01,2,58.550000000000004,0
274,2025-10-01,2,69.22999999999999,0
274,2025-11-01,1,43.2,0
274,2025-12-01,2,26.369999999999997,0
274,2026-01-01,2,35.02,0
274,2026-02-01,1,118.14,0
274,2026-04-01,1,94.57,0
274,2026-05-01,1,13.64,0
274,2026-06-01,2,351.35,0
274,2026-07-01,2,81.94,0
275,2026-04-01,1,19.35,0
275,2026-05-01,2,102.37,0
275,2026-07-01,1,74.37,0
276,2025-07-01,1,99.3,0
276,2025-08-01,1,89.61,0
276,2025-09-01,1,28.29,0
276,2025-10-01,1,40.26,0
276,2025-12-01,1,54.67,0
276,2026-01-01,1,12.28,0
276,2026-03-01,1,54.28,0
276,2026-07-01,1,110.3,0
277,2026-03-01,1,25.25,0
277,2026-04-01,1,8.66,0
277,2026-05-01,1,18.01,0
278,2024-11-01,1,31.54,0
278,2024-12-01,2,166.71999999999997,0
278,2025-01-01,3,200.94,0
278,2025-02-01,1,34.87,0
278,2025-05-01,2,54.28,0
278,2025-06-01,2,63.629999999999995,1
278,2025-07-01,1,61.81,0
278,2025-08-01,2,56.53,0
278,2026-02-01,2,76.4,0
278,2026-03-01,1,23.77,0
278,2026-07-01,1,197.34,0
280,2026-06-01,1,91.4,0
281,2026-04-01,1,62.01,0
281,2026-05-01,1,65.57,0
281,2026-07-01,2,125.55000000000001,0
282,2025-12-01,2,52.690000000000005,0
282,2026-04-01,2,80.78999999999999,0
282,2026-05-01,1,105.06,0
282,2026-06-01,1,53.5,0
283,2025-04-01,1,260.15,0
283,2025-05-01,1,63.54,0
283,2025-07-01,1,52.95,0
283,2025-10-01,1,19.23,0
283,2025-11-01,1,19.89,0
283,2026-02-01,1,53.26,0
283,2026-05-01,1,57.65,0
283,2026-06-01,2,26.41,0
284,2026-04-01,2,115.96000000000001,0
284,2026-05-01,1,7.39,0
284,2026-07-01,1,21.51,0
285,2025-11-01,2,94.21000000000001,0
285,2026-03-01,2,63.14,0
285,2026-04-01,1,44.29,0
285,2026-06-01,3,73.44,0
286,2025-05-01,1,10.73,0
286,2025-07-01,1,15.54,0
286,2025-09-01,1,54.06,0
286,2025-11-01,4,99.85,0
286,2026-01-01,1,188.4,0
286,2026-04-01,1,24.79,0
286,2026-05-01,1,33.24,0
286,2026-07-01,1,66.71,0
287,2026-07-01,2,131.15,0
288,2025-08-01,1,34.07,0
288,2025-09-01,2,131.41,0
288,2025-10-01,1,79.71,1
288,2025-11-01,1,24.98,0
288,2026-04-01,1,170.88,0
288,2026-06-01,1,18.78,0
288,2026-07-01,1,23.43,0
289,2025-04-01,3,166.85,0
289,2025-06-01,3,84.15,0
289,2025-09-01,1,7.41,0
289,2025-11-01,1,16.24,0
289,2025-12-01,1,23.92,0
289,2026-02-01,3,77.19,0
289,2026-03-01,1,7.92,0
289,2026-05-01,1,145.97,0
289,2026-06-01,1,19.7,0
290,2025-08-01,1,89.01,1
290,2025-09-01,1,16.32,0
290,2025-10-01,1,33.07,0
290,2025-11-01,1,31.12,0
290,2026-03-01,2,30.43,0
290,2026-04-01,1,30.63,0
290,2026-07-01,1,25.61,0
291,2024-12-01,1,19.39,0
291,2025-03-01,2,34.34,1
291,2025-04-01,1,34.49,0
291,2025-10-01,2,55.68,0
291,2025-11-01,1,29.01,0
291,2026-02-01,1,74.9,0
291,2026-05-01,1,16.94,0
291,2026-06-01,1,33.02,0
292,2026-06-01,5,166.61,0
293,2024-10-01,2,79.29,0
293,2024-11-01,1,44.79,0
293,2024-12-01,1,30.01,0
293,2025-01-01,1,30.74,0
293,2025-03-01,1,41.62,0
293,2025-05-01,1,10.72,0
293,2025-08-01,1,47.38,0
293,2025-10-01,1,106.64,0
293,2026-01-01,1,95.12,0
293,2026-03-01,2,86.61000000000001,0
293,2026-04-01,1,14.75,0
293,2026-06-01,1,17.14,0
293,2026-07-01,1,13.73,0
294,2026-03-01,1,11.46,0
294,2026-06-01,1,27.55,0
295,2025-08-01,2,166.6,0
295,2026-02-01,2,177.66,0
295,2026-04-01,1,4.16,0
295,2026-05-01,2,75.28999999999999,0
296,2025-10-01,1,37.21,0
296,2025-11-01,1,26.18,0
296,2025-12-01,1,25.07,0
296,2026-01-01,2,192.23,1
296,2026-04-01,2,70.33,0
296,2026-06-01,1,94.65,0
296,2026-07-01,1,30.08,0
297,2025-08-01,2,257.18,0
297,2025-09-01,3,61.56999999999999,0
297,2025-12-01,4,360.18,0
297,2026-01-01,1,14.4,0
297,2026-04-01,1,19.3,0
297,2026-05-01,4,170.33,0
297,2026-07-01,1,35.22,0
298,2025-12-01,2,43.58,0
298,2026-01-01,2,88.00999999999999,0
298,2026-03-01,2,41.9,0
298,2026-05-01,1,46.21,0
298,2026-06-01,3,133.55,0
299,2026-05-01,1,86.64,0
299,2026-06-01,1,80.99,0
299,2026-07-01,2,62.370000000000005,0
300,2026-06-01,1,17.54,0
300,2026-07-01,3,431.70000000000005,0
301,2025-09-01,1,44.53,0
301,2025-10-01,1,16.92,0
301,2025-12-01,1,56.24,0
301,2026-01-01,1,49.53,0
301,2026-04-01,1,62.36,0
302,2025-02-01,1,9.19,0
302,2025-05-01,1,98.49,0
302,2025-09-01,1,13.21,0
302,2025-11-01,1,177.63,0
302,2026-01-01,1,17.55,0
302,2026-02-01,1,16.29,0
302,2026-04-01,1,28.65,0
302,2026-05-01,1,21.17,0
303,2026-07-01,1,44.84,0
304,2024-07-01,1,14.63,0
304,2024-09-01,1,51.43,0
304,2025-01-01,1,43.11,0
304,2025-02-01,1,361.9,0
304,2025-08-01,1,29.15,0
304,2025-09-01,1,30.14,0
304,2025-11-01,1,13.77,0
304,2026-05-01,1,24.62,0
304,2026-06-01,1,6.87,0
304,2026-07-01,1,212.69,0
305,2025-09-01,1,23.14,0
305,2025-10-01,1,76.24,0
305,2025-11-01,3,228.20000000000002,0
305,2025-12-01,1,11.66,0
306,2026-04-01,1,233.43,1
306,2026-06-01,1,58.4,0
307,2026-03-01,1,24.72,0
307,2026-05-01,1,27.64,0
308,2026-05-01,5,379.23,0
308,2026-06-01,1,15.11,0
308,2026-07-01,5,168.87,0
309,2026-02-01,4,60.489999999999995,1
309,2026-05-01,1,9.97,0
309,2026-07-01,1,45.33,0
310,2026-05-01,1,61.74,0
311,2026-02-01,3,128.98,1
311,2026-05-01,1,111.16,0
311,2026-06-01,1,12.62,0
311,2026-07-01,2,88.49000000000001,0
312,2025-01-01,2,42.49,0
312,2025-04-01,1,47.29,0
312,2025-05-01,1,63.94,0
312,2025-06-01,1,67.66,0
312,2025-09-01,3,92.16,0
312,2025-10-01,2,103.6,0
312,2025-11-01,1,87.02,0
312,2026-04-01,1,28.76,0
312,2026-05-01,1,35.27,0
312,2026-06-01,1,36.73,0
314,2026-04-01,2,70.19,0
314,2026-05-01,1,22.92,0
314,2026-06-01,2,120.88000000000001,0
315,2026-01-01,1,94.8,0
315,2026-02-01,1,28.88,0
315,2026-03-01,1,8.09,0
315,2026-05-01,1,15.59,0
315,2026-06-01,2,55.79,0
316,2025-10-01,2,315.94,0
316,2026-01-01,1,18.69,0
316,2026-02-01,1,14.77,0
316,2026-03-01,1,34.65,0
316,2026-05-01,2,72.37,0
316,2026-06-01,1,30.16,1
317,2025-11-01,1,7.15,0
317,2026-01-01,1,32.26,0
317,2026-02-01,1,149.64,0
317,2026-04-01,1,27.42,0
317,2026-05-01,1,45.1,0
317,2026-06-01,3,105.89,0
318,2025-11-01,2,133.77,0
318,2025-12-01,1,28.9,0
318,2026-01-01,4,175.33,0
318,2026-03-01,1,107.44,0
318,2026-04-01,2,186.82000000000002,0
318,2026-06-01,2,56.26,0
318,2026-07-01,1,20.65,0
319,2025-02-01,3,80.8,0
319,2025-03-01,3,27.130000000000003,0
319,2025-05-01,1,18.75,0
319,2025-06-01,1,29.4,0
319,2025-07-01,1,27.4,0
319,2025-08-01,1,106.75,0
319,2025-09-01,2,199.25,0
319,2025-10-01,1,35.83,0
319,2025-11-01,1,67.49,0
319,2025-12-01,3,108.41,0
319,2026-01-01,2,109.38,0
319,2026-03-01,2,130.14000000000001,0
319,2026-04-01,1,16.91,0
319,2026-05-01,1,23.27,0
319,2026-06-01,1,12.85,0
320,2024-10-01,2,52.129999999999995,0
320,2024-12-01,1,23.67,0
320,2025-01-01,1,12.64,0
320,2025-02-01,1,40.16,0
320,2025-03-01,2,41.160000000000004,0
320,2025-05-01,1,23.01,0
320,2025-06-01,1,38.88,0
320,2025-12-01,4,147.62,1
320,2026-01-01,1,94.37,0
320,2026-04-01,2,80.13,0
320,2026-05-01,2,115.43,0
320,2026-07-01,1,25.01,0
321,2026-02-01,1,3.86,0
321,2026-03-01,1,49.12,0
321,2026-07-01,1,73.48,0
322,2026-07-01,1,45.39,0
323,2026-02-01,1,4.96,0
323,2026-03-01,2,122.03,0
323,2026-04-01,1,5.64,0
323,2026-05-01,4,350.69,0
323,2026-06-01,1,53.61,0
323,2026-07-01,6,412.92,0
324,2026-03-01,2,126.75999999999999,0
324,2026-04-01,3,149.03,2
324,2026-05-01,4,218.96,0
324,2026-06-01,1,88.92,0
324,2026-07-01,2,30.189999999999998,0
325,2025-05-01,4,174.72,0
325,2025-06-01,1,44.67,0
325,2025-07-01,1,22.84,0
325,2025-09-01,1,14.69,0
325,2025-11-01,1,29.62,0
325,2025-12-01,2,112.79,0
325,2026-01-01,1,152.7,0
325,2026-03-01,2,21.37,0
325,2026-07-01,1,54.5,0
326,2026-05-01,1,76.86,1
327,2026-02-01,2,375.79,0
327,2026-03-01,2,60.21,0
327,2026-07-01,1,236.77,0
328,2026-06-01,1,57.34,0
329,2026-05-01,1,44.25,0
329,2026-06-01,1,175.47,0
330,2025-05-01,1,36.13,0
330,2025-07-01,1,3.0,0
330,2025-10-01,2,109.75,0
330,2025-12-01,1,117.67,0
330,2026-03-01,2,54.61,0
330,2026-06-01,2,34.29,0
331,2026-02-01,1,52.77,1
331,2026-03-01,1,167.05,0
331,2026-07-01,1,17.77,0
332,2026-06-01,1,36.4,0
332,2026-07-01,1,45.45,0
333,2026-03-01,1,22.39,0
333,2026-05-01,5,194.56,0
333,2026-07-01,1,12.77,0
334,2025-01-01,1,32.57,0
334,2025-03-01,1,18.71,0
334,2025-04-01,1,10.98,0
334,2025-05-01,2,132.06,1
334,2025-08-01,1,10.66,0
334,2025-09-01,2,180.8,0
334,2025-10-01,1,61.02,0
334,2025-11-01,1,16.17,0
334,2026-01-01,2,178.5,0
334,2026-03-01,1,34.35,0
335,2025-10-01,1,9.2,0
335,2025-11-01,1,54.92,0
335,2026-03-01,1,15.46,0
335,2026-05-01,2,185.82,0
335,2026-06-01,1,41.94,0
336,2025-05-01,2,81.92,0
336,2025-06-01,1,23.69,0
336,2025-07-01,1,29.39,1
336,2025-08-01,1,137.77,0
336,2025-09-01,3,286.09000000000003,0
336,2025-10-01,1,132.64,0
336,2025-12-01,2,31.3,0
336,2026-06-01,1,27.72,0
337,2025-04-01,1,142.7,0
337,2025-05-01,1,11.55,0
337,2025-06-01,2,121.61,0
337,2025-10-01,1,5.85,0
337,2025-11-01,1,50.77,0
337,2026-02-01,1,59.7,0
337,2026-03-01,1,110.05,0
337,2026-04-01,2,71.46000000000001,0
337,2026-07-01,2,122.7,0
338,2026-03-01,2,90.99000000000001,0
338,2026-04-01,2,33.239999999999995,0
338,2026-05-01,2,109.91000000000001,0
338,2026-07-01,1,47.28,0
339,2026-02-01,1,116.28,0
339,2026-03-01,1,23.27,0
339,2026-05-01,1,227.67,0
340,2024-09-01,1,50.32,0
340,2024-10-01,2,101.99,0
340,2024-11-01,1,62.02,0
340,2025-06-01,1,51.53,0
340,2025-08-01,1,146.54,0
340,2025-09-01,1,400.94,0
340,2025-10-01,1,165.58,0
340,2026-03-01,1,31.51,0
340,2026-04-01,1,3.16,0
340,2026-07-01,1,21.48,1
341,2025-10-01,1,87.64,0
341,2025-11-01,1,43.0,0
341,2025-12-01,1,13.49,0
341,2026-06-01,1,18.75,0
342,2025-11-01,1,7.45,0
342,2026-04-01,2,75.42,0
342,2026-05-01,1,39.72,0
342,2026-07-01,1,111.3,0
343,2025-09-01,1,132.26,0
343,2026-01-01,1,29.06,0
343,2026-02-01,1,64.52,0
343,2026-05-01,3,70.60000000000001,0
344,2025-09-01,3,121.63,0
344,2025-10-01,1,38.09,0
344,2025-12-01,1,81.71,0
344,2026-05-01,1,8.5,0
344,2026-06-01,1,12.1,0
344,2026-07-01,2,39.94,1
345,2024-11-01,2,61.23,0
345,2024-12-01,3,100.8,0
345,2025-05-01,1,5.05,0
345,2025-06-01,1,32.05,0
345,2025-07-01,1,46.97,0
345,2025-09-01,1,18.38,1
345,2025-10-01,1,12.01,0
345,2025-11-01,2,128.76,0
345,2026-01-01,1,19.92,0
345,2026-04-01,2,107.03,0
345,2026-06-01,1,70.67,0
346,2026-01-01,1,56.69,0
346,2026-02-01,1,53.67,0
346,2026-03-01,1,26.67,0
346,2026-07-01,1,128.15,0
347,2025-03-01,3,329.66999999999996,0
347,2025-05-01,1,77.37,0
347,2025-07-01,1,83.05,0
347,2025-09-01,2,50.769999999999996,0
347,2025-11-01,3,117.97999999999999,0
347,2026-04-01,1,55.57,0
347,2026-05-01,1,6.57,0
347,2026-06-01,2,79.43,1
347,2026-07-01,1,36.57,0
348,2026-03-01,2,255.21999999999997,0
348,2026-04-01,2,100.86000000000001,0
348,2026-05-01,1,23.18,0
348,2026-06-01,1,214.2,0
349,2026-04-01,1,9.06,0
349,2026-06-01,1,13.46,0
349,2026-07-01,1,80.5,0
350,2026-05-01,3,93.98,1
350,2026-06-01,1,9.78,0
351,2026-03-01,2,152.13,0
351,2026-04-01,2,86.33,0
351,2026-05-01,2,43.33,0
351,2026-06-01,1,65.03,0
351,2026-07-01,1,28.6,0
352,2026-07-01,1,17.99,1
353,2025-10-01,1,78.68,0
353,2025-11-01,2,346.95000000000005,0
353,2025-12-01,2,54.88,0
353,2026-01-01,2,107.09,0
353,2026-03-01,1,61.3,0
353,2026-04-01,1,80.19,0
353,2026-05-01,1,82.88,0
353,2026-07-01,1,42.82,0
354,2025-11-01,2,96.78,0
354,2025-12-01,2,169.48000000000002,0
354,2026-01-01,1,57.06,0
354,2026-03-01,3,167.22,0
354,2026-04-01,2,177.56,0
354,2026-05-01,1,44.36,0
355,2024-09-01,2,73.39,0
355,2024-10-01,1,59.34,0
355,2024-12-01,1,30.88,1
355,2025-04-01,2,34.37,0
355,2025-06-01,1,14.23,0
355,2025-07-01,1,59.6,0
355,2025-08-01,1,11.58,0
355,2025-10-01,2,39.839999999999996,0
355,2025-11-01,1,42.99,0
355,2025-12-01,3,85.34,0
355,2026-01-01,1,9.01,0
355,2026-04-01,1,18.52,0
355,2026-07-01,1,24.73,0
356,2024-03-01,1,3.0,0
356,2024-04-01,1,16.19,0
356,2024-05-01,1,35.65,0
356,2024-06-01,1,37.65,0
356,2024-09-01,1,62.89,0
356,2024-11-01,1,134.13,0
356,2024-12-01,1,14.09,0
356,2025-01-01,3,165.0,0
356,2025-02-01,1,14.94,0
356,2025-04-01,2,93.25999999999999,0
356,2025-05-01,1,65.83,0
356,2025-10-01,2,22.26,0
356,2025-12-01,1,33.62,0
356,2026-06-01,2,77.2,0
356,2026-07-01,2,40.24,0
357,2026-07-01,2,62.84,0
358,2024-10-01,1,32.47,0
358,2024-12-01,2,78.12,0
358,2025-01-01,1,23.43,0
358,2025-03-01,1,51.99,0
358,2025-05-01,2,59.480000000000004,0
358,2025-06-01,1,83.26,0
358,2025-09-01,1,6.7,0
358,2025-12-01,1,23.64,0
358,2026-01-01,1,522.79,0
358,2026-04-01,1,28.06,0
359,2026-06-01,1,22.32,0
360,2025-01-01,1,11.52,0
360,2025-04-01,2,97.0,0
360,2025-05-01,2,62.85,0
360,2025-07-01,2,59.300000000000004,0
360,2025-09-01,3,75.55,0
360,2026-03-01,2,74.0,0
360,2026-04-01,1,74.67,0
360,2026-06-01,1,56.04,0
361,2025-12-01,3,87.42,0
361,2026-03-01,1,14.13,0
361,2026-05-01,2,99.94,0
361,2026-06-01,1,16.7,0
362,2025-03-01,2,375.22,0
362,2025-05-01,1,49.91,0
362,2025-06-01,1,24.21,0
362,2025-10-01,4,204.39000000000001,1
362,2025-11-01,2,28.29,0
362,2025-12-01,1,32.22,0
362,2026-04-01,1,8.57,0
362,2026-05-01,1,14.63,0
362,2026-07-01,1,48.14,0
363,2026-01-01,1,7.88,0
363,2026-02-01,2,194.72,1
363,2026-05-01,1,16.08,0
363,2026-06-01,1,70.04,0
363,2026-07-01,1,43.67,0
364,2025-12-01,1,29.85,1
364,2026-03-01,2,68.72,0
364,2026-04-01,1,76.02,0
364,2026-05-01,1,44.13,0
364,2026-06-01,1,94.47,0
365,2026-05-01,1,18.71,0
366,2025-06-01,1,21.69,0
366,2025-07-01,1,88.18,0
366,2025-09-01,1,3.96,0
366,2025-10-01,1,59.67,0
366,2025-11-01,2,98.16,0
366,2026-02-01,1,11.72,0
366,2026-03-01,1,41.41,0
366,2026-05-01,1,13.63,0
366,2026-07-01,1,110.16,0
367,2025-12-01,2,115.18,0
367,2026-01-01,1,15.65,0
367,2026-03-01,2,53.480000000000004,1
367,2026-04-01,1,12.15,0
367,2026-05-01,1,176.6,0
368,2026-03-01,2,53.019999999999996,0
368,2026-04-01,2,55.05,1
368,2026-07-01,2,73.4,0
370,2025-01-01,1,54.86,0
370,2025-02-01,1,50.6,0
370,2025-03-01,1,69.69,0
370,2025-04-01,1,9.42,0
370,2025-07-01,1,48.89,0
370,2025-09-01,2,236.37,0
370,2026-01-01,1,56.33,0
370,2026-02-01,1,117.18,0
370,2026-03-01,1,16.44,0
370,2026-05-01,1,74.13,0
370,2026-06-01,2,189.15,0
370,2026-07-01,2,41.010000000000005,0
371,2026-04-01,2,51.650000000000006,0
371,2026-05-01,1,28.07,0
371,2026-06-01,1,14.34,0
371,2026-07-01,1,35.51,0
372,2025-02-01,1,6.1,0
372,2025-04-01,1,139.37,0
372,2025-06-01,1,205.4,0
372,2025-08-01,1,40.22,0
372,2025-10-01,1,12.23,0
372,2025-11-01,1,22.76,1
372,2025-12-01,1,42.19,0
372,2026-01-01,1,57.95,0
372,2026-04-01,1,19.54,0
372,2026-07-01,1,18.18,0
373,2025-10-01,1,155.31,0
373,2025-11-01,1,25.82,0
373,2026-01-01,2,66.38,0
373,2026-02-01,1,11.73,0
373,2026-06-01,2,158.64,0
373,2026-07-01,2,114.09,0
374,2025-12-01,1,63.49,0
374,2026-01-01,1,39.23,0
374,2026-04-01,1,30.79,0
374,2026-06-01,3,127.11,0
374,2026-07-01,1,47.48,0
375,2025-04-01,2,79.4,1
375,2025-06-01,1,7.98,0
375,2025-07-01,1,21.0,0
375,2025-08-01,2,140.13,0
375,2025-09-01,1,32.13,0
375,2025-11-01,2,130.82,0
375,2025-12-01,1,42.52,0
375,2026-01-01,1,17.51,0
375,2026-02-01,1,25.72,0
375,2026-03-01,2,29.72,0
375,2026-04-01,1,15.94,1
375,2026-05-01,1,13.43,0
376,2026-07-01,1,13.79,0
377,2025-02-01,2,43.28,0
377,2025-03-01,1,119.24,0
377,2025-05-01,1,69.64,0
377,2025-07-01,1,21.43,0
377,2025-08-01,1,61.89,1
377,2025-09-01,1,11.5,0
377,2026-04-01,1,22.52,0
377,2026-06-01,3,118.44999999999999,0
377,2026-07-01,1,8.69,0
378,2025-02-01,1,91.22,0
378,2025-05-01,1,40.54,0
378,2026-01-01,1,45.5,0
378,2026-03-01,1,40.56,0
378,2026-04-01,1,83.04,0
378,2026-07-01,2,33.36,1
379,2025-12-01,1,14.99,0
379,2026-03-01,2,144.89,0
379,2026-04-01,1,39.05,1
379,2026-06-01,1,23.98,0
380,2026-01-01,3,153.72,0
380,2026-03-01,1,41.88,0
380,2026-05-01,1,86.06,0
380,2026-07-01,3,46.32,0
382,2024-05-01,1,16.21,0
382,2024-07-01,1,20.9,0
382,2024-11-01,1,3.36,0
382,2025-01-01,1,21.2,0
382,2025-02-01,1,59.01,0
382,2025-05-01,1,38.39,0
382,2025-07-01,1,28.41,0
382,2025-08-01,1,18.54,0
382,2025-10-01,2,93.69,0
382,2025-12-01,1,13.98,0
382,2026-03-01,1,81.24,0
382,2026-05-01,1,22.71,0
382,2026-06-01,1,23.5,0
383,2024-08-01,2,192.26000000000002,0
383,2024-09-01,1,6.37,0
383,2024-10-01,1,98.04,0
383,2024-12-01,3,96.73,0
383,2025-01-01,1,14.78,0
383,2025-02-01,1,129.22,0
383,2025-04-01,1,33.36,1
383,2025-05-01,1,53.33,0
383,2025-06-01,3,60.9,1
383,2025-07-01,3,58.83,0
383,2025-09-01,1,12.72,0
383,2025-12-01,2,25.48,0
383,2026-01-01,1,17.89,0
383,2026-02-01,1,19.34,0
383,2026-03-01,1,52.71,0
383,2026-05-01,1,98.74,0
383,2026-07-01,2,47.300000000000004,0
384,2026-02-01,1,22.64,0
384,2026-03-01,2,147.25,0
384,2026-04-01,1,38.11,0
384,2026-06-01,1,48.85,0
385,2026-07-01,1,30.19,0
386,2026-07-01,1,168.03,0
388,2025-11-01,1,70.34,0
388,2025-12-01,1,30.49,0
388,2026-02-01,1,33.68,0
388,2026-03-01,2,173.78,0
388,2026-05-01,2,52.76,0
388,2026-07-01,1,25.16,0
389,2024-09-01,1,63.91,0
389,2025-02-01,1,34.99,0
389,2025-04-01,1,139.55,0
389,2025-05-01,1,30.26,0
389,2025-07-01,2,33.34,0
389,2025-08-01,1,39.39,0
389,2025-10-01,1,12.63,0
389,2025-11-01,2,39.31,0
389,2026-02-01,2,98.24,0
389,2026-03-01,1,16.15,0
389,2026-06-01,1,64.14,0
390,2026-06-01,1,30.43,0
391,2025-02-01,1,27.35,0
391,2025-06-01,1,59.42,0
391,2025-11-01,1,9.64,0
391,2026-01-01,2,48.66,0
391,2026-03-01,1,74.0,0
391,2026-04-01,2,211.2,0
391,2026-05-01,1,30.67,0
391,2026-06-01,1,58.36,0
391,2026-07-01,1,60.29,0
392,2026-03-01,1,13.21,0
392,2026-06-01,1,18.98,0
392,2026-07-01,1,34.07,0
393,2026-03-01,1,27.74,0
393,2026-05-01,1,16.26,1
393,2026-06-01,2,317.88,0
394,2025-09-01,1,58.47,0
394,2025-10-01,1,477.76,0
394,2026-01-01,1,26.06,0
394,2026-03-01,1,53.85,0
394,2026-04-01,1,32.41,0
394,2026-05-01,1,200.39,0
394,2026-06-01,1,38.34,0
395,2025-09-01,1,21.64,0
395,2025-10-01,1,66.48,0
395,2025-12-01,4,310.11,0
395,2026-03-01,1,27.05,0
395,2026-06-01,3,124.62,0
395,2026-07-01,2,49.21,0
396,2025-05-01,1,20.67,0
396,2025-09-01,1,36.39,0
396,2026-02-01,1,22.63,0
396,2026-03-01,1,121.88,0
396,2026-05-01,1,18.32,1
396,2026-06-01,1,27.85,0
396,2026-07-01,1,67.97,0
397,2026-07-01,1,35.43,0
398,2026-02-01,3,58.97,0
398,2026-04-01,1,58.89,0
398,2026-05-01,1,21.96,0
398,2026-07-01,1,15.08,0
399,2026-05-01,1,53.34,0
399,2026-07-01,2,161.16000000000003,0
400,2026-01-01,2,210.44,0
400,2026-03-01,3,60.83,0
401,2024-08-01,1,10.11,0
401,2024-10-01,1,46.45,0
401,2024-12-01,1,135.06,0
401,2025-02-01,2,110.11,0
401,2025-03-01,2,101.16999999999999,0
401,2025-04-01,1,66.32,0
401,2025-08-01,1,83.9,0
401,2025-09-01,1,9.53,0
401,2025-10-01,1,15.08,1
401,2025-12-01,1,64.1,0
401,2026-02-01,1,186.83,0
401,2026-06-01,1,36.58,0
401,2026-07-01,1,4.36,0
402,2025-01-01,1,33.51,0
402,2025-02-01,1,16.72,0
402,2025-03-01,1,360.01,0
402,2025-05-01,2,48.239999999999995,0
402,2025-06-01,1,18.3,0
402,2025-07-01,3,241.47,0
402,2025-09-01,2,64.47999999999999,1
402,2026-01-01,1,59.06,0
402,2026-03-01,2,108.42,0
402,2026-05-01,1,35.89,0
403,2025-10-01,1,7.58,0
403,2025-11-01,1,16.64,0
403,2025-12-01,1,100.11,0
403,2026-01-01,1,149.08,0
403,2026-02-01,1,27.53,0
403,2026-03-01,1,9.69,1
403,2026-04-01,1,40.65,0
403,2026-06-01,1,99.41,0
403,2026-07-01,3,84.93,0
404,2024-12-01,1,164.87,0
404,2025-04-01,4,227.26999999999998,0
404,2025-07-01,2,113.34,0
404,2025-10-01,1,23.91,0
404,2025-12-01,2,178.08,0
404,2026-01-01,1,31.18,0
404,2026-02-01,1,41.63,0
404,2026-03-01,1,14.67,0
405,2025-11-01,1,116.32,0
405,2025-12-01,1,33.56,0
405,2026-01-01,1,85.18,0
405,2026-03-01,2,42.81,0
405,2026-04-01,1,9.74,0
405,2026-05-01,1,54.38,0
405,2026-07-01,1,21.66,0
406,2025-06-01,1,11.49,0
406,2025-08-01,2,247.92000000000002,0
406,2025-10-01,1,28.22,0
406,2025-11-01,1,89.65,0
406,2025-12-01,1,59.71,0
406,2026-01-01,1,26.38,0
406,2026-02-01,2,51.17,0
406,2026-03-01,2,51.730000000000004,0
406,2026-04-01,1,75.66,0
407,2025-10-01,1,28.72,0
407,2025-11-01,1,10.43,0
407,2026-01-01,2,91.77000000000001,0
407,2026-02-01,2,37.83,1
407,2026-03-01,3,122.72,0
407,2026-04-01,1,9.28,0
407,2026-06-01,1,39.47,0
408,2026-05-01,1,29.94,0
409,2024-05-01,1,41.07,0
409,2024-06-01,1,33.74,0
409,2024-07-01,1,67.9,0
409,2024-09-01,1,16.04,0
409,2024-12-01,1,32.59,0
409,2025-06-01,1,114.23,0
409,2025-07-01,3,79.37,0
409,2025-09-01,2,37.92,0
409,2025-10-01,1,47.22,0
409,2025-12-01,1,20.83,0
409,2026-01-01,2,34.98,0
409,2026-02-01,1,11.01,0
409,2026-04-01,2,100.38999999999999,0
409,2026-05-01,1,30.12,0
409,2026-06-01,1,38.55,0
411,2026-05-01,1,18.2,0
411,2026-06-01,1,82.18,0
412,2025-12-01,2,107.25,0
412,2026-02-01,1,84.82,0
412,2026-03-01,2,145.32,0
412,2026-04-01,1,115.02,0
412,2026-06-01,1,48.17,0
412,2026-07-01,1,60.78,0
413,2026-07-01,2,366.47,0
415,2026-07-01,1,23.3,0
416,2025-11-01,1,46.12,0
416,2026-01-01,1,38.58,0
416,2026-02-01,1,16.41,0
416,2026-03-01,1,47.35,0
416,2026-04-01,1,26.73,0
416,2026-07-01,1,3.7,0
417,2025-09-01,2,109.39999999999999,0
417,2025-10-01,1,14.57,0
417,2025-11-01,2,62.129999999999995,0
417,2025-12-01,1,5.2,0
417,2026-02-01,3,110.22,0
417,2026-03-01,1,39.3,0
417,2026-04-01,3,230.8,0
417,2026-06-01,1,146.32,0
417,2026-07-01,2,49.85,0
419,2026-01-01,1,22.37,0
419,2026-02-01,1,29.85,0
419,2026-03-01,1,33.66,0
419,2026-04-01,2,62.260000000000005,0
419,2026-05-01,1,12.74,0
419,2026-06-01,3,184.4,1
420,2025-12-01,2,27.63,0
420,2026-01-01,1,80.45,0
420,2026-02-01,1,29.62,1
420,2026-03-01,2,105.83,0
420,2026-04-01,1,19.03,0
420,2026-05-01,1,12.12,0
421,2024-12-01,2,74.47,0
421,2025-01-01,3,136.12,0
421,2025-02-01,1,22.95,0
421,2025-04-01,1,12.18,0
421,2025-05-01,1,52.35,0
421,2025-08-01,2,62.66,0
421,2025-10-01,1,101.1,0
421,2025-11-01,2,55.81999999999999,0
421,2026-02-01,1,99.56,0
421,2026-03-01,2,32.91,0
421,2026-07-01,1,85.94,0
422,2025-11-01,1,38.14,0
422,2025-12-01,1,31.88,0
422,2026-01-01,3,130.3,0
422,2026-03-01,1,83.19,0
422,2026-07-01,1,10.2,0
423,2026-01-01,1,35.33,0
423,2026-02-01,3,89.49,0
423,2026-03-01,3,125.51,1
423,2026-04-01,1,112.28,0
423,2026-05-01,1,45.98,0
423,2026-06-01,1,136.36,0
423,2026-07-01,2,80.64,0
424,2025-06-01,2,18.44,0
424,2025-08-01,1,11.38,0
424,2025-09-01,3,187.49,0
424,2025-11-01,2,69.53,0
424,2026-04-01,1,53.11,0
424,2026-05-01,2,211.38,0
425,2025-10-01,1,38.84,0
425,2026-01-01,2,173.05,0
425,2026-02-01,1,12.03,0
425,2026-04-01,1,6.94,0
425,2026-06-01,1,19.12,0
426,2026-05-01,3,349.13,0
426,2026-06-01,1,33.24,0
426,2026-07-01,2,96.50999999999999,0
427,2025-08-01,1,15.36,0
427,2026-01-01,2,22.05,0
427,2026-02-01,2,193.65,0
427,2026-03-01,1,8.36,0
427,2026-05-01,1,22.76,0
427,2026-06-01,1,45.4,0
428,2025-12-01,1,32.82,0
428,2026-01-01,1,25.72,0
428,2026-03-01,5,280.62,0
428,2026-04-01,1,35.04,0
428,2026-06-01,3,70.2,0
428,2026-07-01,1,59.99,0
430,2026-01-01,1,31.88,0
430,2026-03-01,2,40.120000000000005,0
430,2026-04-01,3,96.34,0
430,2026-06-01,1,17.81,0
430,2026-07-01,2,220.78000000000003,0
432,2026-04-01,1,71.3,0
432,2026-05-01,1,17.95,0
432,2026-06-01,1,218.66,0
432,2026-07-01,1,24.77,0
433,2025-06-01,2,163.07,0
433,2025-07-01,2,191.75,0
433,2025-08-01,2,75.22,0
433,2025-10-01,1,155.16,1
433,2025-11-01,1,22.79,0
433,2025-12-01,1,23.07,0
433,2026-01-01,1,16.48,0
433,2026-02-01,2,66.49,0
433,2026-03-01,1,103.27,0
433,2026-05-01,1,32.99,0
433,2026-06-01,3,346.88,0
435,2025-08-01,1,28.24,1
435,2026-01-01,1,69.05,0
435,2026-02-01,1,30.68,0
435,2026-07-01,2,114.89999999999999,0
437,2025-08-01,2,288.46,0
437,2025-09-01,1,40.2,0
437,2025-10-01,1,7.96,0
437,2025-11-01,1,40.51,0
437,2025-12-01,2,36.56,0
437,2026-02-01,3,136.54,1
437,2026-04-01,2,33.85,0
437,2026-05-01,1,52.25,0
438,2024-12-01,1,124.52,0
438,2025-01-01,1,32.43,0
438,2025-05-01,2,13.77,0
438,2025-08-01,1,36.51,0
438,2025-09-01,3,140.23,0
438,2026-01-01,1,61.0,0
438,2026-05-01,1,18.93,0
440,2026-01-01,1,152.43,1
440,2026-02-01,1,51.71,0
440,2026-04-01,3,218.19,1
440,2026-05-01,1,9.83,0
440,2026-06-01,1,12.77,0
440,2026-07-01,1,7.15,0
441,2026-06-01,1,13.51,0
441,2026-07-01,2,88.44,0
442,2026-04-01,2,86.74000000000001,0
442,2026-05-01,2,58.709999999999994,0
442,2026-06-01,1,48.48,0
443,2026-07-01,1,41.87,0
444,2025-06-01,1,131.78,0
444,2025-10-01,1,7.55,0
444,2025-11-01,1,31.5,0
444,2026-02-01,1,14.86,0
444,2026-03-01,1,4.67,0
444,2026-05-01,1,12.05,0
444,2026-06-01,1,79.11,0
445,2026-02-01,3,70.62,0
445,2026-04-01,1,37.98,0
445,2026-05-01,1,51.91,0
445,2026-06-01,1,18.98,0
446,2025-11-01,3,188.01,1
446,2025-12-01,1,6.71,0
446,2026-01-01,2,106.81,0
446,2026-03-01,1,15.95,1
446,2026-04-01,2,91.1,0
447,2025-11-01,1,7.55,1
447,2025-12-01,1,24.66,0
447,2026-01-01,2,63.089999999999996,0
447,2026-05-01,2,125.26,0
448,2024-11-01,2,50.849999999999994,0
448,2025-01-01,1,12.18,0
448,2025-02-01,1,21.01,0
448,2025-03-01,2,103.52000000000001,0
448,2025-04-01,1,11.3,0
448,2025-05-01,1,34.3,0
448,2025-06-01,2,132.85,0
448,2025-08-01,1,65.96,0
448,2025-09-01,1,15.51,0
448,2025-10-01,1,16.92,0
448,2026-03-01,1,132.12,0
448,2026-04-01,1,5.6,0
448,2026-06-01,1,23.93,0
448,2026-07-01,1,61.76,0
449,2025-11-01,1,299.09,0
449,2025-12-01,1,57.88,0
449,2026-02-01,2,77.25,0
449,2026-05-01,1,15.2,0
449,2026-06-01,2,90.78,1
450,2026-05-01,1,59.99,0
450,2026-06-01,1,36.12,0
450,2026-07-01,1,221.54,0
451,2024-05-01,1,14.38,0
451,2024-07-01,2,86.89,0
451,2024-08-01,1,17.38,0
451,2024-10-01,1,41.59,0
451,2024-11-01,2,53.760000000000005,0
451,2025-01-01,1,81.0,0
451,2025-02-01,1,12.57,0
451,2025-03-01,1,9.63,0
451,2025-05-01,2,96.33000000000001,0
451,2025-08-01,2,66.58,0
451,2025-09-01,1,9.89,0
451,2025-10-01,2,38.089999999999996,0
451,2026-02-01,1,148.36,0
451,2026-04-01,2,56.38,1
451,2026-05-01,1,62.93,0
451,2026-07-01,1,4.72,0
452,2025-03-01,1,11.56,0
452,2025-05-01,2,28.700000000000003,0
452,2025-06-01,2,81.9,0
452,2025-07-01,1,52.54,0
452,2025-08-01,1,46.12,1
452,2025-09-01,1,10.11,0
452,2025-10-01,1,18.99,0
452,2026-01-01,3,229.23000000000002,0
452,2026-02-01,1,117.04,0
452,2026-05-01,3,200.75,0
453,2025-08-01,1,47.46,0
453,2025-09-01,1,171.53,0
453,2025-10-01,1,229.93,0
453,2025-11-01,1,15.12,1
453,2025-12-01,1,81.97,0
453,2026-01-01,1,65.66,0
453,2026-03-01,1,103.73,0
453,2026-04-01,1,84.22,0
453,2026-06-01,3,159.10999999999999,1
455,2025-04-01,1,131.84,0
455,2025-11-01,1,57.04,0
455,2026-05-01,1,63.99,0
455,2026-07-01,1,34.74,0
456,2025-04-01,1,16.6,0
456,2025-05-01,2,85.07,0
456,2025-07-01,1,8.12,0
456,2025-08-01,1,26.59,0
456,2025-09-01,1,15.06,0
456,2025-11-01,1,65.26,1
456,2026-03-01,1,16.5,0
456,2026-04-01,1,22.64,0
456,2026-07-01,2,50.64,1
457,2026-03-01,1,44.7,0
457,2026-04-01,4,371.24,0
457,2026-07-01,1,27.66,0
458,2025-03-01,3,118.09,0
458,2025-05-01,1,17.37,0
458,2025-07-01,1,116.07,0
458,2025-08-01,2,189.92999999999998,0
458,2025-09-01,2,277.09000000000003,0
458,2025-12-01,2,82.64,0
458,2026-01-01,2,28.130000000000003,0
458,2026-02-01,1,148.86,0
458,2026-06-01,1,5.51,0
459,2025-10-01,3,39.129999999999995,0
459,2025-12-01,1,33.02,0
459,2026-02-01,1,37.1,0
459,2026-03-01,4,69.84,0
459,2026-04-01,1,38.65,0
459,2026-05-01,2,86.57,0
459,2026-06-01,2,44.03,0
460,2026-05-01,1,83.56,0
460,2026-06-01,2,33.38,0
460,2026-07-01,1,28.51,0
461,2025-09-01,1,52.87,0
461,2025-10-01,1,14.26,1
461,2026-01-01,1,38.47,0
461,2026-03-01,1,57.09,0
461,2026-04-01,1,41.26,0
461,2026-06-01,2,100.15,1
461,2026-07-01,2,41.129999999999995,0
462,2026-05-01,1,112.47,1
463,2025-05-01,3,310.40999999999997,0
463,2025-07-01,1,54.63,0
463,2025-08-01,1,8.01,0
463,2025-09-01,1,58.74,0
463,2025-11-01,1,46.79,0
463,2025-12-01,1,324.53,0
463,2026-03-01,1,30.41,0
463,2026-04-01,1,8.53,0
463,2026-05-01,1,20.19,0
463,2026-06-01,1,38.04,0
463,2026-07-01,2,121.83,0
464,2025-08-01,1,54.64,0
464,2025-10-01,1,14.27,0
464,2025-11-01,1,36.43,0
464,2025-12-01,1,20.41,0
464,2026-01-01,1,48.94,0
464,2026-03-01,2,122.6,0
465,2026-07-01,1,18.55,0
466,2024-10-01,2,181.66,0
466,2024-11-01,1,123.75,0
466,2025-01-01,2,45.9,0
466,2025-02-01,2,31.33,0
466,2025-03-01,1,45.69,0
466,2025-04-01,2,69.74000000000001,0
466,2025-06-01,1,56.41,0
466,2025-08-01,1,6.12,0
466,2025-09-01,3,151.95,0
466,2025-11-01,1,24.13,0
466,2025-12-01,1,40.09,0
466,2026-04-01,1,32.89,0
466,2026-05-01,1,58.11,0
466,2026-06-01,1,8.59,0
467,2026-04-01,1,29.25,0
467,2026-05-01,2,30.650000000000002,0
467,2026-06-01,1,54.41,0
468,2025-05-01,2,107.72,1
468,2025-09-01,1,114.51,0
468,2025-11-01,1,29.79,0
468,2026-01-01,2,116.75,0
468,2026-02-01,1,45.5,0
468,2026-05-01,2,24.169999999999998,1
468,2026-06-01,1,34.2,0
468,2026-07-01,1,3.78,0
469,2026-03-01,3,117.15,0
469,2026-06-01,5,205.42,0
469,2026-07-01,1,9.91,0
470,2024-06-01,3,123.91000000000003,0
470,2024-08-01,2,150.46,0
470,2024-09-01,1,50.69,0
470,2024-10-01,1,49.36,0
470,2024-12-01,1,121.67,0
470,2025-01-01,2,214.68,0
470,2025-02-01,1,56.31,0
470,2025-03-01,1,77.97,0
470,2025-04-01,2,111.46000000000001,0
470,2025-05-01,1,26.66,0
470,2025-08-01,4,324.59,0
470,2025-09-01,2,133.86,0
470,2025-10-01,2,35.83,0
470,2025-11-01,1,31.23,0
470,2026-01-01,2,131.72,0
470,2026-03-01,2,57.58,1
470,2026-05-01,2,21.89,0
470,2026-07-01,2,113.54,0
471,2025-07-01,1,57.06,0
471,2025-08-01,1,31.91,0
471,2025-10-01,1,29.95,0
471,2025-11-01,3,107.44,0
471,2025-12-01,3,99.28,0
471,2026-01-01,2,173.25,0
471,2026-07-01,3,285.62,0
472,2025-03-01,3,185.53,0
472,2025-04-01,1,222.37,0
472,2025-07-01,1,54.77,0
472,2025-08-01,1,73.06,0
472,2025-11-01,1,6.3,0
472,2025-12-01,2,187.45,0
472,2026-03-01,2,50.35,0
472,2026-04-01,1,45.68,0
472,2026-05-01,1,26.0,0
472,2026-06-01,1,27.25,0
472,2026-07-01,2,239.76999999999998,0
473,2025-08-01,3,78.43,0
473,2025-10-01,3,218.13,0
473,2025-12-01,1,14.31,0
473,2026-01-01,1,17.29,0
473,2026-04-01,1,97.84,0
473,2026-05-01,2,203.39,1
473,2026-06-01,2,105.19,0
473,2026-07-01,2,110.28,0
474,2025-08-01,2,59.28,0
474,2025-10-01,2,147.87,0
474,2025-12-01,1,43.31,0
474,2026-02-01,1,23.59,0
474,2026-03-01,1,15.49,0
474,2026-05-01,1,71.32,0
474,2026-06-01,1,82.78,0
474,2026-07-01,1,27.12,0
475,2025-07-01,1,56.64,0
475,2025-08-01,1,12.16,0
475,2025-09-01,1,23.02,0
475,2025-10-01,3,86.49000000000001,1
475,2025-11-01,1,224.68,1
475,2026-02-01,1,15.89,0
475,2026-06-01,2,53.66,0
476,2025-03-01,1,32.46,0
476,2025-05-01,1,52.13,0
476,2025-07-01,1,100.42,0
476,2025-11-01,1,32.56,0
476,2025-12-01,2,123.95,0
476,2026-03-01,1,42.41,0
476,2026-06-01,1,70.79,0
477,2024-07-01,2,57.76,0
477,2024-09-01,3,86.46000000000001,0
477,2024-11-01,1,40.41,0
477,2024-12-01,1,24.43,0
477,2025-02-01,2,84.17999999999999,0
477,2025-04-01,1,88.96,0
477,2025-06-01,1,13.31,0
477,2025-10-01,2,137.9,0
477,2025-12-01,2,35.13,0
477,2026-01-01,1,17.89,0
477,2026-02-01,2,146.44,0
477,2026-04-01,2,70.86,0
477,2026-05-01,2,108.63000000000001,0
477,2026-06-01,1,20.02,0
477,2026-07-01,1,13.66,0
478,2026-07-01,1,41.02,0
479,2025-02-01,1,14.38,0
479,2025-04-01,1,24.67,0
479,2025-07-01,2,59.45,0
479,2025-10-01,2,110.68,0
479,2025-11-01,1,6.34,0
479,2026-02-01,2,128.91,0
479,2026-03-01,1,133.94,0
479,2026-07-01,1,25.39,0
480,2026-04-01,2,42.31,1
480,2026-05-01,1,21.09,0
481,2026-03-01,2,21.1,0
481,2026-05-01,1,18.54,0
482,2024-10-01,2,80.96000000000001,0
482,2024-11-01,1,58.07,0
482,2024-12-01,2,31.59,0
482,2025-01-01,1,102.53,0
482,2025-03-01,1,32.93,0
482,2025-05-01,1,30.6,0
482,2025-06-01,1,153.38,0
482,2025-08-01,2,54.07,0
482,2025-09-01,1,89.04,0
482,2025-10-01,2,72.37,0
482,2026-02-01,1,20.38,0
482,2026-04-01,1,36.83,0
482,2026-05-01,1,21.17,0
483,2026-02-01,1,17.88,0
483,2026-04-01,2,121.47,0
483,2026-06-01,3,139.78,0
484,2025-01-01,1,31.94,0
484,2025-02-01,1,83.16,0
484,2025-03-01,1,42.78,0
484,2025-05-01,1,10.97,0
484,2025-07-01,1,45.11,0
484,2025-08-01,1,35.43,0
484,2025-09-01,2,51.8,0
484,2025-11-01,2,30.92,0
484,2025-12-01,2,62.4,0
484,2026-01-01,2,98.8,0
484,2026-06-01,1,40.8,0
485,2026-05-01,2,64.2,0
485,2026-06-01,1,66.21,0
485,2026-07-01,2,135.26,0
486,2026-04-01,2,141.9,0
486,2026-05-01,1,74.47,0
486,2026-06-01,1,32.72,0
487,2025-10-01,1,59.44,0
487,2025-11-01,1,41.41,0
487,2025-12-01,2,111.28,0
487,2026-01-01,1,55.65,0
487,2026-04-01,2,170.61,0
487,2026-07-01,2,63.36,0
488,2025-08-01,3,111.08,1
488,2025-09-01,1,16.78,0
488,2025-10-01,1,30.22,1
488,2025-11-01,1,55.88,0
488,2026-02-01,2,220.92999999999998,0
488,2026-04-01,1,18.76,0
488,2026-06-01,1,65.47,0
489,2025-03-01,2,25.84,0
489,2025-06-01,2,106.82,0
489,2025-07-01,1,47.76,0
489,2025-10-01,2,61.85,0
489,2025-11-01,2,106.28,0
489,2026-01-01,3,55.96,0
489,2026-05-01,1,34.19,0
490,2025-07-01,1,88.75,0
490,2025-08-01,1,10.56,0
490,2025-09-01,1,83.76,0
490,2025-10-01,1,4.46,0
490,2025-12-01,2,204.82,0
490,2026-04-01,1,13.77,0
490,2026-07-01,2,41.96,0
491,2025-01-01,1,13.35,0
491,2025-02-01,1,18.27,0
491,2025-05-01,2,97.13,1
491,2025-07-01,1,49.31,0
491,2025-08-01,1,63.43,0
491,2025-10-01,2,32.31,0
491,2025-11-01,1,9.8,0
491,2026-02-01,3,76.02,0
491,2026-05-01,1,80.64,0
492,2024-06-01,1,15.96,0
492,2024-07-01,2,108.35,0
492,2024-08-01,1,10.63,1
492,2024-09-01,1,14.73,0
492,2024-11-01,1,60.24,0
492,2025-02-01,1,14.02,0
492,2025-03-01,1,57.78,0
492,2025-04-01,1,32.16,1
492,2025-08-01,2,19.75,0
492,2025-10-01,1,7.06,0
492,2025-12-01,1,15.52,0
492,2026-01-01,1,33.22,0
492,2026-02-01,1,38.5,0
492,2026-03-01,1,3.0,0
492,2026-04-01,1,18.04,0
492,2026-05-01,2,51.26,0
492,2026-06-01,1,11.07,0
492,2026-07-01,1,53.9,0
493,2025-01-01,1,5.88,0
493,2025-02-01,1,4.81,0
493,2025-03-01,1,28.14,0
493,2025-05-01,2,61.34,1
493,2025-06-01,1,63.24,0
493,2025-07-01,1,7.01,0
493,2025-11-01,2,132.98,0
493,2026-02-01,1,110.63,0
493,2026-03-01,1,24.37,0
494,2025-11-01,1,177.33,0
494,2025-12-01,2,103.86,0
494,2026-05-01,1,21.59,0
494,2026-06-01,1,19.32,0
494,2026-07-01,2,202.70000000000002,0
495,2026-01-01,1,102.07,0
495,2026-04-01,1,76.92,0
496,2026-05-01,2,133.17,0
496,2026-06-01,1,44.73,0
496,2026-07-01,2,101.61,1
497,2026-05-01,2,72.9,1
497,2026-06-01,1,23.75,0
497,2026-07-01,2,231.64,0
498,2026-06-01,4,218.81,0
498,2026-07-01,2,113.27000000000001,0
499,2024-05-01,2,132.05,0
499,2024-06-01,1,66.9,0
499,2024-07-01,1,10.03,0
499,2024-09-01,1,10.62,0
499,2024-10-01,1,17.67,0
499,2024-11-01,1,128.5,0
499,2025-03-01,2,161.26,0
499,2025-04-01,1,62.93,0
499,2025-05-01,2,60.59,0
499,2025-07-01,1,51.24,0
499,2025-08-01,1,46.2,1
499,2025-09-01,1,16.3,0
499,2025-10-01,3,146.98,0
499,2026-01-01,1,3.0,0
499,2026-02-01,1,13.31,0
499,2026-03-01,1,72.28,0
499,2026-07-01,2,104.61,0
500,2025-12-01,1,25.23,0
500,2026-02-01,2,24.29,0
500,2026-04-01,1,64.54,0
500,2026-05-01,2,49.010000000000005,0
500,2026-07-01,1,35.15,0
501,2026-06-01,1,15.87,0
502,2025-03-01,2,119.91999999999999,0
502,2025-04-01,1,82.48,0
502,2025-06-01,1,38.65,0
502,2025-07-01,1,24.94,0
502,2025-08-01,1,87.27,0
502,2025-09-01,1,34.35,0
502,2025-10-01,1,94.63,0
502,2025-11-01,2,46.849999999999994,0
502,2025-12-01,1,18.2,0
502,2026-01-01,1,27.23,0
502,2026-03-01,1,24.7,0
502,2026-04-01,1,63.6,0
502,2026-05-01,1,27.25,0
502,2026-06-01,4,262.54,0
503,2025-08-01,1,29.51,0
503,2025-09-01,3,104.78,0
503,2025-10-01,2,111.77000000000001,0
503,2025-11-01,2,184.10999999999999,0
503,2026-03-01,1,5.77,0
503,2026-04-01,1,18.65,0
503,2026-05-01,2,45.95,0
503,2026-06-01,1,37.94,0
504,2025-06-01,1,19.85,0
504,2025-07-01,1,54.63,0
504,2025-11-01,2,63.82,0
504,2025-12-01,1,85.46,0
504,2026-01-01,2,41.66,0
504,2026-04-01,2,116.76,1
504,2026-05-01,1,62.32,0
505,2026-01-01,2,185.07,0
505,2026-02-01,1,44.57,0
505,2026-03-01,1,9.23,0
505,2026-04-01,1,133.24,1
505,2026-05-01,1,104.04,0
505,2026-06-01,1,47.27,0
505,2026-07-01,1,110.07,0
506,2025-12-01,1,43.54,0
506,2026-02-01,1,8.7,0
506,2026-03-01,1,60.75,0
506,2026-04-01,1,6.52,0
506,2026-05-01,2,47.989999999999995,0
506,2026-06-01,1,20.02,1
506,2026-07-01,2,81.41,1
507,2026-01-01,2,65.63,0
508,2026-02-01,1,41.5,0
508,2026-04-01,1,82.75,0
508,2026-05-01,1,54.44,0
508,2026-07-01,1,17.94,0
509,2026-04-01,2,33.33,0
509,2026-05-01,2,78.01,0
509,2026-06-01,1,46.57,0
509,2026-07-01,2,181.07999999999998,0
510,2026-01-01,1,8.41,0
510,2026-02-01,1,17.5,0
510,2026-03-01,1,59.08,0
510,2026-04-01,1,11.32,0
510,2026-07-01,1,24.68,0
511,2025-02-01,1,23.46,0
511,2025-03-01,2,165.59,0
511,2025-05-01,2,83.91,0
511,2025-06-01,1,18.81,0
511,2025-08-01,3,99.47,0
511,2025-09-01,2,32.74,0
511,2026-04-01,1,9.05,0
512,2025-03-01,1,59.68,0
512,2025-04-01,1,10.73,0
512,2025-05-01,1,28.28,0
512,2025-08-01,2,123.21,0
512,2025-12-01,2,61.010000000000005,0
512,2026-02-01,1,56.22,0
512,2026-03-01,1,41.84,0
512,2026-04-01,1,21.01,1
512,2026-06-01,1,88.61,0
513,2025-08-01,1,37.81,0
513,2025-10-01,2,40.71,0
513,2025-12-01,2,96.89,0
513,2026-01-01,1,12.94,0
513,2026-02-01,1,44.35,0
513,2026-03-01,2,87.78999999999999,1
513,2026-05-01,3,182.76,0
513,2026-06-01,1,106.66,0
514,2025-04-01,2,67.68,0
514,2025-05-01,1,70.18,0
514,2025-07-01,1,20.49,0
514,2025-08-01,1,32.38,0
514,2025-09-01,2,202.57999999999998,0
514,2025-11-01,1,23.93,0
514,2025-12-01,1,367.86,0
514,2026-01-01,1,23.48,0
514,2026-02-01,1,164.04,0
514,2026-04-01,2,83.43,0
514,2026-05-01,2,109.4,0
514,2026-07-01,1,118.71,0
515,2024-08-01,3,75.5,0
515,2024-09-01,1,72.46,0
515,2025-02-01,1,68.74,0
515,2025-04-01,2,199.37,0
515,2025-06-01,1,55.74,0
515,2025-09-01,1,164.52,0
515,2025-10-01,3,183.4,0
515,2025-11-01,1,16.96,0
515,2025-12-01,1,9.69,0
515,2026-01-01,1,15.91,0
515,2026-04-01,1,22.2,0
515,2026-05-01,2,179.34,0
517,2026-05-01,1,123.92,1
517,2026-06-01,1,6.8,0
517,2026-07-01,1,38.86,0
518,2026-05-01,1,16.28,1
519,2025-10-01,1,25.99,0
519,2026-01-01,1,63.29,0
519,2026-03-01,2,45.81,1
520,2025-06-01,1,55.13,0
520,2025-09-01,1,19.37,0
520,2026-01-01,2,26.409999999999997,0
520,2026-02-01,1,110.79,0
520,2026-03-01,1,52.13,1
520,2026-04-01,1,59.27,0
520,2026-05-01,2,131.3,0
520,2026-07-01,1,40.21,0
521,2026-05-01,3,77.63,0
521,2026-06-01,1,38.24,0
521,2026-07-01,2,101.9,0
522,2026-05-01,1,11.58,0
522,2026-07-01,1,30.64,0
523,2026-03-01,3,103.05,0
523,2026-07-01,1,56.57,0
524,2025-07-01,1,10.44,0
524,2025-10-01,2,49.89,1
524,2025-11-01,1,38.15,0
524,2025-12-01,1,5.18,0
524,2026-02-01,1,75.43,0
524,2026-06-01,1,13.98,0
525,2026-04-01,2,94.44,0
525,2026-05-01,1,50.04,0
526,2026-05-01,3,159.85999999999999,0
526,2026-07-01,2,26.25,0
527,2026-05-01,4,252.67000000000002,0
527,2026-06-01,3,144.47,0
527,2026-07-01,1,46.55,0
528,2026-06-01,1,16.63,0
528,2026-07-01,1,26.18,0
529,2024-11-01,1,45.73,0
529,2025-03-01,1,16.0,0
529,2025-04-01,2,188.26,0
529,2025-05-01,1,166.72,0
529,2025-07-01,1,6.4,0
529,2025-11-01,2,163.80999999999997,0
529,2026-02-01,1,25.11,0
529,2026-05-01,1,39.44,0
530,2024-07-01,1,93.79,0
530,2024-10-01,1,20.51,0
530,2025-05-01,1,55.41,0
530,2025-08-01,1,13.62,0
530,2025-09-01,1,44.9,0
530,2025-10-01,3,218.06,0
530,2025-11-01,2,128.84,0
530,2025-12-01,1,58.39,1
530,2026-06-01,1,68.47,0
531,2025-07-01,3,249.87,1
531,2025-08-01,1,92.61,0
531,2026-01-01,1,63.22,0
531,2026-03-01,1,47.22,0
531,2026-04-01,1,51.24,0
531,2026-05-01,1,10.64,0
532,2026-05-01,2,112.39999999999999,0
533,2026-04-01,1,31.58,0
533,2026-05-01,1,10.96,0
533,2026-06-01,1,166.16,0
534,2026-04-01,1,52.46,0
535,2025-11-01,2,26.159999999999997,0
535,2025-12-01,1,22.27,0
535,2026-01-01,1,156.24,0
535,2026-02-01,1,8.07,0
535,2026-04-01,1,6.45,0
535,2026-05-01,2,150.72,0
535,2026-06-01,1,14.87,0
535,2026-07-01,2,145.55,0
536,2026-04-01,1,34.04,0
537,2025-11-01,1,97.3,0
537,2026-01-01,1,48.89,0
537,2026-06-01,1,202.91,0
538,2026-05-01,1,10.1,0
539,2025-10-01,1,35.54,0
539,2025-12-01,1,59.42,0
539,2026-02-01,2,108.86,0
539,2026-04-01,1,91.48,1
539,2026-06-01,1,66.12,0
541,2025-06-01,2,62.980000000000004,0
541,2025-08-01,2,976.3100000000001,0
541,2025-11-01,1,9.62,0
541,2025-12-01,2,52.239999999999995,0
541,2026-03-01,2,73.57,0
541,2026-05-01,1,48.09,0
542,2026-06-01,1,32.04,0
543,2026-06-01,1,87.35,0
543,2026-07-01,1,79.36,0
544,2026-07-01,1,40.1,0
545,2024-09-01,1,12.5,0
545,2024-10-01,2,168.42000000000002,0
545,2024-11-01,1,32.32,0
545,2024-12-01,3,83.1,0
545,2025-01-01,1,60.35,0
545,2025-04-01,1,44.62,0
545,2025-10-01,1,28.71,0
545,2025-11-01,2,71.56,0
545,2025-12-01,2,87.63,0
545,2026-05-01,1,7.45,0
545,2026-06-01,1,47.62,0
545,2026-07-01,2,69.16,0
547,2026-05-01,4,116.29,0
547,2026-06-01,4,188.63,0
547,2026-07-01,3,40.66,0
548,2025-07-01,1,54.71,0
548,2025-11-01,1,27.47,0
548,2026-02-01,1,16.99,0
548,2026-03-01,1,91.3,0
548,2026-04-01,1,25.89,0
548,2026-06-01,1,13.56,0
548,2026-07-01,1,10.94,0
549,2025-05-01,1,53.87,0
549,2025-11-01,1,8.31,0
549,2026-04-01,1,5.77,0
550,2025-10-01,1,15.61,0
550,2025-12-01,1,26.73,0
550,2026-02-01,1,14.0,0
550,2026-03-01,3,118.49,0
550,2026-04-01,1,45.63,0
550,2026-05-01,1,36.42,1
550,2026-06-01,1,18.82,0
551,2024-12-01,1,36.34,0
551,2025-01-01,1,22.6,0
551,2025-02-01,1,14.79,0
551,2025-04-01,1,15.27,0
551,2025-05-01,1,38.57,0
551,2025-07-01,1,19.47,0
551,2025-09-01,1,49.09,0
551,2025-10-01,3,77.66,0
551,2025-11-01,1,33.93,0
551,2026-01-01,2,68.81,0
551,2026-04-01,1,102.34,0
551,2026-06-01,1,90.48,0
552,2025-12-01,1,20.3,0
552,2026-02-01,1,32.86,0
552,2026-05-01,1,11.41,0
553,2024-11-01,2,48.87,0
553,2025-02-01,1,4.57,0
553,2025-04-01,1,49.44,0
553,2025-05-01,1,19.32,0
553,2025-07-01,1,15.05,1
553,2025-08-01,1,7.67,0
553,2025-10-01,1,25.48,0
553,2025-11-01,1,58.49,0
553,2026-01-01,1,98.48,0
553,2026-03-01,1,7.08,0
553,2026-07-01,2,52.93,0
554,2026-01-01,1,124.14,0
554,2026-03-01,1,21.77,0
554,2026-04-01,2,54.69,0
554,2026-07-01,1,6.68,1
555,2025-01-01,1,32.47,0
555,2025-02-01,2,45.04,0
555,2025-03-01,2,57.690000000000005,0
555,2025-05-01,3,154.98000000000002,0
555,2025-08-01,1,35.22,0
555,2026-02-01,2,107.71,0
555,2026-04-01,1,85.27,0
555,2026-05-01,2,51.67,0
555,2026-06-01,1,72.55,0
556,2026-05-01,4,78.55,0
556,2026-06-01,2,92.14,0
556,2026-07-01,1,43.45,0
557,2025-10-01,1,81.25,0
557,2025-12-01,2,95.27000000000001,0
557,2026-03-01,1,46.0,0
557,2026-05-01,1,174.65,0
557,2026-07-01,1,44.13,0
558,2025-07-01,3,195.61,0
558,2025-08-01,2,260.5,0
558,2025-09-01,2,169.66,0
558,2025-10-01,1,16.04,0
558,2025-11-01,1,28.04,0
558,2025-12-01,2,97.03999999999999,0
558,2026-01-01,1,53.75,0
558,2026-02-01,1,372.81,0
558,2026-07-01,1,93.99,0
559,2025-02-01,1,27.31,0
559,2025-03-01,2,152.0,0
559,2025-06-01,1,74.64,0
559,2025-07-01,1,34.11,1
559,2025-09-01,2,493.42,0
559,2025-10-01,1,17.74,0
559,2026-01-01,1,130.44,0
559,2026-05-01,1,37.99,0
559,2026-06-01,1,86.94,0
560,2025-12-01,2,170.84,0
560,2026-05-01,2,16.849999999999998,0
560,2026-06-01,1,186.65,0
560,2026-07-01,1,25.52,0
561,2025-08-01,1,28.6,0
561,2025-11-01,1,73.43,0
561,2025-12-01,2,58.45,0
561,2026-01-01,1,27.47,0
561,2026-04-01,1,88.86,0
561,2026-07-01,2,294.84000000000003,0
562,2026-06-01,1,15.51,0
563,2025-10-01,1,25.73,0
563,2025-12-01,1,244.24,0
563,2026-02-01,1,57.2,0
563,2026-04-01,1,27.9,0
563,2026-05-01,1,16.4,0
563,2026-06-01,3,148.87,0
563,2026-07-01,1,23.71,0
564,2026-04-01,1,81.96,0
564,2026-05-01,1,15.2,0
564,2026-06-01,2,51.24,0
564,2026-07-01,1,38.86,0
565,2025-02-01,2,139.84,0
565,2025-03-01,2,80.53,0
565,2025-05-01,1,7.8,0
565,2025-08-01,1,151.47,0
565,2025-11-01,2,44.35,0
565,2025-12-01,1,30.22,0
565,2026-03-01,2,175.0,0
565,2026-05-01,1,109.44,0
565,2026-06-01,1,34.08,0
566,2026-06-01,2,50.099999999999994,0
566,2026-07-01,4,243.2,0
567,2026-02-01,5,212.20999999999998,0
567,2026-03-01,1,33.35,0
567,2026-04-01,2,110.55999999999999,0
567,2026-06-01,1,6.42,0
568,2026-05-01,2,146.5,0
569,2025-04-01,1,11.18,0
569,2025-05-01,1,82.07,0
569,2025-08-01,1,55.48,0
569,2025-12-01,1,192.96,1
569,2026-06-01,1,8.52,0
570,2025-10-01,2,55.839999999999996,0
570,2025-11-01,1,29.28,0
570,2025-12-01,1,20.54,0
570,2026-02-01,2,67.64,0
570,2026-03-01,1,25.93,0
570,2026-05-01,2,153.09,0
570,2026-06-01,1,37.39,0
571,2024-12-01,1,89.45,0
571,2025-01-01,1,36.16,0
571,2025-03-01,1,21.78,0
571,2025-05-01,1,7.27,0
571,2025-07-01,1,129.79,0
571,2025-08-01,2,126.78999999999999,0
571,2025-11-01,1,76.82,0
571,2025-12-01,3,167.82999999999998,0
571,2026-02-01,1,16.06,0
571,2026-04-01,1,35.85,0
571,2026-06-01,2,291.05,0
571,2026-07-01,1,15.87,0
572,2025-12-01,2,394.79999999999995,0
572,2026-02-01,1,139.93,0
572,2026-05-01,2,89.56,0
572,2026-06-01,2,56.11,0
572,2026-07-01,2,31.4,0
573,2026-02-01,1,17.02,0
573,2026-03-01,1,46.17,0
573,2026-05-01,1,3.62,0
576,2026-05-01,2,146.58,0
577,2024-09-01,1,106.21,0
577,2024-11-01,1,133.28,0
577,2024-12-01,2,152.47,0
577,2025-01-01,1,66.74,0
577,2025-03-01,1,81.57,0
577,2025-04-01,1,30.61,0
577,2025-08-01,1,88.18,0
577,2025-09-01,4,122.65,1
577,2025-12-01,1,26.24,0
577,2026-01-01,1,54.55,0
577,2026-02-01,1,6.22,0
577,2026-03-01,1,162.6,0
577,2026-05-01,1,3.79,0
577,2026-06-01,1,41.84,0
577,2026-07-01,1,40.18,0
578,2025-08-01,1,52.0,0
578,2025-12-01,1,16.45,0
578,2026-01-01,2,140.73,0
578,2026-02-01,2,86.59,0
578,2026-03-01,1,83.76,0
578,2026-05-01,2,170.89,0
578,2026-07-01,1,10.05,0
579,2025-04-01,1,8.93,0
579,2025-06-01,1,17.94,0
579,2025-10-01,3,53.48,0
579,2025-11-01,1,172.38,0
579,2026-01-01,1,9.96,0
579,2026-03-01,1,9.02,0
579,2026-04-01,2,552.68,0
579,2026-06-01,1,15.26,0
580,2026-07-01,1,63.49,0
581,2026-06-01,2,14.59,0
581,2026-07-01,1,50.99,1
582,2025-03-01,1,39.86,0
582,2025-04-01,1,15.06,0
582,2025-07-01,1,28.24,0
582,2025-08-01,2,63.69,0
582,2025-09-01,1,14.63,0
582,2025-10-01,2,49.47,0
582,2025-11-01,1,93.9,0
582,2025-12-01,1,47.36,0
582,2026-07-01,2,39.23,0
583,2026-06-01,1,103.1,0
583,2026-07-01,1,18.12,1
584,2026-07-01,1,21.38,0
585,2025-09-01,1,53.36,0
585,2026-06-01,2,58.290000000000006,0
586,2024-06-01,1,65.01,0
586,2024-09-01,1,40.38,0
586,2024-12-01,1,56.27,0
586,2025-04-01,2,80.93,0
586,2025-05-01,1,249.14,0
586,2025-08-01,2,36.72,0
586,2025-09-01,1,154.96,0
586,2025-10-01,2,62.8,0
586,2026-01-01,1,46.52,0
586,2026-02-01,1,8.94,0
586,2026-03-01,3,48.84,0
586,2026-04-01,1,89.28,0
586,2026-05-01,1,58.56,0
586,2026-06-01,1,5.66,0
587,2025-05-01,1,19.89,0
587,2025-10-01,1,170.81,0
587,2026-02-01,1,35.55,0
587,2026-03-01,1,49.32,0
587,2026-05-01,3,236.82,0
587,2026-06-01,1,132.12,0
587,2026-07-01,1,67.83,1
588,2026-06-01,1,54.58,0
589,2025-10-01,2,25.990000000000002,0
589,2026-03-01,1,78.18,0
589,2026-04-01,3,91.21000000000001,0
590,2025-01-01,1,40.32,0
590,2025-02-01,1,56.6,1
590,2025-03-01,1,19.79,0
590,2025-06-01,2,81.35000000000001,0
590,2025-07-01,1,102.87,0
590,2025-08-01,2,111.13,0
590,2025-10-01,2,48.04,0
590,2025-11-01,1,9.67,0
590,2025-12-01,1,10.52,0
590,2026-04-01,1,11.06,0
590,2026-06-01,1,32.36,0
591,2024-09-01,1,145.62,0
591,2025-06-01,1,57.63,1
591,2025-08-01,1,21.45,0
591,2025-10-01,1,7.97,0
591,2025-11-01,1,152.11,0
591,2025-12-01,1,24.38,0
591,2026-04-01,2,42.239999999999995,0
591,2026-05-01,1,55.2,0
591,2026-07-01,3,116.31,0
592,2025-08-01,1,42.59,0
592,2025-09-01,2,97.89,0
592,2026-01-01,1,65.14,0
592,2026-03-01,2,87.38,1
592,2026-04-01,2,30.58,0
592,2026-05-01,4,126.5,0
592,2026-06-01,1,77.2,0
593,2026-04-01,1,23.92,0
594,2024-05-01,3,126.23,0
594,2024-08-01,1,47.23,0
594,2024-10-01,1,16.95,0
594,2024-11-01,1,62.57,0
594,2025-03-01,1,9.54,0
594,2025-04-01,1,53.25,0
594,2025-05-01,1,51.07,0
594,2025-06-01,1,29.92,0
594,2025-08-01,1,10.26,0
594,2025-09-01,1,84.39,0
594,2025-11-01,2,81.15,0
594,2026-01-01,1,28.73,0
594,2026-05-01,1,54.8,0
594,2026-06-01,2,62.96,0
595,2026-04-01,1,62.3,0
595,2026-05-01,4,216.95,0
595,2026-06-01,1,13.57,0
596,2024-11-01,1,25.67,0
596,2024-12-01,1,35.95,0
596,2025-02-01,2,117.99,0
596,2025-05-01,1,15.1,0
596,2025-07-01,1,11.33,0
596,2025-08-01,1,4.66,0
596,2025-11-01,2,53.9,0
596,2026-03-01,1,72.74,0
596,2026-04-01,1,44.76,0
596,2026-05-01,1,13.82,0
596,2026-07-01,1,65.57,0
597,2025-04-01,1,50.51,0
597,2025-05-01,2,47.34,0
597,2025-08-01,1,93.19,0
597,2025-10-01,1,51.34,0
597,2025-12-01,1,119.26,0
597,2026-02-01,1,11.25,0
597,2026-05-01,1,26.01,0
597,2026-06-01,1,66.11,0
597,2026-07-01,1,27.98,0
598,2025-04-01,2,38.76,0
598,2025-05-01,1,55.56,0
598,2025-08-01,1,34.29,0
598,2025-10-01,1,92.36,0
598,2026-02-01,1,142.18,0
598,2026-03-01,1,120.32,0
598,2026-06-01,1,54.46,0
599,2025-09-01,1,82.64,0
599,2025-11-01,1,106.81,0
599,2025-12-01,3,103.94999999999999,0
599,2026-01-01,1,65.2,0
599,2026-03-01,1,56.6,0
599,2026-05-01,1,101.79,0
600,2026-05-01,2,72.04,0
600,2026-06-01,3,226.97,0
601,2025-06-01,1,45.09,0
601,2025-11-01,1,89.97,0
601,2025-12-01,1,11.45,0
601,2026-01-01,1,22.05,0
601,2026-04-01,3,134.3,0
601,2026-05-01,1,101.56,0
601,2026-07-01,1,27.88,0
602,2024-12-01,1,57.59,1
602,2025-01-01,1,21.04,0
602,2025-03-01,2,129.42000000000002,0
602,2025-05-01,2,139.01999999999998,0
602,2025-09-01,1,11.15,0
602,2025-10-01,3,77.04,0
602,2026-01-01,2,185.46,1
602,2026-02-01,1,40.14,0
602,2026-03-01,1,71.63,0
602,2026-06-01,1,11.4,0
603,2025-07-01,3,51.85,0
603,2025-08-01,1,8.49,0
603,2025-09-01,1,129.89,0
603,2026-02-01,1,45.58,0
603,2026-03-01,1,99.04,0
603,2026-04-01,1,6.08,0
603,2026-06-01,1,46.61,0
604,2026-07-01,1,57.78,0
605,2025-09-01,1,14.23,0
605,2025-11-01,1,165.65,0
605,2025-12-01,1,57.9,0
605,2026-01-01,1,12.57,0
605,2026-02-01,1,28.04,0
605,2026-03-01,2,101.11,0
605,2026-04-01,4,135.84,0
606,2025-06-01,1,15.29,0
606,2025-08-01,2,61.93000000000001,0
606,2025-10-01,1,34.78,0
606,2025-11-01,1,21.29,0
606,2025-12-01,1,29.8,0
606,2026-03-01,1,108.63,0
606,2026-05-01,1,4.65,0
607,2026-03-01,1,22.95,0
607,2026-04-01,1,27.61,0
607,2026-05-01,1,79.07,0
607,2026-06-01,1,31.25,0
608,2025-09-01,1,48.95,0
608,2026-04-01,1,8.82,1
608,2026-05-01,1,9.93,0
609,2024-07-01,1,95.77,0
609,2024-09-01,1,21.12,0
609,2024-11-01,1,15.8,0
609,2024-12-01,1,26.12,0
609,2025-01-01,1,42.05,1
609,2025-04-01,2,294.71,0
609,2025-06-01,3,76.91,0
609,2025-07-01,1,10.5,0
609,2025-11-01,1,85.0,0
609,2026-03-01,1,32.99,0
609,2026-06-01,1,15.71,0
610,2024-09-01,3,84.16,1
610,2024-11-01,1,127.49,0
610,2025-04-01,1,8.33,0
610,2025-05-01,1,13.84,0
610,2025-07-01,2,231.64,0
610,2025-09-01,2,74.5,0
610,2025-10-01,1,33.68,0
610,2026-01-01,1,145.65,0
610,2026-02-01,1,19.2,0
610,2026-04-01,3,279.26,1
610,2026-05-01,2,150.93,0
610,2026-06-01,1,14.56,0
610,2026-07-01,1,76.09,0
611,2024-09-01,1,79.27,1
611,2024-10-01,2,62.44,0
611,2025-04-01,1,15.7,0
611,2025-06-01,3,78.34,0
611,2025-07-01,1,243.61,0
611,2025-08-01,1,39.33,0
611,2025-11-01,1,32.37,0
611,2025-12-01,3,92.25999999999999,0
611,2026-03-01,2,277.56,0
611,2026-05-01,1,9.5,0
611,2026-06-01,1,44.86,0
612,2025-11-01,1,28.7,0
612,2026-01-01,1,109.09,0
612,2026-03-01,1,15.32,0
612,2026-04-01,1,56.91,0
613,2025-01-01,1,54.15,0
613,2025-05-01,1,46.7,0
613,2025-06-01,1,3.43,1
613,2025-08-01,1,76.33,0
613,2025-09-01,1,43.02,0
613,2025-10-01,1,17.25,0
613,2025-11-01,1,37.47,0
613,2025-12-01,1,93.77,0
613,2026-03-01,1,18.95,0
613,2026-05-01,1,17.88,0
613,2026-07-01,1,204.24,0
614,2026-05-01,2,138.0,0
614,2026-06-01,1,31.76,0
615,2025-06-01,2,60.04,0
615,2025-07-01,1,6.79,0
615,2025-10-01,1,72.97,0
615,2025-11-01,2,184.58,0
615,2025-12-01,2,123.62,0
615,2026-02-01,2,64.82000000000001,0
615,2026-03-01,1,24.24,0
615,2026-04-01,1,17.07,0
615,2026-05-01,1,38.74,0
616,2025-07-01,1,119.25,0
616,2025-12-01,1,10.43,0
616,2026-02-01,2,129.28,0
616,2026-05-01,1,29.25,0
617,2026-03-01,1,9.05,0
617,2026-05-01,4,205.81,0
617,2026-06-01,3,79.55,0
618,2025-12-01,2,71.98,0
618,2026-01-01,1,56.79,0
618,2026-04-01,1,4.13,0
618,2026-05-01,2,52.08,0
618,2026-07-01,1,27.3,0
619,2026-07-01,1,60.55,0
621,2026-01-01,1,312.39,0
621,2026-02-01,3,107.55,1
621,2026-04-01,1,42.44,0
621,2026-05-01,2,60.879999999999995,0
622,2026-01-01,1,28.68,0
622,2026-03-01,1,88.8,0
622,2026-04-01,3,113.6,0
622,2026-05-01,1,9.23,0
622,2026-06-01,2,202.33999999999997,0
622,2026-07-01,1,19.12,0
623,2026-03-01,1,28.69,0
623,2026-05-01,2,65.68,0
623,2026-06-01,1,103.09,1
624,2026-03-01,2,127.87,0
624,2026-04-01,1,124.58,0
624,2026-05-01,2,40.67,0
624,2026-06-01,1,90.22,0
624,2026-07-01,1,21.13,0
625,2025-09-01,1,98.26,0
625,2025-10-01,1,191.02,0
625,2025-11-01,1,40.63,0
625,2026-01-01,1,93.93,0
625,2026-04-01,1,47.34,0
625,2026-07-01,1,26.32,0
626,2026-02-01,1,437.06,0
626,2026-03-01,1,36.32,0
626,2026-04-01,3,91.22,0
626,2026-05-01,2,106.87,0
627,2026-01-01,1,7.65,0
627,2026-04-01,1,65.46,0
628,2026-05-01,2,101.13,0
628,2026-07-01,3,107.15,0
629,2025-08-01,2,59.379999999999995,0
629,2025-09-01,1,20.68,0
629,2025-12-01,2,59.05,0
629,2026-01-01,1,47.55,0
629,2026-04-01,1,28.89,0
629,2026-05-01,2,33.77,1
629,2026-06-01,1,21.44,1
629,2026-07-01,1,92.15,0
630,2025-09-01,1,71.8,0
630,2025-11-01,1,30.99,0
630,2025-12-01,1,21.71,0
630,2026-01-01,1,54.96,0
630,2026-03-01,2,29.480000000000004,0
630,2026-04-01,1,24.8,0
630,2026-05-01,1,23.99,1
630,2026-06-01,3,70.46,0
631,2025-03-01,1,8.95,0
631,2025-04-01,2,162.51,0
631,2025-06-01,1,14.66,1
631,2025-08-01,1,20.39,0
631,2025-09-01,1,15.58,0
631,2025-12-01,1,32.92,0
631,2026-01-01,1,66.97,0
631,2026-03-01,1,76.22,0
631,2026-04-01,2,129.59,0
631,2026-05-01,1,69.13,0
631,2026-06-01,2,78.15,0
632,2026-03-01,1,58.22,0
632,2026-04-01,2,38.769999999999996,0
633,2025-12-01,1,51.78,0
633,2026-03-01,1,53.29,0
633,2026-05-01,1,14.12,0
633,2026-07-01,1,7.16,0
634,2026-03-01,1,5.97,0
635,2026-05-01,1,26.7,0
636,2026-02-01,2,75.72,0
636,2026-03-01,1,95.58,0
636,2026-04-01,3,81.08000000000001,1
636,2026-05-01,3,115.32,0
636,2026-06-01,2,26.55,0
637,2026-05-01,1,19.84,0
638,2026-03-01,2,244.86,0
638,2026-05-01,1,66.97,0
638,2026-07-01,1,13.3,0
639,2025-01-01,1,17.16,0
639,2025-02-01,2,60.510000000000005,0
639,2025-06-01,1,43.42,0
639,2025-07-01,2,54.400000000000006,0
639,2025-10-01,1,19.23,0
639,2025-11-01,1,7.91,0
639,2025-12-01,1,55.99,0
639,2026-01-01,1,13.28,0
639,2026-02-01,1,29.67,0
639,2026-03-01,2,35.64,0
639,2026-04-01,1,32.88,0
639,2026-06-01,1,242.23,0
639,2026-07-01,2,122.83,0
640,2026-03-01,2,37.72,0
640,2026-04-01,3,158.22,0
640,2026-05-01,2,47.22,0
640,2026-06-01,2,108.35,0
640,2026-07-01,1,190.79,0
641,2025-06-01,1,21.05,0
641,2025-07-01,3,74.76,0
641,2025-08-01,1,49.17,0
641,2025-10-01,2,56.28,0
641,2025-12-01,1,84.54,0
641,2026-02-01,2,50.0,0
641,2026-03-01,1,174.98,0
641,2026-04-01,1,32.36,0
642,2024-09-01,1,49.44,0
642,2024-12-01,1,32.16,0
642,2025-01-01,3,176.56,0
642,2025-02-01,1,6.65,0
642,2025-04-01,1,14.51,0
642,2025-05-01,1,19.24,1
642,2025-06-01,1,9.37,0
642,2025-07-01,1,22.26,0
642,2025-08-01,2,76.78999999999999,1
642,2025-10-01,1,20.01,0
642,2026-01-01,1,90.78,0
642,2026-03-01,1,95.64,1
642,2026-04-01,2,131.22,0
642,2026-05-01,2,108.49000000000001,0
642,2026-07-01,1,84.1,0
643,2025-10-01,1,89.06,0
643,2025-11-01,1,56.44,0
643,2025-12-01,2,45.11,0
643,2026-05-01,2,45.379999999999995,0
644,2026-02-01,1,208.38,0
645,2026-02-01,2,120.7,0
645,2026-03-01,1,10.5,0
645,2026-04-01,1,49.59,0
645,2026-05-01,1,8.92,0
645,2026-06-01,2,86.66,0
645,2026-07-01,1,59.09,0
646,2026-04-01,3,336.89,0
646,2026-07-01,1,76.65,0
647,2025-08-01,1,15.03,0
647,2025-10-01,1,80.9,0
647,2025-11-01,2,77.65,0
647,2026-01-01,1,3.17,0
647,2026-02-01,1,35.22,0
647,2026-04-01,1,75.84,0
647,2026-07-01,1,54.84,0
648,2026-01-01,1,58.81,0
648,2026-02-01,1,23.1,0
648,2026-03-01,3,78.52,1
648,2026-05-01,1,131.19,0
648,2026-06-01,2,41.31,0
648,2026-07-01,1,78.78,0
649,2024-06-01,2,20.22,0
649,2024-08-01,3,92.68,0
649,2025-02-01,1,89.81,0
649,2025-04-01,1,30.85,0
649,2025-05-01,2,83.68,0
649,2025-08-01,2,56.92,0
649,2025-10-01,2,24.73,0
649,2025-12-01,1,88.8,0
649,2026-05-01,1,38.59,0
649,2026-06-01,3,121.24999999999999,0
650,2025-02-01,1,99.89,0
650,2025-03-01,2,69.28999999999999,1
650,2025-04-01,2,84.31,0
650,2025-05-01,1,36.48,0
650,2025-06-01,1,34.24,0
650,2025-08-01,1,21.33,0
650,2025-10-01,1,13.66,0
650,2026-02-01,2,56.290000000000006,0
650,2026-03-01,1,88.39,0
650,2026-04-01,3,187.32,0
650,2026-05-01,3,90.16,0
650,2026-06-01,2,47.59,0
650,2026-07-01,1,49.99,0
651,2025-09-01,1,33.21,0
651,2025-10-01,1,18.71,0
651,2025-11-01,1,115.46,1
651,2025-12-01,2,19.0,0
651,2026-01-01,1,18.01,0
651,2026-07-01,1,12.3,0
652,2025-03-01,4,100.53,0
652,2025-04-01,1,56.47,0
652,2025-05-01,1,40.7,0
652,2025-06-01,2,57.69,0
652,2025-08-01,2,130.85,0
652,2025-10-01,1,7.04,0
652,2025-11-01,1,52.73,0
652,2026-01-01,1,20.99,0
652,2026-03-01,1,26.57,0
652,2026-05-01,1,40.96,1
652,2026-06-01,2,55.03,0
652,2026-07-01,1,24.49,0
653,2026-07-01,2,68.93,0
654,2025-05-01,1,106.43,0
654,2025-09-01,1,10.72,0
654,2025-10-01,1,35.56,0
654,2025-11-01,1,86.71,0
654,2025-12-01,3,118.19,0
654,2026-05-01,1,15.52,0
654,2026-06-01,1,11.9,0
654,2026-07-01,2,92.94999999999999,1
655,2025-12-01,3,78.88,0
655,2026-03-01,2,58.65,0
655,2026-05-01,2,20.08,0
655,2026-07-01,3,87.01,0
656,2025-11-01,2,136.93,0
656,2025-12-01,1,14.02,0
656,2026-02-01,1,103.82,1
656,2026-05-01,3,87.37,0
657,2025-05-01,1,23.12,0
657,2025-06-01,1,75.09,0
657,2025-07-01,1,44.02,1
657,2025-09-01,1,31.75,0
657,2025-11-01,1,36.0,0
657,2025-12-01,1,65.9,0
657,2026-03-01,1,34.93,0
657,2026-05-01,3,125.09,0
657,2026-06-01,1,33.35,0
658,2025-12-01,2,67.47,0
658,2026-02-01,4,124.14,0
658,2026-05-01,1,123.06,0
658,2026-06-01,1,22.56,0
659,2026-07-01,1,3.0,0
660,2026-01-01,1,75.23,0
660,2026-02-01,1,188.02,0
660,2026-04-01,3,206.94,0
660,2026-05-01,1,27.71,0
660,2026-06-01,1,26.06,0
661,2026-04-01,1,119.69,0
662,2025-04-01,2,124.37,1
662,2025-06-01,1,146.84,0
662,2025-08-01,1,45.56,0
662,2025-11-01,1,46.75,0
662,2026-05-01,1,20.6,1
662,2026-07-01,1,31.88,0
663,2026-07-01,2,71.93,0
664,2026-02-01,2,91.22999999999999,0
664,2026-03-01,1,28.42,0
664,2026-04-01,2,24.16,0
664,2026-05-01,1,70.93,0
664,2026-06-01,1,63.09,0
665,2025-05-01,1,39.24,0
665,2025-08-01,1,4.13,0
665,2025-09-01,1,80.17,0
665,2025-11-01,1,44.5,0
665,2025-12-01,1,81.87,0
665,2026-03-01,2,116.03,0
665,2026-06-01,1,5.28,0
666,2025-01-01,2,88.75,0
666,2025-02-01,1,51.13,1
666,2025-04-01,1,409.7,0
666,2025-05-01,2,27.259999999999998,0
666,2025-06-01,3,123.0,0
666,2025-07-01,1,20.83,0
666,2025-08-01,1,26.04,0
666,2025-09-01,1,30.56,0
666,2025-10-01,1,39.37,0
666,2025-11-01,1,100.15,0
666,2026-01-01,1,58.36,0
666,2026-02-01,1,27.17,0
666,2026-04-01,2,172.23999999999998,0
666,2026-05-01,1,10.2,0
666,2026-06-01,1,12.37,0
666,2026-07-01,1,29.53,0
667,2025-11-01,1,96.49,0
667,2026-01-01,1,12.63,0
667,2026-02-01,1,40.16,0
667,2026-03-01,1,42.79,1
667,2026-04-01,1,59.79,1
667,2026-05-01,1,35.48,0
667,2026-06-01,2,67.9,0
668,2025-08-01,1,24.26,0
668,2025-09-01,3,86.32,1
668,2025-10-01,1,36.52,0
668,2026-01-01,2,39.23,0
668,2026-02-01,1,17.84,0
668,2026-04-01,1,87.51,0
668,2026-05-01,1,32.75,0
668,2026-06-01,1,25.09,0
669,2025-05-01,1,94.22,1
669,2025-06-01,1,33.28,0
669,2025-07-01,1,63.46,0
669,2025-08-01,1,13.29,0
669,2025-09-01,1,32.75,0
669,2025-10-01,2,68.99000000000001,0
669,2025-11-01,1,58.94,0
669,2025-12-01,2,49.05,0
669,2026-02-01,1,11.58,0
669,2026-03-01,1,241.08,0
669,2026-06-01,1,21.16,0
669,2026-07-01,1,78.98,0
670,2026-07-01,1,13.47,0
671,2024-12-01,1,46.13,0
671,2025-03-01,3,185.01,0
671,2025-04-01,1,186.24,0
671,2025-05-01,1,34.82,0
671,2025-07-01,1,31.23,0
671,2026-01-01,1,21.19,0
671,2026-03-01,1,47.27,0
671,2026-07-01,3,201.66,0
672,2025-10-01,1,15.48,0
672,2025-11-01,1,14.22,0
672,2026-01-01,2,80.13,0
672,2026-03-01,1,67.63,0
672,2026-05-01,2,78.27000000000001,0
672,2026-07-01,2,199.83999999999997,0
673,2025-06-01,1,80.77,1
673,2025-07-01,1,79.96,0
673,2025-09-01,1,186.41,0
673,2025-11-01,1,51.6,0
673,2025-12-01,1,45.49,0
673,2026-01-01,1,50.95,0
673,2026-03-01,1,88.46,0
673,2026-05-01,2,47.04,0
673,2026-06-01,2,55.129999999999995,0
673,2026-07-01,1,53.09,0
675,2025-06-01,1,14.42,0
675,2025-07-01,1,19.76,0
675,2025-11-01,1,63.87,0
675,2025-12-01,1,92.68,0
675,2026-01-01,1,30.05,0
675,2026-03-01,1,20.55,0
675,2026-04-01,1,16.83,0
675,2026-06-01,1,29.87,0
675,2026-07-01,1,53.75,0
676,2025-04-01,1,46.64,0
676,2025-05-01,1,116.32,0
676,2025-06-01,1,136.86,0
676,2025-08-01,1,10.14,0
676,2025-12-01,3,66.78,1
676,2026-01-01,1,58.89,0
676,2026-07-01,1,93.89,0
677,2025-09-01,1,36.58,0
677,2026-01-01,4,301.44,0
677,2026-03-01,1,27.22,0
677,2026-05-01,1,37.76,0
678,2026-06-01,2,160.31,1
678,2026-07-01,1,35.15,1
679,2025-08-01,2,261.32,0
679,2025-10-01,1,48.45,0
679,2025-12-01,2,137.09,0
679,2026-02-01,1,59.51,0
679,2026-03-01,1,70.91,0
679,2026-04-01,1,11.43,1
680,2026-05-01,5,149.41,0
680,2026-06-01,1,11.59,0
680,2026-07-01,3,106.33999999999999,1
681,2024-12-01,1,9.05,0
681,2025-03-01,1,16.7,0
681,2025-04-01,2,81.85000000000001,0
681,2025-11-01,1,195.61,1
682,2026-07-01,1,83.42,0
683,2024-08-01,1,34.59,0
683,2024-11-01,1,58.64,0
683,2025-06-01,1,27.92,0
683,2025-09-01,2,129.32,0
683,2025-10-01,1,9.91,0
683,2025-12-01,1,28.54,0
683,2026-03-01,1,61.93,0
683,2026-04-01,1,41.28,0
684,2024-12-01,2,88.78999999999999,0
684,2025-04-01,1,205.5,0
684,2025-05-01,2,91.29,0
684,2025-07-01,2,68.03,0
685,2026-04-01,1,43.32,0
685,2026-06-01,2,47.57,0
686,2025-06-01,1,13.98,0
686,2025-07-01,2,87.8,0
686,2025-09-01,1,90.32,0
686,2025-10-01,1,149.37,0
686,2026-01-01,1,42.71,0
686,2026-04-01,1,25.75,0
686,2026-05-01,1,24.03,0
686,2026-06-01,1,27.16,0
686,2026-07-01,1,28.66,0
687,2025-09-01,2,71.53,0
687,2025-10-01,1,52.41,0
687,2025-11-01,2,116.94,0
687,2026-01-01,1,84.88,0
687,2026-02-01,3,75.8,0
687,2026-03-01,1,29.08,0
687,2026-04-01,1,15.16,0
687,2026-06-01,1,9.11,0
688,2025-08-01,1,247.54,0
688,2025-09-01,1,166.94,0
688,2025-11-01,1,35.43,0
688,2026-01-01,1,11.2,0
688,2026-03-01,2,75.86,0
688,2026-04-01,1,39.81,1
688,2026-05-01,1,26.06,0
689,2026-05-01,2,147.47,0
689,2026-06-01,2,374.71,0
690,2025-01-01,2,22.91,0
690,2025-02-01,1,129.24,0
690,2025-05-01,1,12.49,0
690,2025-06-01,1,39.98,0
690,2025-08-01,2,126.24,0
690,2026-01-01,1,15.01,0
690,2026-02-01,1,18.67,0
690,2026-06-01,1,12.52,0
690,2026-07-01,1,8.06,0
691,2024-04-01,1,37.76,0
691,2024-05-01,1,34.86,0
691,2024-06-01,1,52.21,0
691,2024-07-01,1,27.21,0
691,2024-08-01,1,17.1,0
691,2024-10-01,2,66.21,0
691,2024-11-01,1,122.38,0
691,2025-01-01,2,92.7,0
691,2025-02-01,1,12.19,0
691,2025-05-01,1,5.79,0
691,2025-06-01,1,5.02,0
691,2025-07-01,1,121.34,0
691,2025-11-01,1,331.14,0
691,2025-12-01,1,112.04,0
691,2026-01-01,3,73.05,1
691,2026-06-01,2,32.1,0
692,2024-12-01,2,36.8,0
692,2025-05-01,1,19.9,1
692,2025-11-01,1,30.47,0
692,2026-01-01,2,86.65,0
692,2026-02-01,2,64.94,0
692,2026-03-01,1,45.68,0
692,2026-05-01,2,402.95,0
692,2026-06-01,1,27.0,0
692,2026-07-01,1,83.04,0
693,2024-10-01,1,45.42,0
693,2024-12-01,1,33.39,0
693,2025-01-01,1,35.94,0
693,2025-02-01,3,127.51,0
693,2025-09-01,1,18.78,0
693,2025-10-01,1,37.89,0
693,2025-11-01,2,41.19,0
693,2025-12-01,2,19.759999999999998,0
693,2026-04-01,2,56.870000000000005,0
693,2026-07-01,2,126.83,0
694,2025-05-01,2,48.589999999999996,0
694,2025-06-01,2,99.95,0
694,2025-07-01,1,36.16,0
694,2025-08-01,1,24.09,0
694,2025-09-01,4,260.18,0
694,2025-11-01,1,17.8,0
694,2026-01-01,1,54.42,0
694,2026-02-01,1,5.38,1
694,2026-03-01,1,17.68,0
694,2026-05-01,1,8.79,0
694,2026-06-01,1,22.63,0
695,2026-06-01,1,18.58,0
695,2026-07-01,1,34.76,0
696,2026-02-01,1,52.39,0
696,2026-04-01,1,14.7,0
696,2026-05-01,1,19.27,0
696,2026-06-01,1,15.46,0
697,2024-10-01,1,46.11,0
697,2024-11-01,1,6.65,0
697,2025-02-01,1,9.42,0
697,2025-05-01,1,42.49,0
697,2025-08-01,1,65.79,0
697,2026-03-01,1,47.54,0
697,2026-05-01,1,87.98,0
698,2025-06-01,1,42.97,0
698,2025-07-01,1,33.68,0
698,2025-08-01,1,47.24,0
698,2025-10-01,1,46.38,0
698,2026-02-01,1,169.61,0
698,2026-06-01,2,174.58999999999997,0
700,2026-04-01,1,43.37,0
700,2026-06-01,3,178.13,0
700,2026-07-01,4,83.44,0
701,2025-05-01,1,55.41,0
701,2025-06-01,1,10.75,0
701,2025-09-01,1,23.39,0
701,2025-11-01,2,47.47,0
701,2025-12-01,1,18.9,0
701,2026-01-01,1,54.17,0
701,2026-07-01,1,25.64,0
702,2026-01-01,1,48.25,1
702,2026-03-01,1,31.96,0
702,2026-05-01,2,245.39,0
702,2026-06-01,1,12.93,0
702,2026-07-01,4,95.28999999999999,0
703,2026-06-01,1,16.6,0
703,2026-07-01,1,40.73,0
704,2026-04-01,3,69.8,0
704,2026-05-01,1,27.03,0
704,2026-07-01,1,46.37,0
706,2025-08-01,1,103.9,0
706,2025-09-01,1,84.54,0
706,2025-11-01,2,201.14,0
706,2026-01-01,2,48.22,0
706,2026-03-01,1,36.15,0
706,2026-04-01,2,133.52,0
706,2026-05-01,2,70.94000000000001,0
708,2025-12-01,1,17.99,1
708,2026-01-01,1,56.33,0
708,2026-07-01,1,52.62,0
709,2026-03-01,1,4.29,0
710,2025-07-01,2,118.28,0
710,2025-08-01,3,108.94999999999999,0
710,2025-12-01,1,22.02,0
710,2026-02-01,2,109.22999999999999,0
710,2026-04-01,2,45.64,0
710,2026-05-01,2,90.81,0
711,2026-01-01,2,36.45,0
711,2026-05-01,1,19.0,0
711,2026-06-01,1,229.9,0
711,2026-07-01,3,110.88999999999999,0
712,2025-10-01,1,108.54,0
712,2026-01-01,1,29.55,0
712,2026-03-01,1,7.14,0
712,2026-06-01,1,37.36,0
713,2026-03-01,1,49.88,0
713,2026-04-01,1,7.84,0
713,2026-05-01,1,22.16,1
713,2026-06-01,6,318.78000000000003,0
714,2025-05-01,1,17.04,0
714,2025-06-01,1,97.93,0
714,2025-07-01,1,13.47,0
714,2025-08-01,3,99.66,0
714,2025-10-01,1,231.81,0
714,2025-11-01,1,46.27,0
714,2025-12-01,1,56.84,0
714,2026-02-01,2,83.25999999999999,0
714,2026-03-01,1,7.52,0
714,2026-04-01,1,17.67,0
714,2026-07-01,1,87.11,0
715,2024-12-01,1,115.94,0
715,2025-02-01,1,89.86,0
715,2025-03-01,1,34.58,0
715,2025-07-01,1,27.04,0
715,2025-09-01,1,93.84,0
715,2025-10-01,1,17.59,0
715,2025-11-01,1,50.7,0
715,2025-12-01,2,143.88,0
715,2026-02-01,3,155.67000000000002,0
715,2026-03-01,1,13.64,0
715,2026-05-01,1,48.03,0
716,2025-02-01,2,201.38000000000002,0
716,2025-03-01,3,101.59,0
716,2025-05-01,1,193.72,0
716,2025-07-01,1,158.64,0
716,2025-12-01,1,19.82,0
716,2026-01-01,1,42.06,0
716,2026-02-01,1,21.7,0
716,2026-03-01,1,76.3,0
716,2026-05-01,1,14.71,0
716,2026-06-01,2,197.44,0
717,2026-03-01,2,98.5,0
717,2026-04-01,1,60.01,0
717,2026-05-01,1,40.76,0
717,2026-07-01,2,68.78999999999999,0
718,2026-01-01,1,53.72,0
718,2026-03-01,1,62.16,0
718,2026-06-01,1,123.6,0
719,2026-04-01,1,5.06,0
719,2026-05-01,1,52.21,0
719,2026-06-01,1,16.32,0
720,2025-12-01,1,49.14,0
720,2026-01-01,2,16.28,0
720,2026-02-01,1,33.29,0
720,2026-03-01,1,52.43,0
720,2026-04-01,2,235.93,0
720,2026-07-01,3,116.56,0
721,2026-04-01,2,26.39,0
721,2026-06-01,2,58.08,0
722,2024-12-01,1,28.78,0
722,2025-03-01,2,50.4,0
722,2025-04-01,1,19.41,0
722,2025-07-01,1,32.96,0
722,2025-08-01,1,24.5,0
722,2025-09-01,1,69.31,0
722,2025-10-01,1,60.32,0
722,2026-01-01,1,18.17,0
722,2026-02-01,1,16.11,0
722,2026-06-01,1,16.81,0
723,2025-01-01,1,29.71,0
723,2025-02-01,1,31.16,0
723,2025-05-01,1,13.98,0
723,2025-09-01,2,20.03,0
723,2025-10-01,1,303.97,0
723,2025-11-01,1,27.22,1
723,2025-12-01,1,17.86,0
723,2026-02-01,1,128.59,0
723,2026-03-01,1,12.07,0
723,2026-06-01,2,64.38,0
724,2026-06-01,2,70.17,0
725,2025-03-01,2,110.2,0
725,2025-04-01,1,13.14,0
725,2025-10-01,3,161.01,0
725,2025-12-01,1,188.0,0
725,2026-01-01,1,29.46,0
725,2026-03-01,2,93.31,0
725,2026-04-01,1,39.17,0
725,2026-06-01,1,30.37,0
726,2026-05-01,2,54.790000000000006,0
727,2025-03-01,1,30.75,0
727,2025-05-01,3,73.92,0
727,2025-12-01,1,24.94,0
727,2026-02-01,2,90.13,0
727,2026-04-01,2,28.28,0
727,2026-07-01,2,125.63,0
728,2026-04-01,1,33.4,0
728,2026-06-01,2,140.55,0
728,2026-07-01,1,74.25,0
729,2025-12-01,2,75.15,0
729,2026-01-01,1,35.21,0
729,2026-04-01,2,36.34,0
729,2026-07-01,2,147.85,0
730,2025-02-01,1,37.59,0
730,2025-07-01,1,90.54,0
730,2025-08-01,3,67.71000000000001,0
730,2025-09-01,1,22.19,0
730,2025-10-01,1,39.85,0
730,2025-11-01,2,84.30000000000001,0
730,2026-02-01,1,18.86,1
730,2026-05-01,1,39.35,0
730,2026-06-01,1,134.01,0
731,2025-06-01,1,23.43,0
731,2025-08-01,1,32.38,0
731,2025-10-01,2,79.2,0
731,2025-11-01,1,21.64,0
731,2025-12-01,1,36.21,0
731,2026-01-01,1,41.08,0
731,2026-04-01,1,32.53,0
731,2026-05-01,1,82.57,0
732,2026-03-01,1,33.8,0
732,2026-04-01,2,94.75,2
732,2026-05-01,1,84.01,0
732,2026-06-01,1,26.03,1
733,2024-12-01,1,41.27,0
733,2025-03-01,2,54.25,0
733,2025-04-01,2,115.53,0
733,2025-05-01,1,31.29,1
733,2025-11-01,1,42.93,0
733,2025-12-01,1,5.46,0
733,2026-01-01,1,47.16,0
733,2026-02-01,1,56.74,0
733,2026-03-01,1,13.18,0
733,2026-04-01,3,110.93,0
733,2026-07-01,1,70.98,0
734,2025-05-01,2,75.72999999999999,0
734,2025-07-01,1,20.74,0
734,2025-08-01,1,13.53,0
734,2025-09-01,2,70.82,0
734,2025-12-01,1,75.97,0
734,2026-02-01,1,27.94,0
734,2026-04-01,1,169.45,0
734,2026-06-01,1,47.15,0
734,2026-07-01,1,21.2,0
735,2026-03-01,1,113.49,0
735,2026-04-01,1,37.84,0
735,2026-06-01,1,31.19,0
735,2026-07-01,1,54.76,0
736,2025-04-01,2,77.52000000000001,0
736,2025-05-01,1,58.23,0
736,2025-06-01,1,48.35,0
736,2025-07-01,1,50.91,0
736,2025-08-01,1,47.28,0
736,2025-11-01,2,79.16999999999999,0
736,2026-05-01,2,280.15,0
736,2026-06-01,1,63.05,0
736,2026-07-01,2,127.95,0
737,2025-01-01,1,12.92,0
737,2025-04-01,1,12.76,1
737,2025-07-01,1,275.07,0
737,2025-09-01,2,23.549999999999997,0
737,2025-10-01,1,28.82,0
737,2025-11-01,1,459.56,0
737,2025-12-01,1,32.68,0
737,2026-01-01,1,19.33,0
737,2026-02-01,2,33.370000000000005,0
737,2026-06-01,1,168.52,0
738,2026-05-01,2,79.86,0
738,2026-06-01,1,28.87,0
739,2025-02-01,1,305.93,0
739,2025-03-01,1,14.13,1
739,2025-04-01,1,21.05,0
739,2025-06-01,1,27.96,0
739,2025-07-01,1,32.06,0
739,2025-09-01,2,300.01,0
739,2025-10-01,4,208.32,0
739,2025-12-01,1,17.56,0
739,2026-01-01,1,20.03,0
739,2026-04-01,2,40.67,0
739,2026-07-01,1,77.08,0
740,2025-12-01,1,23.59,0
740,2026-01-01,3,79.32,0
740,2026-02-01,1,28.59,0
740,2026-03-01,1,22.5,0
740,2026-05-01,2,61.69,0
740,2026-06-01,4,289.34,0
740,2026-07-01,5,181.67000000000002,0
741,2025-03-01,1,40.51,0
741,2025-09-01,1,156.73,0
741,2025-10-01,1,38.51,0
741,2025-11-01,2,53.79,0
741,2025-12-01,1,9.34,0
741,2026-04-01,3,218.45,0
741,2026-05-01,1,76.99,0
742,2025-08-01,1,13.2,0
742,2025-09-01,3,114.55000000000001,0
742,2025-10-01,1,30.58,0
742,2025-12-01,1,153.92,1
742,2026-01-01,1,48.38,0
742,2026-03-01,3,135.55,1
742,2026-04-01,3,153.06,0
742,2026-05-01,1,26.67,0
742,2026-06-01,4,215.40999999999997,0
742,2026-07-01,1,45.57,0
743,2025-10-01,3,208.07999999999998,0
743,2025-11-01,3,244.38,0
743,2025-12-01,1,67.47,0
743,2026-01-01,1,38.29,0
743,2026-02-01,1,21.69,0
743,2026-03-01,1,31.08,0
743,2026-06-01,2,28.43,0
744,2026-04-01,1,52.15,0
744,2026-05-01,2,93.57,0
744,2026-07-01,2,132.14,0
745,2025-03-01,1,12.57,0
745,2025-04-01,1,4.81,0
745,2025-05-01,1,23.5,0
745,2025-06-01,1,10.37,0
745,2025-07-01,3,153.42,0
745,2025-09-01,1,19.3,0
745,2025-10-01,2,158.75,0
745,2025-11-01,3,198.51,0
745,2026-01-01,1,52.63,0
745,2026-04-01,1,169.78,0
745,2026-06-01,1,13.64,0
746,2026-03-01,2,191.87,0
746,2026-05-01,3,171.23000000000002,0
746,2026-06-01,2,40.4,0
747,2025-06-01,1,29.39,0
747,2025-07-01,1,1126.46,0
747,2025-08-01,1,18.43,0
747,2025-11-01,1,115.34,0
747,2025-12-01,1,28.25,0
747,2026-01-01,1,20.09,0
747,2026-04-01,3,173.12,0
747,2026-07-01,1,34.82,0
748,2026-05-01,1,51.08,0
748,2026-07-01,1,17.05,1
749,2026-07-01,2,173.12,0
750,2026-06-01,1,127.11,0
750,2026-07-01,2,37.2,0
751,2025-08-01,1,39.76,0
751,2025-10-01,3,100.59,0
751,2025-11-01,1,3.0,0
751,2025-12-01,2,38.81,0
751,2026-01-01,4,94.1,0
751,2026-03-01,1,5.22,0
751,2026-04-01,1,23.05,0
751,2026-06-01,3,75.99,0
752,2026-04-01,2,40.89,0
752,2026-05-01,5,239.23000000000002,0
752,2026-06-01,1,19.24,0
752,2026-07-01,1,40.83,0
753,2026-07-01,1,39.4,0
754,2024-08-01,1,39.1,0
754,2024-09-01,2,145.81,0
754,2024-12-01,1,19.32,0
754,2025-01-01,1,36.12,0
754,2025-02-01,1,305.86,0
754,2025-03-01,2,66.87,0
754,2025-04-01,1,18.99,0
754,2025-05-01,1,41.6,0
754,2025-08-01,1,25.66,0
754,2025-11-01,2,88.94,0
754,2026-03-01,2,106.43,0
754,2026-06-01,1,105.71,0
754,2026-07-01,2,43.13,0
755,2026-04-01,2,29.36,0
755,2026-05-01,3,111.68,0
755,2026-06-01,1,40.4,0
755,2026-07-01,1,37.68,0
756,2026-01-01,2,90.99,0
756,2026-02-01,2,58.019999999999996,0
756,2026-03-01,1,50.18,0
756,2026-04-01,3,100.3,0
756,2026-06-01,1,24.84,0
757,2025-06-01,1,11.4,0
757,2025-09-01,1,32.38,0
757,2025-10-01,1,67.0,0
757,2025-11-01,1,217.68,0
757,2025-12-01,1,14.36,0
757,2026-03-01,2,31.42,0
757,2026-04-01,1,101.27,0
757,2026-05-01,1,36.01,0
757,2026-07-01,1,46.58,0
758,2025-08-01,1,117.33,0
758,2025-09-01,1,16.43,0
758,2025-10-01,1,56.47,0
758,2025-11-01,1,33.48,0
758,2026-01-01,1,48.23,0
758,2026-02-01,1,68.56,0
758,2026-03-01,1,36.96,0
758,2026-04-01,1,106.64,0
758,2026-07-01,1,25.84,0
760,2025-05-01,1,40.74,1
760,2025-06-01,2,71.75999999999999,0
760,2025-09-01,1,48.47,0
760,2026-03-01,1,17.98,0
760,2026-04-01,3,71.65,0
760,2026-05-01,2,107.43,0
760,2026-07-01,1,73.13,0
761,2026-02-01,1,26.9,0
761,2026-03-01,2,94.7,0
761,2026-04-01,1,49.23,0
761,2026-05-01,1,167.56,0
761,2026-07-01,1,55.11,0
762,2025-04-01,3,245.5,0
762,2025-05-01,1,13.16,0
762,2025-07-01,1,76.23,0
762,2025-08-01,3,122.46000000000001,0
762,2025-12-01,1,71.88,0
762,2026-01-01,1,35.89,1
762,2026-03-01,2,47.91,0
762,2026-04-01,1,87.85,0
762,2026-05-01,1,4.14,0
762,2026-07-01,2,38.66,1
763,2024-07-01,2,108.25999999999999,0
763,2024-08-01,1,199.5,0
763,2024-09-01,1,13.8,0
763,2024-11-01,1,8.71,0
763,2025-01-01,2,251.87,0
763,2025-02-01,1,12.73,0
763,2025-05-01,2,45.04,0
763,2025-06-01,1,32.09,0
763,2025-09-01,1,55.34,1
763,2025-10-01,1,67.04,0
763,2025-11-01,1,24.76,0
763,2026-02-01,1,42.9,0
763,2026-04-01,2,177.25,0
764,2026-01-01,2,51.41,0
764,2026-02-01,1,256.93,1
764,2026-03-01,2,86.00999999999999,0
764,2026-04-01,1,48.96,0
764,2026-05-01,1,34.08,1
765,2026-02-01,1,171.28,0
765,2026-03-01,2,62.95,0
765,2026-05-01,1,10.41,0
765,2026-06-01,1,8.71,0
765,2026-07-01,1,42.58,1
766,2024-10-01,1,45.03,0
766,2024-11-01,1,45.49,0
766,2024-12-01,2,45.129999999999995,0
766,2025-01-01,1,41.48,0
766,2025-03-01,2,114.92,0
766,2025-04-01,2,61.81,1
766,2025-05-01,1,22.25,0
766,2025-09-01,2,47.849999999999994,1
766,2025-11-01,1,11.61,0
766,2025-12-01,2,180.39,0
766,2026-02-01,1,30.46,0
766,2026-03-01,1,65.46,0
766,2026-04-01,1,24.18,0
766,2026-07-01,1,15.78,0
767,2025-10-01,2,79.71000000000001,0
767,2025-11-01,1,31.17,0
767,2025-12-01,1,7.52,0
767,2026-03-01,3,79.2,0
767,2026-04-01,1,5.69,0
767,2026-07-01,1,81.27,0
768,2025-09-01,2,87.16999999999999,0
768,2025-10-01,1,47.59,0
768,2025-11-01,1,14.31,0
768,2025-12-01,1,28.15,0
768,2026-01-01,2,42.45,0
768,2026-02-01,1,53.28,0
768,2026-04-01,1,70.88,0
769,2026-07-01,2,35.0,0
770,2025-09-01,1,27.09,0
770,2025-10-01,1,103.95,0
770,2026-03-01,1,165.21,0
771,2025-08-01,1,7.49,0
771,2025-12-01,2,31.810000000000002,0
771,2026-01-01,1,41.62,0
771,2026-04-01,1,38.98,0
772,2026-03-01,2,88.2,0
772,2026-04-01,1,16.97,1
772,2026-05-01,3,341.07,0
772,2026-07-01,1,70.13,0
774,2026-01-01,1,34.19,0
774,2026-02-01,1,53.13,0
774,2026-04-01,1,7.77,0
774,2026-05-01,2,209.98000000000002,0
774,2026-07-01,2,49.81,0
775,2024-12-01,2,123.38,1
775,2025-02-01,1,31.61,0
775,2025-03-01,1,15.62,0
775,2025-05-01,2,193.26999999999998,0
775,2025-07-01,1,20.24,1
775,2025-08-01,1,42.2,0
775,2025-09-01,1,11.02,0
775,2025-12-01,1,84.55,0
775,2026-01-01,1,178.85,0
775,2026-02-01,1,9.88,0
775,2026-04-01,1,20.57,0
775,2026-05-01,1,18.7,0
775,2026-07-01,1,27.41,0
776,2025-07-01,3,45.66,0
776,2025-09-01,1,46.79,0
776,2025-10-01,1,11.6,0
776,2025-12-01,1,31.92,0
776,2026-02-01,1,252.41,0
776,2026-03-01,2,43.63,0
777,2026-02-01,2,196.64999999999998,0
777,2026-04-01,1,78.15,0
777,2026-06-01,1,113.64,0
779,2026-05-01,1,31.68,0
779,2026-06-01,2,22.04,1
779,2026-07-01,1,35.51,0
780,2024-09-01,1,159.92,0
780,2024-10-01,1,3.15,0
780,2024-11-01,2,163.43,0
780,2024-12-01,1,28.85,0
780,2025-02-01,1,46.79,0
780,2025-03-01,1,13.75,0
780,2025-07-01,1,87.8,0
780,2025-08-01,1,64.56,0
780,2025-09-01,2,84.97,0
780,2026-01-01,1,36.01,0
780,2026-02-01,2,57.55,0
780,2026-03-01,1,22.24,0
780,2026-07-01,1,5.85,0
781,2025-02-01,1,29.48,0
781,2025-03-01,1,19.76,0
781,2025-04-01,1,40.5,0
781,2025-05-01,1,22.87,0
781,2025-06-01,2,18.23,1
781,2025-09-01,1,44.65,0
781,2025-10-01,1,51.04,0
781,2025-12-01,1,12.43,0
781,2026-02-01,2,51.32,0
781,2026-04-01,1,34.45,1
781,2026-05-01,2,154.78,0
781,2026-06-01,2,62.51,0
782,2025-04-01,1,21.71,0
782,2025-05-01,1,92.4,1
782,2025-07-01,1,51.97,0
782,2025-08-01,1,73.92,0
782,2026-06-01,1,39.07,0
783,2026-07-01,1,56.26,0
784,2026-06-01,5,235.8,0
785,2025-08-01,3,146.28,0
785,2025-10-01,1,83.62,0
785,2025-11-01,1,8.2,0
785,2026-01-01,1,21.95,0
785,2026-04-01,1,57.22,0
786,2025-10-01,2,28.97,0
786,2025-11-01,2,20.96,0
786,2025-12-01,1,36.59,0
786,2026-01-01,1,8.85,0
786,2026-02-01,1,26.4,0
786,2026-03-01,1,16.07,0
786,2026-04-01,2,38.07,0
786,2026-05-01,1,15.22,0
788,2025-07-01,1,102.56,0
788,2025-08-01,2,87.21000000000001,0
788,2026-01-01,1,23.8,0
788,2026-02-01,1,5.88,0
788,2026-03-01,1,59.14,0
788,2026-04-01,2,115.9,0
788,2026-05-01,2,44.28,0
788,2026-06-01,1,13.56,0
788,2026-07-01,2,89.99,0
789,2026-04-01,1,105.7,0
789,2026-05-01,2,707.5,0
789,2026-06-01,1,5.94,0
789,2026-07-01,5,267.76,0
792,2026-01-01,1,50.69,0
792,2026-03-01,2,16.62,1
792,2026-05-01,1,40.53,0
793,2025-05-01,1,23.9,0
793,2025-06-01,1,38.14,0
793,2025-08-01,3,21.94,1
793,2026-02-01,1,24.8,0
793,2026-03-01,1,117.1,0
793,2026-05-01,3,335.53,0
794,2026-04-01,2,247.16,0
794,2026-05-01,2,77.97,0
794,2026-06-01,2,133.97,1
794,2026-07-01,1,32.47,0
795,2025-09-01,2,68.85,0
795,2025-11-01,1,24.19,0
795,2026-01-01,1,23.44,0
795,2026-02-01,1,175.88,0
795,2026-03-01,1,59.5,0
795,2026-05-01,2,101.59,0
795,2026-07-01,1,81.49,0
796,2026-05-01,3,109.85,1
796,2026-06-01,2,104.36,0
796,2026-07-01,2,49.21,0
797,2025-06-01,1,59.11,0
797,2025-08-01,2,74.27,0
797,2025-09-01,3,101.96000000000001,0
797,2025-10-01,1,17.04,0
797,2025-11-01,1,29.54,0
797,2026-02-01,2,116.69,0
797,2026-05-01,2,21.8,0
797,2026-06-01,1,15.84,0
797,2026-07-01,1,173.85,0
798,2026-04-01,4,127.49,0
799,2025-12-01,3,305.58000000000004,0
799,2026-05-01,1,5.23,0
799,2026-06-01,3,110.07,0
799,2026-07-01,1,35.37,0
800,2025-09-01,3,162.95999999999998,0
800,2026-01-01,1,159.45,0
800,2026-03-01,1,6.31,0
800,2026-07-01,1,8.49,0
802,2026-04-01,1,61.48,0
803,2025-11-01,1,52.14,0
803,2026-03-01,1,30.34,0
803,2026-05-01,1,20.66,0
804,2024-08-01,1,28.68,0
804,2024-09-01,1,54.5,0
804,2024-11-01,2,59.02,0
804,2024-12-01,1,22.17,0
804,2025-01-01,1,89.53,0
804,2025-03-01,2,131.01,0
804,2025-05-01,1,38.29,0
804,2025-06-01,1,92.17,0
804,2025-07-01,1,64.61,0
804,2025-11-01,1,50.9,0
804,2026-02-01,1,37.38,0
804,2026-03-01,1,89.85,0
804,2026-04-01,2,33.42,0
804,2026-05-01,2,187.06,0
804,2026-06-01,1,8.17,0
805,2025-07-01,1,39.5,0
805,2025-09-01,2,153.12,0
805,2026-01-01,2,26.87,0
805,2026-02-01,1,57.83,0
805,2026-04-01,2,132.77,0
805,2026-05-01,1,25.39,0
805,2026-06-01,1,22.53,0
806,2025-04-01,1,9.03,0
806,2025-09-01,1,38.01,0
806,2025-10-01,1,74.28,0
806,2025-12-01,2,37.29,0
806,2026-04-01,3,128.88,0
806,2026-05-01,1,134.81,0
807,2026-04-01,1,24.61,0
807,2026-05-01,1,110.71,0
808,2026-07-01,1,37.16,0
809,2026-03-01,2,30.59,0
809,2026-04-01,4,105.64,0
809,2026-06-01,1,18.16,0
809,2026-07-01,2,50.25,0
810,2025-06-01,1,7.75,1
810,2025-07-01,4,129.92000000000002,1
810,2025-08-01,1,103.91,0
810,2025-10-01,1,23.51,0
810,2025-11-01,1,34.83,1
810,2025-12-01,2,18.18,0
810,2026-04-01,1,32.63,1
810,2026-05-01,1,15.28,0
810,2026-06-01,1,250.49,0
811,2026-06-01,1,106.79,0
812,2025-08-01,1,39.28,0
812,2025-11-01,1,135.51,0
812,2026-01-01,1,29.29,0
812,2026-03-01,1,58.08,0
812,2026-07-01,1,36.78,0
813,2025-12-01,1,73.95,0
813,2026-02-01,2,52.28,0
813,2026-03-01,2,123.72,0
813,2026-05-01,2,18.47,0
813,2026-06-01,1,3.0,0
814,2025-11-01,1,17.95,0
814,2025-12-01,1,4.38,0
815,2024-11-01,1,17.63,0
815,2024-12-01,1,214.46,0
815,2025-04-01,2,72.86,0
815,2025-05-01,1,10.03,0
815,2025-07-01,2,40.62,0
815,2025-08-01,1,14.44,0
815,2025-10-01,3,69.25,0
815,2025-12-01,1,34.12,0
815,2026-01-01,1,22.8,1
815,2026-02-01,2,121.12,0
815,2026-06-01,2,196.01000000000002,0
816,2024-08-01,1,12.53,0
816,2024-09-01,1,38.85,0
816,2024-11-01,1,85.99,0
816,2024-12-01,1,58.49,0
816,2025-01-01,1,28.66,0
816,2025-03-01,1,13.61,0
816,2025-04-01,1,15.65,0
816,2025-06-01,4,119.55,0
816,2025-08-01,2,104.97,0
816,2025-09-01,1,44.12,0
816,2025-10-01,1,172.68,0
816,2025-11-01,1,45.36,0
816,2025-12-01,1,8.44,0
816,2026-02-01,1,31.6,0
816,2026-03-01,1,169.31,1
816,2026-04-01,1,56.95,0
816,2026-06-01,1,87.3,0
816,2026-07-01,2,90.02,0
818,2026-06-01,1,12.3,0
818,2026-07-01,2,97.47,1
819,2025-08-01,2,181.41,0
819,2025-09-01,2,82.60000000000001,0
819,2026-01-01,1,38.93,0
819,2026-04-01,1,22.26,0
819,2026-06-01,2,52.21,0
820,2024-05-01,1,7.25,0
820,2024-07-01,2,196.95,0
820,2024-09-01,1,61.14,0
820,2024-11-01,1,62.93,0
820,2025-01-01,2,50.25,0
820,2025-02-01,1,29.9,0
820,2025-03-01,1,29.02,0
820,2025-06-01,1,102.79,0
820,2025-07-01,1,17.9,0
820,2025-09-01,3,354.11,0
820,2025-10-01,1,13.83,0
820,2026-05-01,1,148.63,0
820,2026-06-01,1,26.46,0
822,2025-03-01,2,50.629999999999995,1
822,2025-04-01,2,147.21,0
822,2025-05-01,2,63.45,0
822,2025-06-01,1,60.22,0
822,2025-09-01,1,67.66,0
822,2026-02-01,2,142.26999999999998,0
823,2026-04-01,2,48.230000000000004,0
824,2025-11-01,1,42.57,0
824,2025-12-01,1,25.3,0
824,2026-01-01,1,135.85,0
824,2026-02-01,1,7.56,0
824,2026-05-01,1,214.53,0
824,2026-06-01,1,24.29,0
824,2026-07-01,1,35.74,0
825,2025-05-01,1,8.89,0
825,2025-10-01,1,99.64,0
825,2025-12-01,1,104.88,0
825,2026-01-01,2,69.36,0
825,2026-03-01,1,385.58,0
825,2026-05-01,1,43.15,0
825,2026-06-01,1,27.73,0
826,2026-05-01,1,34.84,0
827,2025-11-01,2,93.06,0
827,2026-01-01,1,25.06,0
827,2026-02-01,2,75.18,0
827,2026-03-01,2,116.03,1
827,2026-04-01,2,65.25,0
827,2026-05-01,1,30.06,0
827,2026-06-01,2,67.82,0
828,2024-11-01,1,6.8,0
828,2025-01-01,3,191.25,0
828,2025-03-01,1,23.58,0
828,2025-04-01,1,20.16,0
828,2025-06-01,1,106.05,0
828,2025-09-01,1,18.45,0
828,2025-12-01,2,81.6,0
828,2026-01-01,3,127.75999999999999,0
828,2026-02-01,1,62.02,0
828,2026-03-01,1,65.64,0
828,2026-04-01,1,3.4,0
828,2026-05-01,1,23.17,0
828,2026-07-01,1,23.91,0
829,2025-01-01,1,7.32,0
829,2025-03-01,1,47.48,0
829,2025-05-01,4,156.23000000000002,0
829,2025-07-01,2,70.1,0
829,2025-08-01,1,42.56,0
829,2025-10-01,2,109.87,0
829,2025-11-01,1,16.7,0
829,2025-12-01,2,48.040000000000006,1
829,2026-01-01,2,128.45,0
829,2026-02-01,2,36.95,0
829,2026-03-01,1,15.69,0
829,2026-07-01,3,89.69,0
831,2026-01-01,1,16.36,0
831,2026-04-01,2,57.480000000000004,1
831,2026-06-01,1,58.17,0
832,2026-04-01,1,42.72,0
832,2026-05-01,1,34.5,0
832,2026-06-01,1,12.98,0
833,2026-03-01,2,36.17,0
833,2026-04-01,1,22.42,0
833,2026-06-01,1,15.85,0
833,2026-07-01,1,22.83,0
834,2026-07-01,1,31.58,0
835,2026-01-01,1,6.23,0
835,2026-02-01,1,14.74,0
835,2026-04-01,1,39.16,0
835,2026-06-01,1,66.91,0
836,2025-08-01,1,32.67,0
836,2025-09-01,2,34.25,0
836,2025-10-01,5,229.07,1
836,2025-11-01,3,80.42,0
836,2025-12-01,1,40.55,0
836,2026-01-01,1,37.48,0
836,2026-02-01,2,197.96,0
836,2026-07-01,2,79.16999999999999,0
837,2025-11-01,1,34.35,0
837,2026-01-01,2,62.769999999999996,0
837,2026-02-01,1,156.46,0
837,2026-03-01,2,122.64999999999999,0
837,2026-04-01,1,67.53,0
837,2026-05-01,1,61.13,0
837,2026-06-01,2,54.11,0
837,2026-07-01,1,40.17,0
838,2026-04-01,2,140.99,0
838,2026-05-01,1,32.74,0
838,2026-06-01,2,27.21,0
839,2026-07-01,1,79.03,0
840,2024-10-01,2,65.55,0
840,2025-01-01,1,38.02,0
840,2025-02-01,3,103.39,0
840,2025-08-01,1,57.71,0
840,2025-11-01,2,50.8,0
840,2026-01-01,2,41.129999999999995,0
840,2026-02-01,1,97.3,0
841,2026-01-01,1,207.11,0
841,2026-02-01,2,39.11,1
841,2026-03-01,1,95.72,0
841,2026-06-01,2,235.31,0
841,2026-07-01,1,11.78,0
842,2025-07-01,1,8.44,0
842,2025-10-01,1,6.42,0
842,2025-12-01,2,74.82,0
842,2026-04-01,1,54.43,0
842,2026-05-01,2,191.87,0
843,2025-02-01,2,142.8,0
843,2025-05-01,1,59.9,0
843,2025-07-01,1,26.42,0
843,2025-09-01,1,66.66,0
843,2025-10-01,1,135.85,0
843,2025-11-01,1,129.95,0
843,2025-12-01,1,363.4,0
843,2026-03-01,1,132.42,0
843,2026-04-01,1,10.94,0
843,2026-05-01,2,117.69,1
843,2026-06-01,1,24.3,0
847,2026-06-01,1,62.12,0
848,2026-06-01,2,220.93,0
849,2025-12-01,1,21.67,0
849,2026-01-01,1,60.15,0
849,2026-02-01,1,34.9,1
849,2026-03-01,3,59.34,0
849,2026-04-01,1,18.85,0
849,2026-05-01,1,45.14,0
849,2026-07-01,1,14.36,0
850,2025-10-01,2,122.85,1
850,2025-11-01,1,35.12,0
850,2025-12-01,3,98.02,0
850,2026-01-01,2,152.72,0
850,2026-02-01,1,19.51,0
850,2026-03-01,1,53.12,1
850,2026-06-01,1,95.72,0
851,2025-01-01,1,22.74,0
851,2025-03-01,3,50.92,0
851,2025-06-01,1,10.85,0
851,2025-07-01,1,24.36,0
851,2025-09-01,2,63.269999999999996,0
851,2025-10-01,1,32.42,0
851,2025-11-01,1,47.89,0
851,2025-12-01,3,85.42999999999999,0
851,2026-03-01,4,253.32999999999998,0
851,2026-05-01,1,29.38,0
851,2026-06-01,1,5.16,0
852,2026-01-01,1,132.31,0
852,2026-02-01,1,29.44,0
852,2026-06-01,2,78.81,0
853,2025-03-01,2,44.3,0
853,2025-08-01,1,17.03,0
853,2025-11-01,3,63.41,0
853,2026-01-01,2,110.57999999999998,0
853,2026-02-01,1,31.24,0
853,2026-03-01,1,12.79,0
853,2026-04-01,1,30.19,0
853,2026-05-01,1,42.79,0
853,2026-07-01,2,67.96,0
854,2026-06-01,1,95.59,0
854,2026-07-01,1,68.99,0
855,2026-01-01,1,13.98,1
855,2026-06-01,1,48.03,0
855,2026-07-01,1,201.25,0
856,2024-10-01,1,11.96,0
856,2024-11-01,1,12.23,0
856,2025-02-01,3,103.33000000000001,0
856,2025-04-01,1,54.6,0
856,2025-08-01,1,19.69,0
856,2025-09-01,1,54.47,0
856,2025-11-01,1,60.49,0
856,2026-02-01,1,10.42,0
856,2026-03-01,1,8.55,0
856,2026-05-01,2,35.57,0
856,2026-06-01,1,34.73,0
856,2026-07-01,2,44.71,0
857,2025-12-01,2,80.53999999999999,0
857,2026-02-01,1,10.85,0
857,2026-03-01,1,52.66,0
857,2026-04-01,1,24.39,0
857,2026-05-01,1,75.22,0
857,2026-06-01,4,143.73,1
857,2026-07-01,1,22.11,0
859,2025-04-01,1,4.53,0
859,2025-05-01,1,42.04,0
859,2025-06-01,1,202.38,0
859,2025-08-01,1,12.91,0
859,2025-09-01,1,77.79,0
859,2025-10-01,1,45.19,0
859,2025-11-01,1,23.51,0
859,2026-01-01,1,29.31,0
859,2026-03-01,1,134.12,0
859,2026-05-01,2,107.69999999999999,0
859,2026-06-01,3,116.62,0
860,2024-09-01,1,70.23,0
860,2024-10-01,2,67.63,0
860,2025-02-01,3,89.84,0
860,2025-06-01,2,60.27,0
860,2025-09-01,1,40.19,0
860,2026-01-01,2,63.260000000000005,0
860,2026-02-01,2,52.71,0
860,2026-04-01,2,50.14,0
860,2026-05-01,1,64.7,0
860,2026-06-01,1,41.68,0
860,2026-07-01,1,77.79,0
861,2025-03-01,2,96.82000000000001,0
861,2025-05-01,1,22.57,0
861,2025-06-01,1,395.44,0
861,2025-10-01,1,15.31,0
861,2025-12-01,1,59.85,0
861,2026-03-01,1,40.46,0
861,2026-05-01,1,11.26,0
861,2026-06-01,1,6.02,0
862,2024-10-01,2,51.41,0
862,2024-11-01,1,25.68,0
862,2025-01-01,2,64.39,1
862,2025-03-01,2,123.94999999999999,0
862,2025-04-01,1,20.87,0
862,2025-10-01,2,23.62,1
862,2025-11-01,1,138.34,0
862,2026-02-01,3,81.97,0
862,2026-03-01,2,52.4,0
862,2026-06-01,1,15.03,0
862,2026-07-01,1,42.21,0
864,2025-06-01,1,22.19,0
864,2025-07-01,1,274.82,0
864,2025-08-01,2,49.61,0
864,2025-09-01,2,19.04,0
864,2026-01-01,3,71.21000000000001,0
864,2026-02-01,1,20.2,0
865,2025-06-01,1,99.91,0
865,2025-11-01,1,116.8,0
865,2026-01-01,1,9.59,0
865,2026-04-01,1,20.26,0
866,2025-02-01,1,126.03,0
866,2025-03-01,1,83.59,0
866,2025-04-01,1,53.64,0
866,2025-06-01,3,218.57,0
866,2025-09-01,3,96.61000000000001,1
866,2025-10-01,1,37.94,0
866,2026-03-01,1,7.41,0
866,2026-06-01,1,5.08,0
866,2026-07-01,1,10.13,1
867,2025-03-01,2,141.51,0
867,2025-05-01,1,24.55,0
867,2025-07-01,1,67.18,1
867,2025-10-01,1,29.91,0
867,2026-01-01,1,15.33,0
867,2026-03-01,1,42.82,0
867,2026-05-01,2,132.99,0
868,2024-12-01,1,7.81,0
868,2025-01-01,1,24.94,0
868,2025-02-01,3,140.18,0
868,2025-05-01,1,25.66,0
868,2025-08-01,2,31.79,0
868,2025-09-01,2,64.71,0
868,2025-12-01,1,141.92,0
868,2026-03-01,2,105.03999999999999,0
868,2026-04-01,1,6.46,0
868,2026-05-01,1,37.97,0
868,2026-06-01,1,65.74,0
869,2026-02-01,1,13.39,0
869,2026-04-01,1,15.87,0
869,2026-06-01,1,14.33,0
869,2026-07-01,1,43.27,0
871,2026-04-01,2,155.59,0
871,2026-05-01,3,68.52,0
871,2026-06-01,1,97.36,0
873,2026-06-01,1,13.77,0
873,2026-07-01,2,37.41,0
874,2026-04-01,1,17.96,0
874,2026-05-01,1,15.04,0
874,2026-06-01,2,32.71,0
875,2025-07-01,1,5.17,0
875,2025-08-01,3,229.38,0
875,2025-10-01,1,153.09,0
875,2025-11-01,1,56.12,0
875,2026-01-01,2,84.36,1
875,2026-02-01,1,68.42,0
875,2026-03-01,1,16.33,1
875,2026-04-01,1,19.01,0
875,2026-07-01,1,4.02,0
876,2025-08-01,2,41.62,0
876,2025-09-01,1,35.55,0
876,2026-01-01,3,60.15,0
876,2026-02-01,2,86.21000000000001,0
876,2026-05-01,1,33.82,0
876,2026-06-01,1,57.78,0
877,2025-07-01,1,20.01,0
877,2025-09-01,1,23.67,0
877,2025-10-01,1,25.26,0
877,2025-11-01,1,19.85,0
877,2025-12-01,1,18.53,0
877,2026-01-01,1,44.34,0
877,2026-05-01,3,158.23000000000002,0
877,2026-06-01,2,74.73,0
878,2025-07-01,1,40.95,0
878,2025-08-01,1,20.53,0
878,2025-11-01,2,98.66,0
878,2025-12-01,1,170.17,0
878,2026-01-01,1,43.16,0
878,2026-02-01,1,9.97,0
878,2026-03-01,1,45.04,0
878,2026-04-01,3,82.94,0
878,2026-05-01,3,194.73,0
879,2025-07-01,1,34.36,0
879,2026-01-01,1,44.91,0
879,2026-02-01,1,25.87,1
879,2026-05-01,1,33.19,0
880,2025-04-01,1,15.11,1
880,2025-05-01,1,130.88,0
880,2025-09-01,1,32.06,0
880,2025-11-01,2,124.37,0
880,2025-12-01,2,108.87,0
880,2026-04-01,1,13.08,0
880,2026-05-01,2,29.080000000000002,1
880,2026-07-01,1,15.4,0
882,2024-12-01,1,9.05,0
882,2025-01-01,1,29.62,0
882,2025-02-01,1,45.86,0
882,2025-07-01,1,74.26,0
882,2025-08-01,1,11.02,0
882,2025-11-01,1,40.0,0
882,2026-04-01,1,63.93,0
882,2026-05-01,1,51.8,0
882,2026-06-01,2,35.92,0
883,2025-08-01,1,52.26,0
883,2025-09-01,1,43.93,0
883,2025-10-01,1,67.7,0
883,2025-11-01,1,32.21,0
883,2026-02-01,2,68.35,0
883,2026-04-01,2,104.81,0
883,2026-05-01,1,53.91,0
884,2026-03-01,1,143.55,0
884,2026-05-01,2,79.18,0
885,2025-07-01,1,34.28,0
885,2025-08-01,1,10.44,0
885,2025-09-01,1,20.2,0
885,2025-10-01,1,21.69,0
885,2025-11-01,1,16.73,0
885,2026-01-01,1,15.08,0
885,2026-04-01,2,39.69,0
885,2026-05-01,1,5.24,0
886,2025-08-01,1,95.7,0
886,2025-09-01,1,31.56,0
886,2025-11-01,1,186.74,0
886,2025-12-01,2,55.76,0
886,2026-04-01,2,277.13,0
886,2026-07-01,1,25.99,0
887,2026-06-01,1,27.89,0
888,2026-05-01,1,22.24,0
888,2026-06-01,2,31.1,0
890,2026-04-01,1,164.13,0
890,2026-06-01,1,41.82,1
891,2026-06-01,1,54.8,1
892,2025-10-01,1,7.1,0
892,2025-12-01,2,95.24000000000001,0
892,2026-01-01,1,59.1,0
892,2026-02-01,2,76.56,0
892,2026-07-01,2,118.92999999999999,0
893,2025-11-01,1,14.64,0
893,2025-12-01,1,5.05,0
893,2026-01-01,1,5.06,0
893,2026-05-01,2,76.65,0
894,2024-07-01,2,75.99,0
894,2024-09-01,1,90.27,0
894,2024-11-01,2,75.56,0
894,2025-01-01,1,87.86,0
894,2025-05-01,1,50.67,0
894,2025-06-01,2,190.25,0
894,2025-08-01,2,38.03,0
894,2025-10-01,2,98.95,0
894,2025-11-01,2,34.269999999999996,0
894,2026-03-01,1,26.67,0
894,2026-04-01,2,295.6,0
894,2026-06-01,1,208.07,0
895,2025-10-01,1,100.05,0
895,2025-11-01,1,22.44,0
895,2025-12-01,4,161.18,0
895,2026-03-01,3,174.99,0
895,2026-05-01,1,24.48,0
895,2026-06-01,1,62.19,0
895,2026-07-01,1,47.32,0
896,2025-11-01,1,119.92,0
896,2026-01-01,2,50.760000000000005,0
896,2026-02-01,1,3.0,0
896,2026-04-01,1,36.78,0
896,2026-05-01,3,206.0,0
896,2026-07-01,1,69.75,0
897,2026-03-01,2,53.32,0
897,2026-06-01,1,19.85,0
898,2026-06-01,1,9.13,0
899,2026-06-01,1,6.55,0
900,2025-12-01,1,27.03,0
900,2026-03-01,1,22.53,0
900,2026-04-01,3,135.46,1
900,2026-07-01,3,108.44,0
903,2026-03-01,2,37.29,0
903,2026-05-01,1,13.34,0
903,2026-06-01,2,217.18,1
904,2024-11-01,1,44.9,0
904,2025-04-01,1,35.49,0
904,2025-05-01,1,37.26,0
904,2025-06-01,1,31.29,0
904,2025-07-01,1,162.41,0
904,2025-08-01,1,12.59,0
904,2025-09-01,1,9.84,0
904,2025-11-01,1,5.62,0
904,2026-03-01,1,57.36,0
904,2026-04-01,1,89.16,0
904,2026-07-01,1,22.93,1
905,2026-04-01,3,110.67,0
905,2026-05-01,2,52.36,0
906,2025-09-01,1,84.4,0
906,2025-10-01,1,11.58,0
906,2025-12-01,2,29.490000000000002,0
906,2026-01-01,2,96.08,0
906,2026-02-01,1,29.63,0
906,2026-04-01,2,209.79000000000002,1
906,2026-05-01,2,37.2,0
907,2026-02-01,2,88.80000000000001,0
907,2026-04-01,2,132.18,1
908,2026-06-01,1,22.86,0
909,2025-12-01,2,42.22,0
909,2026-02-01,2,217.38,0
909,2026-03-01,3,123.22999999999999,0
909,2026-04-01,2,61.97,0
909,2026-07-01,1,11.14,0
910,2026-07-01,1,63.08,0
911,2025-04-01,1,13.41,0
911,2025-05-01,1,10.92,0
911,2025-06-01,1,29.56,0
911,2025-08-01,1,101.37,0
911,2026-02-01,1,41.78,0
911,2026-05-01,2,43.39,0
911,2026-06-01,1,36.8,0
911,2026-07-01,1,8.22,0
912,2026-05-01,2,62.24,0
913,2026-02-01,3,71.15,0
913,2026-04-01,2,71.02,0
913,2026-05-01,2,61.03,1
913,2026-06-01,1,53.28,0
913,2026-07-01,1,13.95,0
914,2024-05-01,1,10.18,0
914,2024-07-01,1,51.9,1
914,2024-09-01,1,7.71,0
914,2025-01-01,2,189.61,0
914,2025-03-01,2,84.92,0
914,2025-07-01,4,205.41,0
914,2025-10-01,1,71.26,0
914,2026-03-01,1,29.4,0
914,2026-05-01,1,44.55,0
914,2026-06-01,1,29.99,0
915,2025-08-01,1,10.99,0
915,2025-09-01,3,171.14000000000001,0
915,2025-10-01,1,32.78,0
915,2025-11-01,1,31.91,0
915,2025-12-01,1,4.98,0
915,2026-02-01,1,20.22,0
915,2026-03-01,2,19.76,0
916,2026-01-01,1,10.65,0
916,2026-05-01,2,21.77,0
917,2025-09-01,1,44.85,0
917,2025-10-01,2,40.400000000000006,0
917,2026-02-01,2,61.33,0
917,2026-03-01,3,112.81,0
917,2026-07-01,2,47.870000000000005,0
918,2025-12-01,1,103.4,0
918,2026-01-01,6,269.58000000000004,0
918,2026-04-01,1,137.73,0
918,2026-05-01,2,198.81,0
918,2026-06-01,2,79.47,0
918,2026-07-01,1,38.84,0
919,2026-01-01,1,192.22,0
920,2025-10-01,1,57.63,0
920,2025-12-01,2,46.19,0
920,2026-02-01,3,250.97,0
920,2026-03-01,3,183.70999999999998,0
920,2026-04-01,2,69.43,0
920,2026-05-01,2,219.57,0
920,2026-06-01,1,52.87,0
921,2025-05-01,1,6.93,0
921,2025-07-01,2,37.96,0
921,2025-08-01,1,19.96,0
921,2025-12-01,1,26.98,0
921,2026-01-01,1,36.71,0
921,2026-03-01,2,44.46,0
921,2026-05-01,2,35.21,0
922,2026-01-01,1,57.2,0
922,2026-04-01,3,146.78,0
922,2026-07-01,1,168.74,0
923,2025-10-01,1,19.63,0
923,2025-11-01,1,32.27,0
923,2026-03-01,1,90.1,0
923,2026-04-01,1,3.24,0
923,2026-05-01,1,173.35,0
924,2026-04-01,1,47.26,0
924,2026-06-01,2,78.21,0
925,2026-03-01,1,169.24,1
926,2025-03-01,1,37.21,0
926,2025-04-01,1,24.66,0
926,2025-06-01,1,64.8,0
926,2025-10-01,1,24.05,0
926,2025-11-01,1,82.33,0
926,2025-12-01,1,22.94,0
926,2026-04-01,1,24.77,0
926,2026-05-01,1,24.52,0
926,2026-06-01,1,26.65,0
926,2026-07-01,2,61.02,0
927,2025-04-01,1,76.98,0
927,2025-06-01,2,86.03999999999999,0
927,2025-10-01,1,17.82,1
927,2025-11-01,1,43.16,0
927,2025-12-01,2,31.25,0
927,2026-01-01,1,20.11,0
927,2026-03-01,3,185.73,0
927,2026-04-01,1,9.64,0
927,2026-05-01,1,56.26,0
927,2026-07-01,1,17.01,0
928,2026-01-01,1,64.3,0
928,2026-02-01,1,13.98,0
928,2026-03-01,1,22.71,0
928,2026-05-01,4,129.81,0
928,2026-06-01,2,17.35,0
929,2026-05-01,1,55.03,0
929,2026-06-01,1,13.75,0
929,2026-07-01,1,3.0,0
930,2025-04-01,2,53.5,0
930,2025-05-01,1,33.4,0
930,2025-06-01,2,82.07,0
930,2025-09-01,1,60.38,0
930,2025-11-01,1,43.26,0
930,2026-01-01,2,89.55,0
930,2026-02-01,1,19.94,0
930,2026-04-01,1,96.17,0
930,2026-06-01,1,28.58,0
931,2025-09-01,4,52.22,1
931,2025-11-01,1,16.39,1
931,2026-01-01,2,219.69,0
931,2026-05-01,2,64.96000000000001,0
931,2026-06-01,1,22.98,0
931,2026-07-01,1,32.36,0
932,2026-02-01,1,120.32,0
932,2026-03-01,1,48.52,0
932,2026-04-01,2,125.09,0
932,2026-07-01,1,37.94,0
933,2026-05-01,4,144.74,0
933,2026-07-01,2,63.32,0
934,2025-06-01,1,24.54,0
934,2025-08-01,2,93.91999999999999,0
934,2025-11-01,3,124.1,0
934,2026-01-01,1,47.62,0
934,2026-04-01,1,12.52,0
934,2026-06-01,1,82.94,0
935,2026-02-01,3,101.92,0
935,2026-07-01,1,12.52,0
936,2024-09-01,1,40.72,1
936,2024-12-01,1,69.43,0
936,2025-01-01,3,158.18,0
936,2025-04-01,2,109.26,0
936,2025-08-01,2,88.97,0
936,2025-09-01,1,74.28,0
936,2025-11-01,1,17.41,0
936,2026-02-01,1,39.53,1
936,2026-03-01,1,48.6,0
936,2026-06-01,3,101.65,1
936,2026-07-01,1,3.68,0
937,2026-06-01,1,20.48,0
938,2026-06-01,1,22.62,0
938,2026-07-01,1,38.98,0
939,2025-07-01,1,27.08,0
939,2025-08-01,2,111.68,0
939,2025-10-01,1,31.06,0
939,2026-04-01,1,66.79,0
939,2026-05-01,3,68.3,1
940,2025-08-01,1,33.1,0
940,2025-09-01,3,129.28,0
940,2025-10-01,1,105.61,0
940,2026-02-01,1,28.33,0
941,2025-03-01,1,13.74,0
941,2025-07-01,1,67.37,1
941,2025-08-01,1,101.61,0
941,2025-09-01,1,26.75,0
941,2026-02-01,1,19.1,0
941,2026-03-01,1,116.31,0
941,2026-05-01,1,187.54,0
941,2026-06-01,1,10.39,0
941,2026-07-01,1,47.12,0
942,2025-11-01,2,211.76,1
942,2025-12-01,1,114.89,0
942,2026-01-01,1,10.29,0
942,2026-02-01,2,76.65,0
942,2026-03-01,2,91.77,0
942,2026-04-01,1,8.86,0
942,2026-07-01,1,8.04,0
943,2025-02-01,1,90.58,0
943,2025-08-01,1,16.87,0
943,2025-09-01,1,31.51,0
943,2025-10-01,2,48.42,0
943,2025-11-01,1,194.42,0
943,2025-12-01,2,125.47,0
943,2026-01-01,1,53.57,0
943,2026-03-01,1,6.76,0
943,2026-05-01,1,69.51,0
943,2026-06-01,2,104.28999999999999,0
943,2026-07-01,2,71.94,0
944,2026-04-01,1,23.6,0
944,2026-06-01,1,25.41,0
945,2026-04-01,1,90.24,0
945,2026-07-01,1,316.51,0
946,2026-04-01,1,50.33,1
946,2026-05-01,1,16.52,0
946,2026-06-01,1,99.37,0
946,2026-07-01,2,68.72,0
947,2026-01-01,1,12.26,0
947,2026-05-01,1,3.0,0
947,2026-06-01,3,213.43,0
947,2026-07-01,2,20.04,0
948,2026-07-01,1,48.07,1
949,2024-07-01,1,14.28,0
949,2024-10-01,2,34.8,0
949,2024-12-01,2,64.56,0
949,2025-06-01,1,10.66,0
949,2025-07-01,1,5.42,0
949,2025-10-01,1,10.61,0
949,2025-12-01,1,89.56,0
949,2026-02-01,3,109.77,0
949,2026-03-01,1,36.17,0
949,2026-04-01,1,59.66,0
949,2026-05-01,1,83.51,0
950,2026-05-01,1,91.17,0
950,2026-06-01,3,74.64,0
951,2026-05-01,1,47.1,0
951,2026-06-01,1,44.24,0
951,2026-07-01,1,64.05,0
952,2026-05-01,1,15.4,0
952,2026-06-01,2,186.54000000000002,0
952,2026-07-01,1,90.53,0
953,2025-09-01,1,25.02,0
953,2025-10-01,1,16.15,0
953,2025-11-01,1,16.96,0
953,2026-01-01,1,6.73,0
953,2026-04-01,2,62.480000000000004,1
953,2026-05-01,2,113.45,0
953,2026-06-01,2,318.14,0
953,2026-07-01,1,30.82,0
954,2026-01-01,2,121.28999999999999,0
954,2026-02-01,1,11.79,0
954,2026-05-01,1,7.91,0
954,2026-06-01,1,18.0,0
954,2026-07-01,1,5.92,0
955,2024-12-01,2,101.46000000000001,0
955,2025-01-01,1,16.38,1
955,2025-05-01,1,24.05,0
955,2025-06-01,1,33.11,0
955,2025-08-01,1,45.81,0
955,2025-11-01,2,61.480000000000004,0
955,2026-02-01,1,12.85,0
955,2026-04-01,1,36.74,0
955,2026-06-01,2,41.1,0
955,2026-07-01,1,167.03,0
956,2026-03-01,2,201.92000000000002,0
956,2026-04-01,3,198.62,0
956,2026-05-01,2,284.21999999999997,0
956,2026-06-01,1,27.93,0
956,2026-07-01,3,235.21,0
957,2025-07-01,1,22.65,0
957,2025-09-01,2,102.27,0
957,2025-10-01,1,27.35,0
957,2026-04-01,1,48.71,0
958,2026-01-01,1,60.67,0
958,2026-05-01,1,96.43,0
958,2026-06-01,1,8.51,0
958,2026-07-01,1,44.36,0
959,2025-10-01,1,98.69,0
959,2025-11-01,1,47.61,0
959,2025-12-01,2,108.24000000000001,0
959,2026-01-01,1,13.42,0
959,2026-02-01,2,18.759999999999998,0
959,2026-03-01,3,356.67,0
959,2026-05-01,1,20.23,0
960,2025-09-01,2,194.96,0
960,2026-02-01,1,4.42,0
960,2026-03-01,2,99.69,0
960,2026-05-01,1,90.32,0
960,2026-06-01,1,35.87,0
961,2026-06-01,1,151.18,0
962,2025-11-01,1,56.26,0
962,2025-12-01,2,133.84,0
962,2026-01-01,1,62.77,0
962,2026-04-01,1,53.06,0
962,2026-06-01,1,73.13,0
963,2024-09-01,1,38.14,0
963,2024-10-01,1,114.63,0
963,2024-11-01,1,16.37,0
963,2024-12-01,1,15.34,0
963,2025-02-01,2,271.64,0
963,2025-03-01,1,59.32,0
963,2025-04-01,1,38.7,0
963,2025-11-01,1,175.19,0
963,2026-01-01,1,10.47,0
963,2026-03-01,1,9.27,0
963,2026-04-01,1,99.52,0
963,2026-05-01,1,28.27,0
963,2026-06-01,1,23.61,0
964,2026-03-01,1,31.77,0
964,2026-06-01,1,39.49,0
965,2025-09-01,2,66.56,0
965,2025-10-01,1,13.41,0
965,2026-03-01,1,23.95,0
965,2026-04-01,1,83.98,0
965,2026-05-01,1,8.02,0
965,2026-06-01,1,93.54,0
965,2026-07-01,2,67.95,0
966,2025-05-01,1,37.92,0
966,2025-11-01,1,24.36,0
966,2025-12-01,2,73.13,0
966,2026-02-01,1,28.73,0
966,2026-04-01,1,56.22,0
966,2026-07-01,1,19.8,0
967,2025-08-01,1,76.83,0
967,2026-06-01,1,17.11,0
967,2026-07-01,2,291.75,0
968,2026-07-01,1,71.95,0
969,2026-05-01,4,196.08,0
969,2026-06-01,1,112.33,0
969,2026-07-01,1,25.01,0
970,2026-07-01,1,124.49,0
971,2026-02-01,1,28.16,0
971,2026-07-01,1,120.55,0
972,2025-12-01,1,16.46,0
972,2026-01-01,1,60.52,0
972,2026-03-01,2,114.88,0
972,2026-04-01,1,17.87,0
972,2026-05-01,1,27.21,0
972,2026-07-01,1,50.48,0
973,2025-11-01,1,27.39,0
973,2026-05-01,1,38.37,0
973,2026-06-01,1,131.51,0
973,2026-07-01,1,19.83,1
974,2025-10-01,1,34.28,0
974,2025-12-01,1,28.62,0
974,2026-02-01,2,68.63,0
974,2026-03-01,2,112.72,0
974,2026-04-01,1,81.05,0
974,2026-07-01,2,64.08,0
976,2026-05-01,1,27.27,0
976,2026-06-01,1,39.58,0
977,2026-07-01,2,76.88,0
978,2025-08-01,1,7.1,0
978,2025-10-01,2,59.33,0
978,2025-11-01,1,15.38,0
978,2026-05-01,1,7.39,0
978,2026-06-01,1,21.94,0
978,2026-07-01,2,199.06,0
979,2026-05-01,1,32.63,0
979,2026-06-01,1,52.93,0
979,2026-07-01,1,49.63,0
980,2025-10-01,1,24.41,0
980,2026-02-01,2,36.31,0
981,2025-06-01,2,49.69,0
981,2025-09-01,1,5.99,0
981,2025-12-01,1,16.94,0
981,2026-03-01,1,14.27,0
981,2026-04-01,1,47.49,0
981,2026-07-01,1,122.45,0
982,2025-12-01,1,24.39,0
982,2026-01-01,1,8.64,0
982,2026-02-01,2,200.95,0
982,2026-03-01,4,152.86,0
982,2026-04-01,1,39.64,0
982,2026-06-01,3,367.54,0
983,2026-01-01,1,11.56,0
983,2026-02-01,1,50.61,0
983,2026-05-01,2,98.05,0
984,2025-12-01,2,49.81,0
984,2026-05-01,1,98.8,1
984,2026-06-01,1,42.39,0
984,2026-07-01,2,196.54,0
985,2025-10-01,1,27.1,0
985,2025-11-01,1,74.55,0
985,2025-12-01,1,443.82,0
985,2026-01-01,2,137.22,0
985,2026-02-01,1,18.24,0
985,2026-03-01,1,96.43,0
985,2026-04-01,1,32.17,0
985,2026-05-01,2,56.15,0
985,2026-06-01,1,43.56,0
986,2025-07-01,3,211.38,0
986,2025-09-01,3,127.76,1
986,2025-12-01,2,53.16,0
986,2026-01-01,1,9.96,0
986,2026-06-01,2,59.0,0
986,2026-07-01,1,25.23,0
987,2025-06-01,1,21.36,0
987,2025-08-01,2,101.78,0
987,2025-09-01,2,250.03,0
987,2025-10-01,2,45.29,0
987,2025-12-01,1,12.74,0
987,2026-01-01,1,9.8,0
987,2026-02-01,2,22.71,0
987,2026-04-01,2,81.83,0
987,2026-05-01,2,56.08,0
987,2026-06-01,1,55.82,0
988,2025-12-01,4,282.28,0
988,2026-07-01,2,268.1,0
989,2026-01-01,1,79.47,0
989,2026-02-01,1,110.13,0
989,2026-03-01,1,52.03,0
989,2026-04-01,1,84.31,0
989,2026-07-01,1,13.68,0
990,2025-04-01,1,19.55,0
990,2025-05-01,1,20.9,0
990,2025-08-01,1,75.09,0
990,2025-10-01,1,133.87,1
990,2025-12-01,2,67.37,0
990,2026-05-01,1,70.92,0
991,2026-03-01,1,76.68,0
991,2026-04-01,1,10.57,0
991,2026-07-01,1,95.54,1
992,2025-12-01,1,94.72,0
992,2026-03-01,1,27.33,0
992,2026-04-01,2,65.5,0
993,2026-03-01,1,60.1,0
993,2026-05-01,2,133.56,0
993,2026-07-01,1,24.84,0
994,2025-09-01,2,80.81,1
994,2025-12-01,2,126.69999999999999,0
994,2026-03-01,2,48.16,0
994,2026-07-01,1,72.54,0
995,2025-05-01,1,160.81,0
995,2025-09-01,2,164.83,0
995,2025-10-01,2,42.67,0
995,2025-11-01,1,78.69,0
995,2025-12-01,1,3.0,0
995,2026-03-01,1,42.94,0
995,2026-05-01,1,28.54,1
996,2025-11-01,2,94.42,0
996,2026-01-01,1,5.95,0
996,2026-03-01,2,92.46,1
996,2026-05-01,1,45.34,0
996,2026-06-01,2,67.41,0
997,2025-06-01,3,115.84,1
997,2025-07-01,1,14.49,0
997,2025-12-01,2,77.65,0
997,2026-01-01,1,25.65,0
997,2026-02-01,1,28.21,0
997,2026-04-01,2,65.96000000000001,1
997,2026-05-01,1,122.76,0
997,2026-06-01,1,18.0,0
997,2026-07-01,1,21.65,0
998,2026-04-01,3,261.76,0
998,2026-06-01,1,25.24,0
998,2026-07-01,1,29.81,0
999,2025-04-01,1,17.49,0
999,2025-05-01,1,10.66,0
999,2025-06-01,1,46.51,0
999,2025-10-01,1,11.99,0
999,2025-12-01,2,147.75,0
999,2026-01-01,1,43.44,0
999,2026-04-01,2,190.98,0
999,2026-07-01,1,13.22,0
1000,2026-03-01,3,185.51999999999998,0
1000,2026-04-01,2,20.119999999999997,0
1000,2026-06-01,1,48.34,0
1001,2025-05-01,2,84.86,1
1001,2025-08-01,1,15.71,0
1001,2025-10-01,2,43.800000000000004,0
1001,2026-04-01,1,24.54,0
1001,2026-05-01,1,30.17,0
1001,2026-06-01,2,40.9,0
1002,2025-11-01,2,27.64,0
1002,2025-12-01,2,93.05000000000001,0
1002,2026-01-01,3,125.93,0
1002,2026-02-01,1,14.15,0
1002,2026-03-01,1,27.93,0
1002,2026-04-01,2,93.93,0
1002,2026-06-01,2,212.16000000000003,0
1002,2026-07-01,1,31.32,0
1003,2026-01-01,1,25.84,0
1003,2026-02-01,2,20.93,0
1003,2026-03-01,2,142.29,0
1003,2026-04-01,1,19.57,0
1003,2026-05-01,2,173.11999999999998,0
1003,2026-07-01,1,13.0,0
1004,2024-11-01,1,148.11,0
1004,2025-01-01,2,140.79,0
1004,2025-02-01,1,10.5,0
1004,2025-03-01,1,78.99,0
1004,2025-05-01,1,59.4,0
1004,2025-07-01,2,187.5,0
1004,2025-08-01,1,35.32,0
1004,2025-10-01,1,5.69,0
1004,2025-11-01,1,14.9,0
1004,2026-03-01,1,45.93,0
1004,2026-04-01,2,178.28,1
1004,2026-06-01,1,9.45,0
1004,2026-07-01,2,76.86,0
1005,2026-04-01,1,27.97,0
1006,2024-09-01,1,54.21,0
1006,2024-11-01,1,9.34,0
1006,2024-12-01,1,6.96,0
1006,2025-01-01,1,46.11,0
1006,2025-03-01,1,24.2,0
1006,2025-04-01,2,195.99,0
1006,2025-05-01,1,17.69,1
1006,2025-06-01,3,273.91,0
1006,2025-07-01,1,42.52,0
1006,2025-08-01,1,40.36,0
1006,2025-10-01,2,115.27,0
1006,2025-12-01,1,40.16,0
1006,2026-02-01,2,36.43,0
1006,2026-03-01,3,350.24,0
1006,2026-04-01,1,42.8,0
1006,2026-05-01,3,84.7,0
1006,2026-06-01,1,19.16,0
1006,2026-07-01,1,31.5,0
1007,2024-12-01,1,24.63,0
1007,2025-01-01,1,61.72,0
1007,2025-04-01,2,40.42,0
1007,2025-06-01,1,25.43,0
1007,2025-07-01,1,18.46,0
1007,2025-08-01,1,57.31,0
1007,2025-10-01,2,28.409999999999997,0
1007,2025-12-01,1,17.25,0
1007,2026-01-01,2,196.15,0
1007,2026-02-01,1,18.36,0
1007,2026-05-01,2,128.59,0
1007,2026-06-01,1,98.31,0
1008,2025-09-01,2,99.75999999999999,0
1008,2026-03-01,1,3.88,0
1008,2026-05-01,1,95.93,0
1008,2026-06-01,2,10.41,0
1008,2026-07-01,1,148.95,0
1009,2025-09-01,1,13.59,0
1009,2025-12-01,1,14.64,0
1009,2026-03-01,1,39.3,0
1010,2025-07-01,1,86.77,0
1010,2025-08-01,1,55.8,0
1010,2025-09-01,2,28.78,1
1010,2025-12-01,2,45.08,0
1010,2026-01-01,2,93.23,0
1010,2026-02-01,1,28.95,1
1010,2026-03-01,2,41.67999999999999,0
1010,2026-04-01,1,14.67,0
1010,2026-06-01,1,21.55,0
1010,2026-07-01,1,5.39,0
1011,2025-12-01,1,50.47,0
1011,2026-01-01,2,53.56,0
1011,2026-02-01,1,8.3,0
1011,2026-06-01,1,119.11,0
1011,2026-07-01,1,24.43,0
1012,2025-05-01,1,36.82,0
1012,2025-06-01,1,32.57,1
1012,2025-07-01,2,74.82000000000001,0
1012,2025-08-01,3,246.93,0
1012,2025-12-01,1,5.86,0
1012,2026-02-01,2,70.03,1
1012,2026-03-01,2,359.40000000000003,0
1012,2026-04-01,1,73.79,0
1012,2026-07-01,1,14.08,0
1013,2026-06-01,1,162.89,0
1014,2025-11-01,2,167.23000000000002,1
1014,2026-01-01,1,43.58,0
1014,2026-02-01,1,40.96,0
1014,2026-03-01,2,138.82,0
1014,2026-04-01,1,15.41,0
1014,2026-06-01,1,84.49,0
1015,2025-05-01,1,5.38,0
1015,2025-07-01,1,18.09,0
1015,2026-06-01,3,94.8,0
1015,2026-07-01,1,18.73,0
1016,2024-08-01,1,143.14,0
1016,2025-01-01,1,57.54,0
1016,2025-06-01,1,30.82,0
1016,2025-07-01,3,278.84,0
1016,2025-08-01,1,10.46,0
1016,2025-09-01,1,43.22,0
1016,2025-11-01,2,250.48,0
1016,2026-01-01,1,40.36,0
1016,2026-03-01,1,67.86,0
1016,2026-05-01,1,30.0,0
1016,2026-06-01,3,198.48000000000002,0
1016,2026-07-01,1,62.03,0
1017,2025-09-01,2,183.93,0
1017,2026-01-01,1,77.74,1
1017,2026-02-01,1,192.33,0
1017,2026-06-01,1,91.53,0
1018,2026-02-01,2,54.19,1
1020,2026-05-01,1,62.7,0
1021,2026-06-01,1,19.01,0
1023,2024-10-01,1,20.99,0
1023,2025-01-01,1,11.11,0
1023,2025-02-01,2,85.25,0
1023,2025-10-01,2,81.78999999999999,0
1023,2026-01-01,1,28.26,0
1023,2026-02-01,1,36.72,0
1023,2026-05-01,1,20.11,0
1023,2026-07-01,1,276.77,0
1024,2025-05-01,1,10.04,0
1024,2025-06-01,1,19.4,0
1024,2025-08-01,1,99.97,0
1024,2025-10-01,2,145.84,0
1024,2025-12-01,2,51.61,0
1024,2026-01-01,1,33.56,0
1024,2026-02-01,2,60.370000000000005,0
1024,2026-03-01,1,27.91,0
1024,2026-05-01,1,24.9,0
1025,2025-01-01,2,71.92,0
1025,2025-08-01,1,93.9,0
1025,2026-01-01,2,142.9,0
1025,2026-06-01,1,66.24,0
1028,2026-03-01,1,84.11,0
1028,2026-04-01,1,17.38,0
1028,2026-06-01,2,93.67999999999999,0
1029,2025-12-01,1,120.48,0
1029,2026-02-01,1,50.64,0
1029,2026-05-01,1,34.99,0
1030,2026-03-01,1,62.09,0
1030,2026-04-01,3,140.92999999999998,0
1030,2026-07-01,1,18.08,0
1031,2025-07-01,1,17.1,0
1031,2025-08-01,2,61.79,0
1031,2025-11-01,1,66.54,0
1031,2026-03-01,2,95.03999999999999,1
1031,2026-06-01,1,118.45,0
1032,2026-05-01,1,8.04,0
1032,2026-06-01,2,46.5,1
1033,2025-10-01,2,75.69000000000001,0
1033,2025-11-01,2,103.31,1
1033,2025-12-01,3,97.57,0
1033,2026-01-01,1,133.8,0
1033,2026-04-01,1,18.17,0
1033,2026-05-01,1,13.82,0
1033,2026-07-01,1,11.29,0
1034,2025-12-01,1,21.46,0
1034,2026-01-01,1,15.11,0
1034,2026-04-01,1,24.45,0
1034,2026-05-01,2,101.32000000000001,0
1034,2026-06-01,1,79.82,0
1035,2026-07-01,2,106.51,0
1036,2025-05-01,2,39.260000000000005,0
1036,2025-08-01,1,41.84,0
1036,2025-09-01,1,54.13,0
1036,2025-11-01,1,89.49,0
1036,2025-12-01,1,10.53,0
1036,2026-01-01,1,24.46,0
1036,2026-02-01,1,40.43,0
1036,2026-03-01,2,120.99000000000001,1
1036,2026-05-01,1,54.89,0
1036,2026-07-01,1,6.48,0
1037,2024-07-01,1,50.1,0
1037,2024-08-01,1,78.83,0
1037,2024-09-01,1,8.4,0
1037,2024-10-01,2,54.14,0
1037,2024-11-01,4,151.92,0
1037,2025-03-01,2,103.85,0
1037,2025-04-01,1,15.34,0
1037,2025-05-01,2,87.07,0
1037,2025-06-01,1,48.08,0
1037,2025-07-01,1,17.01,0
1037,2025-10-01,1,42.65,0
1037,2025-12-01,1,28.78,0
1037,2026-01-01,1,78.86,0
1037,2026-02-01,1,36.29,0
1037,2026-04-01,3,156.86,0
1038,2026-07-01,1,15.92,0
1039,2025-11-01,1,13.7,0
1039,2026-02-01,1,30.24,0
1039,2026-04-01,1,74.92,0
1039,2026-07-01,1,6.41,0
1040,2025-01-01,1,69.09,0
1040,2025-02-01,1,16.31,0
1040,2025-03-01,1,20.94,1
1040,2025-04-01,1,17.5,0
1040,2025-05-01,1,165.78,0
1040,2025-06-01,2,87.21000000000001,0
1040,2025-07-01,2,52.71,0
1040,2025-08-01,1,116.8,0
1040,2026-02-01,1,162.77,0
1040,2026-04-01,1,10.29,0
1040,2026-05-01,1,11.2,0
1041,2025-01-01,1,57.83,1
1041,2025-03-01,2,34.62,1
1041,2025-05-01,1,12.55,0
1041,2025-07-01,1,17.65,0
1041,2025-08-01,1,35.76,0
1041,2025-09-01,2,58.4,0
1041,2025-10-01,1,47.57,0
1041,2025-11-01,1,26.78,0
1041,2025-12-01,1,36.14,0
1041,2026-01-01,2,202.11,0
1041,2026-05-01,2,81.18,0
1041,2026-06-01,1,27.89,0
1042,2024-08-01,1,14.15,0
1042,2024-10-01,1,10.6,0
1042,2024-11-01,1,87.94,0
1042,2024-12-01,2,68.16,0
1042,2025-02-01,2,90.27000000000001,0
1042,2025-03-01,1,21.9,0
1042,2025-04-01,1,32.7,0
1042,2025-06-01,1,25.84,0
1042,2025-07-01,1,19.85,0
1042,2025-08-01,1,79.14,0
1042,2025-11-01,2,45.07,0
1042,2025-12-01,1,128.75,0
1042,2026-03-01,1,19.69,0
1042,2026-04-01,2,60.06,1
1042,2026-06-01,1,30.11,0
1043,2025-09-01,1,13.35,0
1043,2025-10-01,1,45.5,0
1043,2025-11-01,1,20.49,0
1043,2025-12-01,1,26.55,0
1043,2026-01-01,1,13.56,0
1043,2026-07-01,1,73.89,0
1044,2026-01-01,1,36.55,0
1045,2025-05-01,1,62.43,0
1045,2025-06-01,1,45.62,0
1045,2025-09-01,1,14.98,0
1045,2026-02-01,1,130.52,0
1045,2026-04-01,2,49.87,0
1045,2026-05-01,1,35.59,0
1045,2026-06-01,1,93.19,0
1045,2026-07-01,1,26.38,0
1047,2026-04-01,2,129.51,0
1047,2026-07-01,1,91.93,0
1048,2025-09-01,1,11.27,0
1048,2025-10-01,1,21.81,0
1048,2025-11-01,2,63.03,0
1048,2025-12-01,1,109.68,0
1048,2026-02-01,2,51.96,0
1048,2026-04-01,1,30.42,0
1049,2026-03-01,1,76.23,0
1049,2026-04-01,2,162.73,0
1049,2026-06-01,1,78.86,0
1049,2026-07-01,1,14.63,0
1050,2026-04-01,3,94.35000000000001,0
1051,2025-10-01,1,35.16,0
1051,2025-11-01,2,22.84,0
1051,2025-12-01,2,153.8,1
1051,2026-01-01,3,179.15,0
1051,2026-02-01,1,34.35,0
1051,2026-03-01,1,8.88,0
1051,2026-04-01,1,12.94,0
1051,2026-05-01,2,158.41,1
1051,2026-07-01,1,12.88,0
1052,2026-04-01,1,21.36,0
1052,2026-05-01,2,45.38,0
1052,2026-06-01,1,41.15,0
1052,2026-07-01,1,36.8,0
1053,2025-08-01,1,51.91,0
1053,2025-11-01,1,21.44,0
1053,2026-04-01,2,147.67,0
1053,2026-05-01,1,38.74,0
1053,2026-06-01,1,72.62,0
1054,2024-05-01,1,59.26,1
1054,2024-10-01,2,69.63,1
1054,2024-11-01,1,120.26,0
1054,2024-12-01,2,44.14,0
1054,2025-01-01,1,69.24,0
1054,2025-02-01,2,41.55,0
1054,2025-03-01,3,294.85,0
1054,2025-05-01,4,215.39999999999998,0
1054,2025-06-01,1,20.9,0
1054,2025-07-01,1,44.57,0
1054,2025-08-01,1,23.57,0
1054,2025-09-01,1,149.03,0
1054,2026-02-01,1,22.73,0
1054,2026-04-01,1,10.88,0
1054,2026-05-01,1,7.8,0
1055,2026-07-01,2,68.49000000000001,0
1056,2024-06-01,1,13.53,0
1056,2024-07-01,1,11.97,0
1056,2024-08-01,1,38.77,0
1056,2024-10-01,1,18.97,0
1056,2025-02-01,2,41.21,0
1056,2025-04-01,1,6.68,0
1056,2025-05-01,2,40.29,0
1056,2025-08-01,2,135.93,0
1056,2025-11-01,1,41.15,0
1056,2025-12-01,1,100.68,0
1056,2026-03-01,1,6.68,0
1056,2026-05-01,2,243.89,0
1057,2026-05-01,2,39.09,0
1057,2026-06-01,1,18.52,1
1058,2025-04-01,1,71.41,0
1058,2025-06-01,1,10.68,0
1058,2025-07-01,2,89.71000000000001,0
1058,2025-10-01,2,43.84,0
1058,2025-11-01,3,88.84,0
1058,2025-12-01,1,55.75,0
1058,2026-01-01,1,8.75,0
1058,2026-03-01,1,14.89,0
1059,2025-10-01,1,7.33,0
1059,2026-02-01,2,195.04,0
1059,2026-03-01,3,83.97,0
1060,2026-01-01,2,38.730000000000004,0
1060,2026-02-01,1,38.28,1
1060,2026-06-01,2,106.13,0
1061,2026-03-01,1,31.98,0
1061,2026-04-01,3,220.93,0
1061,2026-05-01,2,242.08999999999997,0
1061,2026-07-01,3,178.47,0
1062,2025-12-01,1,20.31,1
1062,2026-01-01,1,39.7,0
1062,2026-02-01,1,27.55,0
1062,2026-05-01,3,194.45999999999998,0
1062,2026-07-01,2,72.2,0
1063,2026-06-01,2,36.5,0
1063,2026-07-01,1,50.23,0
1064,2024-12-01,1,15.74,0
1064,2025-06-01,1,61.56,0
1064,2025-07-01,2,52.459999999999994,0
1064,2025-08-01,1,111.24,0
1064,2025-10-01,2,90.46000000000001,0
1064,2025-11-01,2,103.47999999999999,0
1065,2025-04-01,4,111.22,0
1065,2025-05-01,3,185.36,0
1065,2025-06-01,1,247.22,0
1065,2025-09-01,1,10.42,0
1065,2026-04-01,1,17.21,0
1065,2026-05-01,1,146.55,0
1066,2026-06-01,1,66.37,0
1066,2026-07-01,2,160.57,0
1067,2025-02-01,1,128.01,0
1067,2025-03-01,1,20.95,0
1067,2025-05-01,1,31.27,0
1067,2025-11-01,2,37.82,0
1067,2026-03-01,3,178.46,1
1067,2026-05-01,1,61.19,0
1067,2026-07-01,1,86.79,0
1068,2025-08-01,3,140.07999999999998,0
1068,2025-09-01,3,128.63,0
1068,2025-11-01,3,102.28,0
1068,2025-12-01,1,408.76,0
1068,2026-01-01,1,23.31,0
1068,2026-04-01,1,13.82,0
1068,2026-06-01,1,83.61,0
1069,2026-02-01,1,34.55,0
1069,2026-03-01,1,12.85,0
1069,2026-06-01,2,73.85,0
1070,2026-07-01,1,81.22,0
1071,2025-05-01,2,78.86,1
1071,2025-06-01,1,92.72,0
1071,2025-07-01,1,30.54,0
1071,2025-08-01,3,250.16000000000003,0
1071,2025-10-01,2,68.69,0
1071,2025-11-01,1,63.22,0
1071,2025-12-01,1,80.12,0
1071,2026-01-01,1,10.56,0
1071,2026-04-01,2,63.71,0
1071,2026-05-01,1,5.89,0
1072,2026-05-01,1,45.76,0
1073,2025-08-01,2,26.61,0
1073,2025-09-01,2,51.510000000000005,0
1073,2025-10-01,1,15.04,0
1073,2025-11-01,1,23.06,0
1073,2026-01-01,1,15.7,0
1073,2026-03-01,2,83.9,0
1073,2026-04-01,1,43.23,1
1073,2026-06-01,1,103.05,0
1073,2026-07-01,2,29.37,0
1074,2025-05-01,1,13.42,0
1074,2025-08-01,1,23.98,0
1074,2025-10-01,1,12.0,1
1074,2026-01-01,1,19.05,0
1074,2026-03-01,1,119.07,0
1074,2026-07-01,1,42.67,0
1075,2025-09-01,1,12.19,0
1075,2025-10-01,1,10.93,0
1075,2025-12-01,2,76.22,0
1075,2026-02-01,1,32.7,0
1075,2026-03-01,2,94.35,0
1075,2026-05-01,1,11.45,0
1075,2026-06-01,3,160.26999999999998,0
1076,2026-06-01,2,38.75,0
1077,2025-09-01,1,37.97,0
1077,2025-11-01,1,26.79,0
1077,2026-03-01,1,106.8,0
1077,2026-06-01,2,61.8,0
1078,2026-07-01,1,98.73,0
1079,2026-03-01,3,71.78999999999999,1
1079,2026-04-01,4,119.02,0
1079,2026-06-01,2,149.70999999999998,0
1079,2026-07-01,2,62.97,0
1080,2025-05-01,1,41.17,0
1080,2025-07-01,1,16.27,0
1080,2025-08-01,1,6.49,0
1080,2025-12-01,1,32.09,1
1080,2026-01-01,1,5.98,0
1081,2024-09-01,2,284.02,0
1081,2025-02-01,1,67.16,0
1081,2025-04-01,1,19.69,1
1081,2025-06-01,1,109.3,0
1081,2025-07-01,1,54.67,0
1081,2025-08-01,1,300.26,0
1081,2025-09-01,5,145.37,0
1081,2025-10-01,2,71.28,0
1081,2026-01-01,1,26.44,0
1081,2026-03-01,2,138.82,0
1081,2026-04-01,1,30.63,0
1081,2026-05-01,1,17.84,0
1081,2026-06-01,1,26.21,0
1082,2026-02-01,1,16.27,0
1082,2026-03-01,2,85.6,0
1082,2026-04-01,3,24.55,0
1082,2026-05-01,1,217.45,0
1082,2026-06-01,1,53.04,0
1082,2026-07-01,3,56.269999999999996,0
1083,2025-09-01,2,65.38,0
1083,2025-10-01,5,279.47,0
1083,2026-02-01,2,24.67,0
1083,2026-03-01,3,230.18,0
1083,2026-04-01,1,27.21,0
1083,2026-05-01,1,50.53,0
1083,2026-06-01,1,30.43,0
1083,2026-07-01,1,15.83,0
1084,2026-03-01,2,35.45,0
1084,2026-04-01,1,39.85,0
1084,2026-07-01,3,90.22999999999999,0
1085,2026-03-01,1,94.48,0
1085,2026-05-01,3,736.38,0
1086,2024-10-01,2,71.17,0
1086,2024-11-01,1,29.02,0
1086,2025-01-01,1,48.72,0
1086,2025-03-01,1,21.76,0
1086,2025-05-01,1,15.28,0
1086,2025-06-01,1,70.97,0
1086,2025-07-01,2,40.31,0
1086,2025-08-01,1,19.85,0
1086,2026-02-01,1,116.91,0
1086,2026-03-01,1,92.49,0
1086,2026-04-01,1,21.12,0
1086,2026-05-01,1,91.06,0
1086,2026-06-01,1,44.72,0
1086,2026-07-01,3,125.96000000000001,0
1087,2025-03-01,1,65.16,0
1087,2025-06-01,1,13.85,0
1087,2025-07-01,2,75.61,1
1087,2025-09-01,1,56.49,0
1087,2025-11-01,1,17.7,0
1087,2025-12-01,1,187.39,0
1087,2026-01-01,1,7.62,0
1087,2026-03-01,1,59.15,0
1087,2026-04-01,2,129.47,0
1087,2026-05-01,1,9.6,0
1087,2026-07-01,1,140.07,1
1088,2025-01-01,1,15.84,0
1088,2025-02-01,3,81.97,1
1088,2025-03-01,2,103.94999999999999,0
1088,2025-04-01,1,53.05,0
1088,2025-05-01,3,208.61,0
1088,2025-06-01,1,18.94,0
1088,2025-09-01,1,29.64,1
1088,2025-10-01,1,9.24,1
1088,2025-12-01,2,24.62,1
1088,2026-01-01,1,22.53,1
1088,2026-02-01,2,207.48000000000002,0
1088,2026-03-01,2,42.97,0
1088,2026-05-01,1,23.01,0
1088,2026-06-01,1,135.61,0
1088,2026-07-01,1,252.43,0
1089,2025-12-01,2,56.92,0
1089,2026-01-01,2,56.47,0
1089,2026-04-01,1,83.42,0
1089,2026-05-01,1,69.89,0
1090,2026-03-01,1,21.17,0
1090,2026-04-01,1,30.79,0
1090,2026-07-01,1,144.6,0
1091,2025-09-01,2,67.99000000000001,0
1091,2025-11-01,2,229.79000000000002,0
1091,2026-03-01,1,169.1,0
1091,2026-04-01,1,11.14,0
1091,2026-05-01,2,36.25,0
1091,2026-06-01,1,40.39,0
1091,2026-07-01,1,18.39,0
1092,2026-06-01,2,27.58,0
1092,2026-07-01,3,99.22,0
1093,2025-05-01,1,49.88,0
1093,2025-08-01,1,10.7,0
1093,2025-09-01,1,89.57,0
1093,2025-10-01,2,203.42,0
1093,2025-11-01,1,28.71,0
1093,2026-01-01,1,56.61,0
1093,2026-03-01,1,3.0,0
1093,2026-05-01,1,35.73,0
1093,2026-06-01,1,13.99,0
1094,2026-04-01,2,66.81,1
1094,2026-07-01,2,30.910000000000004,0
1095,2026-02-01,1,28.28,0
1095,2026-06-01,2,21.02,0
1095,2026-07-01,1,30.28,0
1096,2026-06-01,2,72.98,1
1097,2025-06-01,1,57.72,0
1097,2025-10-01,1,29.03,0
1097,2026-03-01,2,61.010000000000005,0
1097,2026-04-01,2,64.94,0
1097,2026-06-01,1,35.6,0
1098,2026-01-01,2,63.81,0
1098,2026-02-01,2,33.5,1
1098,2026-03-01,2,150.89,0
1098,2026-04-01,3,120.42,0
1098,2026-05-01,1,21.11,0
1098,2026-06-01,2,179.93,0
1098,2026-07-01,3,171.23000000000002,0
1099,2026-07-01,1,4.72,0
1101,2025-11-01,2,53.74,0
1101,2026-01-01,2,95.61,0
1101,2026-06-01,1,117.33,0
1101,2026-07-01,1,53.23,0
1102,2025-08-01,1,44.82,0
1102,2025-09-01,1,34.43,0
1102,2026-01-01,1,20.86,0
1102,2026-02-01,1,45.66,1
1102,2026-03-01,1,11.77,0
1102,2026-05-01,1,14.49,0
1102,2026-07-01,1,63.35,0
1103,2025-10-01,1,51.09,0
1103,2026-02-01,2,138.7,0
1103,2026-03-01,1,5.03,0
1103,2026-04-01,4,114.21,0
1103,2026-06-01,1,69.88,0
1104,2026-06-01,1,17.82,0
1104,2026-07-01,2,106.25999999999999,0
1105,2025-12-01,2,42.0,0
1105,2026-03-01,3,457.69,0
1105,2026-07-01,1,31.74,0
1106,2026-04-01,1,45.45,0
1106,2026-05-01,2,59.76,0
1106,2026-06-01,2,113.30000000000001,0
1106,2026-07-01,1,33.09,1
1107,2026-02-01,1,71.71,0
1107,2026-03-01,2,30.87,0
1107,2026-04-01,2,54.650000000000006,0
1107,2026-06-01,1,16.0,0
1107,2026-07-01,2,106.99,0
1108,2024-10-01,1,138.85,1
1108,2025-02-01,1,29.17,0
1108,2025-03-01,2,38.099999999999994,0
1108,2025-04-01,1,124.57,0
1108,2025-05-01,1,18.79,0
1108,2025-06-01,1,33.39,0
1108,2025-09-01,3,120.24000000000001,0
1108,2025-10-01,1,8.04,0
1108,2026-01-01,1,20.49,0
1108,2026-03-01,1,47.48,0
1108,2026-05-01,1,16.29,0
1108,2026-07-01,1,31.61,0
1109,2024-12-01,1,28.89,0
1109,2025-01-01,1,14.9,0
1109,2025-03-01,1,18.96,0
1109,2025-06-01,1,7.81,0
1109,2025-10-01,2,272.37,0
1109,2026-05-01,1,15.68,0
1111,2025-04-01,1,103.84,1
1111,2025-06-01,1,74.8,0
1111,2025-09-01,2,226.8,0
1111,2025-10-01,1,10.11,0
1111,2025-12-01,1,4.15,0
1111,2026-03-01,1,6.55,0
1111,2026-04-01,1,75.75,0
1112,2026-03-01,1,22.8,0
1112,2026-05-01,2,25.08,0
1112,2026-07-01,2,174.51,0
1113,2026-02-01,1,20.56,0
1113,2026-03-01,2,100.78,0
1113,2026-06-01,1,42.89,1
1114,2026-04-01,3,402.95000000000005,0
1114,2026-05-01,1,12.84,0
1114,2026-06-01,2,142.69,0
1115,2026-05-01,1,20.77,0
1115,2026-06-01,1,21.92,0
1115,2026-07-01,1,64.71,0
1116,2025-06-01,2,79.8,0
1116,2025-07-01,2,26.05,0
1116,2025-08-01,1,66.31,0
1116,2025-10-01,1,19.71,0
1116,2026-02-01,2,80.06,0
1116,2026-06-01,1,85.71,0
1117,2024-02-01,1,25.03,0
1117,2024-05-01,1,33.23,0
1117,2024-06-01,1,9.76,0
1117,2024-07-01,2,130.49,0
1117,2024-09-01,2,76.65,0
1117,2025-01-01,2,41.24,0
1117,2025-02-01,1,16.02,0
1117,2025-03-01,1,34.28,0
1117,2025-06-01,1,42.77,0
1117,2025-07-01,1,56.88,0
1117,2025-10-01,2,43.09,1
1117,2026-02-01,1,41.65,0
1117,2026-07-01,1,5.81,0
1118,2025-10-01,4,72.1,0
1118,2025-11-01,1,29.4,1
1118,2025-12-01,1,24.51,0
1118,2026-01-01,4,253.96,2
1118,2026-04-01,1,43.57,0
1118,2026-05-01,2,46.82,1
1119,2024-11-01,1,12.78,0
1119,2024-12-01,1,11.57,0
1119,2025-01-01,1,10.05,0
1119,2025-02-01,1,18.86,0
1119,2025-03-01,3,429.10999999999996,0
1119,2025-07-01,1,74.19,0
1119,2025-10-01,1,24.73,0
1119,2025-12-01,1,15.52,0
1119,2026-03-01,1,8.78,0
1119,2026-04-01,1,48.13,0
1119,2026-07-01,1,9.28,0
1120,2025-08-01,1,17.95,1
1120,2025-09-01,1,125.27,0
1120,2026-03-01,2,51.53,0
1120,2026-04-01,1,6.68,0
1120,2026-06-01,1,83.45,0
1122,2026-06-01,1,11.95,0
1123,2026-01-01,1,4.21,0
1123,2026-03-01,1,42.21,0
1123,2026-04-01,3,101.35,0
1124,2026-06-01,2,113.66,0
1124,2026-07-01,1,19.39,0
1125,2025-03-01,1,44.67,0
1125,2025-04-01,1,17.25,0
1125,2025-05-01,1,16.07,0
1125,2025-06-01,1,46.04,0
1125,2025-07-01,1,29.09,0
1125,2025-12-01,1,19.92,0
1125,2026-01-01,3,138.14,0
1125,2026-04-01,2,84.91,0
1125,2026-05-01,1,70.4,0
1125,2026-07-01,1,174.01,0
1126,2025-01-01,2,65.11,0
1126,2025-02-01,2,206.5,0
1126,2025-04-01,1,69.4,0
1126,2025-05-01,1,60.78,0
1126,2025-06-01,1,20.71,0
1126,2025-12-01,1,31.34,0
1126,2026-07-01,2,77.42,0
1127,2024-11-01,3,67.45,0
1127,2025-03-01,1,18.2,0
1127,2025-04-01,2,143.3,0
1127,2025-07-01,2,40.34,0
1127,2025-09-01,1,8.25,0
1127,2025-11-01,2,83.24,0
1127,2025-12-01,4,824.54,0
1127,2026-01-01,1,36.21,0
1127,2026-05-01,2,35.45,0
1127,2026-06-01,1,6.39,0
1127,2026-07-01,1,11.05,1
1128,2025-12-01,2,48.72,0
1128,2026-01-01,1,36.12,0
1128,2026-05-01,1,17.73,0
1128,2026-07-01,1,78.64,0
1129,2025-04-01,1,10.31,0
1129,2025-05-01,2,114.35999999999999,0
1129,2025-06-01,1,100.16,0
1129,2025-08-01,1,82.46,0
1129,2025-09-01,1,47.13,0
1129,2025-12-01,3,42.2,0
1129,2026-02-01,1,51.13,0
1129,2026-03-01,2,188.82999999999998,0
1129,2026-04-01,1,121.46,0
1129,2026-06-01,1,34.79,0
1129,2026-07-01,1,9.55,0
1130,2025-12-01,1,51.71,0
1130,2026-01-01,2,167.87,0
1130,2026-06-01,2,182.76,0
1131,2026-03-01,2,30.55,0
1131,2026-06-01,1,14.42,0
1132,2025-09-01,3,182.71,0
1132,2025-10-01,3,79.72,0
1132,2025-11-01,1,33.82,0
1132,2026-01-01,2,38.95,1
1132,2026-03-01,1,22.64,0
1132,2026-04-01,2,28.980000000000004,0
1132,2026-05-01,2,58.55,0
1132,2026-07-01,2,118.52000000000001,0
1133,2025-01-01,1,17.48,0
1133,2025-02-01,1,20.41,0
1133,2025-04-01,1,38.22,0
1133,2025-07-01,1,10.66,0
1133,2025-08-01,1,102.58,0
1133,2025-10-01,1,21.65,0
1133,2026-01-01,1,74.23,1
1133,2026-03-01,1,79.95,0
1133,2026-07-01,3,251.14,0
1134,2025-03-01,1,3.29,0
1134,2025-04-01,1,154.0,0
1134,2025-05-01,2,57.440000000000005,0
1134,2025-07-01,1,50.29,0
1134,2025-08-01,3,126.7,1
1134,2025-09-01,1,50.78,0
1134,2025-10-01,1,44.15,0
1134,2025-11-01,1,57.14,1
1134,2026-01-01,2,90.09,0
1134,2026-04-01,2,86.39,0
1134,2026-05-01,1,37.96,1
1134,2026-06-01,1,47.95,0
1134,2026-07-01,2,80.32,0
1135,2025-06-01,1,152.26,0
1135,2025-08-01,1,54.82,0
1135,2025-12-01,1,22.73,0
1135,2026-01-01,1,11.59,0
1135,2026-03-01,1,16.15,0
1135,2026-04-01,2,69.11,0
1135,2026-05-01,1,16.47,0
1137,2025-11-01,1,51.81,0
1137,2025-12-01,1,47.97,0
1137,2026-01-01,1,24.53,0
1137,2026-02-01,1,138.95,0
1137,2026-04-01,1,19.36,1
1137,2026-05-01,2,54.11,0
1138,2025-11-01,1,15.07,0
1138,2026-01-01,1,32.8,0
1138,2026-03-01,4,114.22999999999999,0
1138,2026-04-01,2,67.09,0
1138,2026-07-01,1,37.14,0
1139,2025-07-01,2,145.69,0
1139,2025-08-01,3,43.28,1
1139,2025-09-01,1,58.78,0
1139,2025-10-01,2,42.66,0
1139,2025-12-01,2,22.65,0
1139,2026-01-01,2,169.91000000000003,0
1139,2026-02-01,2,91.32,0
1139,2026-03-01,1,38.07,0
1139,2026-04-01,1,49.94,0
1139,2026-05-01,1,20.36,0
1139,2026-06-01,1,15.02,0
1139,2026-07-01,1,48.82,0
1140,2025-05-01,1,69.94,0
1140,2025-06-01,2,33.1,0
1140,2025-08-01,1,17.24,0
1140,2025-09-01,1,9.47,0
1140,2025-10-01,1,24.87,0
1140,2025-11-01,1,21.53,0
1140,2026-02-01,1,25.04,0
1140,2026-06-01,1,11.85,0
1141,2025-01-01,1,35.53,0
1141,2025-03-01,1,121.73,0
1141,2025-05-01,1,3.55,0
1141,2026-01-01,1,113.79,0
1141,2026-04-01,1,97.89,0
1141,2026-05-01,2,43.879999999999995,0
1141,2026-06-01,1,80.26,0
1142,2025-10-01,2,49.739999999999995,0
1142,2025-11-01,1,21.96,0
1142,2025-12-01,3,70.28,0
1142,2026-02-01,1,27.21,0
1142,2026-03-01,1,29.97,0
1142,2026-04-01,1,278.74,0
1142,2026-05-01,2,64.08,0
1142,2026-07-01,2,64.82,0
1143,2025-06-01,1,40.0,0
1143,2025-08-01,2,96.91,0
1143,2025-10-01,1,52.73,0
1143,2025-12-01,1,162.25,0
1143,2026-01-01,1,223.13,0
1143,2026-02-01,2,125.03999999999999,0
1143,2026-05-01,1,234.67,0
1143,2026-06-01,1,34.24,0
1143,2026-07-01,1,106.73,0
1144,2025-08-01,1,15.73,0
1144,2025-09-01,1,12.63,0
1144,2025-10-01,1,201.27,0
1144,2025-12-01,1,51.39,0
1144,2026-02-01,1,18.55,0
1144,2026-03-01,1,261.54,0
1144,2026-04-01,1,18.49,0
1144,2026-05-01,1,39.84,0
1144,2026-06-01,1,82.75,0
1145,2025-09-01,1,44.35,1
1145,2025-12-01,2,53.44,0
1145,2026-01-01,1,95.73,0
1145,2026-02-01,2,66.75999999999999,1
1145,2026-04-01,1,26.12,0
1145,2026-05-01,1,25.75,0
1145,2026-06-01,1,108.84,0
1146,2025-12-01,1,64.1,0
1146,2026-03-01,1,38.36,0
1146,2026-04-01,1,91.73,0
1147,2025-09-01,1,16.64,0
1147,2025-12-01,1,61.74,0
1147,2026-01-01,2,48.519999999999996,1
1147,2026-02-01,1,43.16,0
1147,2026-04-01,1,51.44,0
1147,2026-06-01,1,6.45,0
1147,2026-07-01,1,49.97,0
1148,2025-04-01,1,23.97,0
1148,2025-06-01,1,64.92,0
1148,2025-07-01,1,22.56,0
1148,2025-08-01,2,44.989999999999995,0
1148,2025-09-01,4,126.30000000000001,0
1148,2025-10-01,1,13.43,0
1148,2025-12-01,2,118.57000000000001,0
1148,2026-01-01,1,48.17,0
1148,2026-02-01,1,26.26,0
1148,2026-03-01,3,69.13,0
1148,2026-05-01,1,66.21,0
1148,2026-06-01,1,55.04,1
1148,2026-07-01,1,46.54,0
1149,2026-01-01,1,32.53,0
1149,2026-02-01,1,42.53,0
1149,2026-03-01,1,35.04,0
1149,2026-04-01,1,16.71,0
1149,2026-05-01,2,66.0,0
1149,2026-06-01,1,5.93,0
1149,2026-07-01,1,98.19,0
1150,2025-06-01,1,76.73,0
1150,2025-07-01,1,7.27,0
1150,2025-08-01,1,36.89,0
1150,2025-10-01,2,66.55,0
1150,2025-12-01,2,42.66,0
1150,2026-02-01,1,20.14,0
1150,2026-03-01,2,95.53999999999999,0
1150,2026-04-01,1,152.34,0
1150,2026-05-01,1,35.08,0
1151,2025-11-01,1,23.7,0
1151,2026-01-01,2,35.33,0
1151,2026-03-01,1,13.67,1
1151,2026-04-01,3,232.39,1
1151,2026-05-01,2,54.370000000000005,0
1151,2026-06-01,3,72.07000000000001,0
1152,2025-11-01,1,52.3,0
1152,2025-12-01,1,6.43,0
1152,2026-03-01,1,8.53,0
1152,2026-06-01,1,56.43,0
1153,2026-04-01,1,41.32,0
1153,2026-05-01,2,60.58,0
1154,2025-08-01,1,42.64,0
1154,2025-09-01,4,224.45,0
1154,2025-11-01,3,160.78,0
1154,2025-12-01,3,199.32,2
1154,2026-02-01,1,22.43,0
1154,2026-03-01,2,44.93,0
1154,2026-05-01,1,65.27,0
1154,2026-06-01,2,164.98000000000002,0
1154,2026-07-01,2,62.72,0
1155,2026-07-01,1,40.26,0
1156,2025-10-01,2,38.16,0
1156,2025-11-01,1,70.24,0
1156,2026-05-01,1,206.04,0
1157,2026-04-01,2,21.65,0
1157,2026-07-01,1,19.98,0
1158,2025-10-01,2,132.75,0
1158,2026-03-01,3,133.05,0
1158,2026-04-01,1,65.11,0
1158,2026-06-01,2,110.50999999999999,0
1159,2026-05-01,1,30.1,0
1159,2026-06-01,3,165.79,0
1159,2026-07-01,1,97.29,0
1160,2025-12-01,2,82.81,0
1161,2025-05-01,1,28.69,1
1161,2025-10-01,1,86.37,0
1161,2026-03-01,1,86.12,0
1161,2026-06-01,2,113.0,0
1162,2025-10-01,1,157.12,0
1162,2025-11-01,1,77.95,1
1162,2026-01-01,1,18.14,0
1162,2026-02-01,1,25.82,0
1162,2026-03-01,2,149.28,0
1162,2026-04-01,1,92.89,0
1162,2026-05-01,2,51.34,0
1162,2026-07-01,1,37.6,0
1163,2026-01-01,1,42.51,0
1163,2026-02-01,2,120.57000000000001,0
1163,2026-03-01,1,55.44,0
1163,2026-04-01,1,7.24,0
1163,2026-05-01,1,18.52,0
1163,2026-07-01,3,95.45,0
1164,2025-06-01,2,44.54,0
1164,2025-09-01,1,6.51,0
1164,2025-10-01,1,47.36,0
1164,2026-01-01,4,355.62,0
1164,2026-04-01,1,10.81,0
1165,2026-04-01,1,71.3,1
1165,2026-06-01,2,148.11,0
1165,2026-07-01,1,33.36,1
1166,2026-06-01,1,32.44,0
1166,2026-07-01,1,6.99,0
1167,2026-07-01,1,95.28,0
1168,2025-11-01,1,36.0,0
1168,2026-02-01,2,32.05,0
1168,2026-04-01,1,35.41,1
1168,2026-06-01,1,25.55,0
1169,2024-06-01,1,110.67,0
1169,2024-07-01,1,31.27,1
1169,2024-10-01,2,73.0,1
1169,2024-11-01,1,6.79,0
1169,2024-12-01,1,127.54,0
1169,2025-05-01,1,99.09,0
1169,2025-08-01,2,26.419999999999998,1
1169,2025-09-01,1,22.32,0
1169,2025-11-01,1,29.96,0
1169,2025-12-01,3,80.53,0
1169,2026-01-01,1,163.69,0
1169,2026-02-01,1,26.11,0
1169,2026-04-01,1,50.85,0
1169,2026-06-01,2,175.3,0
1170,2025-02-01,1,5.64,0
1170,2025-03-01,2,45.96,0
1170,2025-04-01,1,18.53,0
1170,2025-05-01,1,73.09,0
1170,2025-07-01,1,3.15,0
1170,2025-09-01,2,68.38,0
1170,2026-01-01,2,57.89999999999999,1
1170,2026-03-01,1,20.77,0
1170,2026-06-01,2,169.74,0
1170,2026-07-01,1,36.49,0
1171,2025-02-01,1,182.26,0
1171,2025-03-01,1,9.63,0
1171,2025-04-01,2,104.66,1
1171,2025-08-01,1,89.34,0
1171,2025-09-01,1,87.65,0
1171,2026-02-01,5,306.62,0
1171,2026-06-01,1,52.93,0
1171,2026-07-01,1,44.56,0
1172,2025-09-01,1,12.31,0
1172,2025-10-01,1,64.62,0
1172,2026-02-01,2,31.89,0
1172,2026-04-01,1,81.05,0
1172,2026-05-01,2,117.47999999999999,0
1172,2026-06-01,1,71.05,0
1172,2026-07-01,1,63.07,0
1173,2026-02-01,1,20.47,0
1173,2026-03-01,1,82.68,0
1173,2026-05-01,3,120.22999999999999,0
1174,2026-04-01,1,3.0,0
1174,2026-06-01,1,42.7,0
1175,2026-07-01,1,29.85,0
1176,2026-03-01,1,32.09,0
1176,2026-05-01,1,49.44,0
1176,2026-06-01,1,89.21,0
1177,2025-10-01,1,37.12,0
1177,2025-12-01,1,40.93,0
1177,2026-01-01,1,259.56,0
1177,2026-02-01,1,21.74,0
1177,2026-03-01,1,10.54,0
1177,2026-06-01,4,110.87,1
1177,2026-07-01,2,28.75,0
1178,2026-03-01,1,9.19,0
1178,2026-05-01,1,169.96,1
1179,2025-12-01,1,106.29,0
1179,2026-01-01,2,183.59,0
1179,2026-03-01,2,70.62,0
1179,2026-05-01,1,27.68,0
1179,2026-06-01,1,16.77,0
1181,2025-12-01,2,14.67,0
1181,2026-01-01,2,95.52,1
1181,2026-02-01,1,104.07,0
1181,2026-03-01,1,38.26,0
1181,2026-04-01,1,35.73,0
1181,2026-06-01,2,50.76,0
1182,2026-01-01,2,134.7,0
1182,2026-03-01,1,13.23,0
1182,2026-04-01,1,79.46,0
1182,2026-05-01,3,203.31,0
1182,2026-06-01,3,35.89,0
1182,2026-07-01,1,11.21,0
1183,2025-03-01,2,76.03999999999999,0
1183,2025-05-01,2,87.4,0
1183,2025-06-01,3,118.33,0
1183,2025-07-01,3,153.5,0
1183,2025-10-01,1,46.68,0
1183,2025-12-01,4,244.85000000000002,1
1183,2026-01-01,1,37.66,0
1183,2026-02-01,1,18.62,0
1183,2026-03-01,1,8.52,0
1184,2025-12-01,1,41.4,0
1184,2026-05-01,3,149.91000000000003,0
1185,2025-12-01,1,55.57,1
1185,2026-03-01,1,13.55,0
1186,2025-11-01,1,209.08,0
1186,2026-04-01,1,60.3,0
1186,2026-05-01,1,32.29,0
1188,2025-04-01,1,24.5,0
1188,2025-05-01,2,214.26999999999998,0
1188,2025-06-01,1,28.66,0
1188,2025-08-01,1,35.94,0
1188,2026-03-01,1,122.82,0
1188,2026-04-01,2,193.72000000000003,0
1188,2026-05-01,1,291.14,0
1189,2025-05-01,1,164.63,0
1189,2025-06-01,1,13.37,0
1189,2025-11-01,2,65.61,1
1189,2025-12-01,1,8.72,0
1189,2026-01-01,1,19.66,1
1189,2026-02-01,1,39.4,0
1189,2026-04-01,1,35.04,0
1189,2026-05-01,1,64.74,0
1189,2026-06-01,1,31.37,0
1189,2026-07-01,1,33.85,1
1191,2026-02-01,1,13.19,0
1191,2026-03-01,2,101.3,0
1191,2026-04-01,1,36.25,0
1191,2026-06-01,2,104.16,0
1192,2026-01-01,2,501.94,0
1192,2026-05-01,2,69.78,0
1192,2026-06-01,1,59.73,0
1192,2026-07-01,1,83.27,0
1193,2026-03-01,1,181.4,0
1193,2026-04-01,1,28.45,1
1193,2026-06-01,1,25.91,0
1194,2024-12-01,2,133.73000000000002,0
1194,2025-01-01,2,150.8,0
1194,2025-06-01,1,15.84,0
1194,2025-07-01,2,37.39,0
1194,2025-08-01,1,86.17,0
1194,2025-10-01,1,41.2,0
1194,2025-11-01,1,104.3,1
1194,2025-12-01,4,196.47,0
1194,2026-02-01,2,51.66,0
1194,2026-04-01,1,5.7,0
1194,2026-06-01,1,56.28,0
1195,2025-10-01,1,49.41,0
1195,2025-12-01,1,10.04,0
1195,2026-02-01,1,53.09,0
1196,2026-05-01,2,47.94,0
1196,2026-06-01,2,160.72,0
1196,2026-07-01,2,399.15999999999997,0
1197,2026-03-01,2,78.13,0
1197,2026-04-01,2,239.33999999999997,0
1197,2026-05-01,2,379.67,1
1197,2026-06-01,1,41.83,0
1197,2026-07-01,2,161.97,0
1198,2024-06-01,1,11.43,0
1198,2024-08-01,1,71.79,1
1198,2024-10-01,1,35.4,0
1198,2025-02-01,1,94.43,0
1198,2025-03-01,1,10.8,0
1198,2025-04-01,1,28.76,0
1198,2025-05-01,1,86.67,1
1198,2025-06-01,1,15.48,1
1198,2025-08-01,1,88.3,0
1198,2025-10-01,1,221.54,0
1198,2026-06-01,2,63.64,0
1199,2024-11-01,1,56.18,0
1199,2024-12-01,1,43.58,0
1199,2025-01-01,1,89.01,0
1199,2025-02-01,1,7.36,0
1199,2025-05-01,1,157.66,0
1199,2025-06-01,1,12.74,0
1199,2025-07-01,1,112.37,0
1199,2025-08-01,1,22.25,0
1199,2025-09-01,1,19.76,0
1199,2025-10-01,1,71.52,0
1199,2026-04-01,1,6.26,0
1199,2026-05-01,1,46.07,0
1199,2026-06-01,1,47.31,0
1200,2025-06-01,1,41.94,0
1200,2025-07-01,1,48.03,0
1200,2025-08-01,1,25.05,1
1200,2025-10-01,1,4.87,0
1200,2025-12-01,1,54.47,0
1200,2026-01-01,1,6.28,0
1200,2026-02-01,1,33.17,0
1200,2026-03-01,1,17.76,0
1200,2026-04-01,2,23.950000000000003,0
1200,2026-05-01,1,15.14,0
1200,2026-06-01,1,43.06,0
1201,2024-07-01,1,9.73,0
1201,2024-10-01,1,37.54,0
1201,2024-12-01,1,154.23,0
1201,2025-05-01,1,21.53,0
1201,2025-06-01,1,85.87,0
1201,2025-07-01,2,76.05,0
1201,2025-11-01,2,52.57,0
1201,2025-12-01,1,3.0,0
1201,2026-01-01,1,35.56,0
1201,2026-05-01,2,48.94,0
1202,2025-07-01,1,44.18,0
1202,2025-08-01,1,88.42,0
1202,2025-09-01,1,28.58,0
1202,2025-10-01,4,104.08,0
1202,2025-11-01,1,276.15,0
1202,2025-12-01,1,37.14,0
1202,2026-04-01,1,106.17,0
1202,2026-06-01,1,20.85,0
1202,2026-07-01,1,23.02,0
1203,2024-10-01,1,31.5,0
1203,2024-12-01,2,143.59,0
1203,2025-01-01,6,295.99,1
1203,2025-03-01,1,14.32,1
1203,2025-06-01,1,59.66,0
1203,2025-10-01,1,30.51,1
1203,2026-01-01,1,41.82,0
1203,2026-02-01,1,53.2,0
1203,2026-05-01,1,67.45,0
1203,2026-06-01,3,97.41,0
1204,2025-09-01,2,127.22,0
1204,2025-10-01,2,109.00999999999999,1
1204,2025-11-01,3,313.94,1
1204,2025-12-01,3,131.48000000000002,0
1204,2026-01-01,1,27.18,0
1204,2026-04-01,1,6.51,0
1205,2026-05-01,1,25.89,0
1205,2026-06-01,2,83.41,0
1205,2026-07-01,3,119.47,0
1206,2024-12-01,1,84.28,0
1206,2025-02-01,2,48.25,0
1206,2025-03-01,1,65.02,0
1206,2025-04-01,1,115.59,0
1206,2025-07-01,2,187.10000000000002,0
1206,2026-02-01,1,239.0,0
1206,2026-04-01,1,15.39,0
1206,2026-05-01,1,14.47,1
1207,2025-06-01,1,26.15,0
1207,2025-07-01,4,219.04000000000002,1
1207,2025-10-01,2,47.59,0
1207,2025-12-01,1,17.2,0
1207,2026-01-01,1,22.87,0
1207,2026-04-01,2,60.95,0
1207,2026-05-01,1,5.01,0
1207,2026-06-01,1,6.09,0
1208,2024-12-01,3,99.49000000000001,0
1208,2025-03-01,1,27.18,0
1208,2025-05-01,2,278.73,0
1208,2025-07-01,1,23.3,0
1208,2025-09-01,1,14.37,0
1208,2025-10-01,1,6.21,0
1208,2025-11-01,1,151.54,0
1208,2026-01-01,1,66.23,0
1208,2026-02-01,2,38.92,0
1208,2026-03-01,1,44.97,1
1208,2026-06-01,1,42.58,0
1209,2026-01-01,2,74.86,0
1209,2026-04-01,2,71.22,1
1209,2026-05-01,1,29.19,0
1209,2026-06-01,3,46.03,0
1209,2026-07-01,1,31.09,0
1210,2024-08-01,1,88.9,0
1210,2024-09-01,2,112.99,0
1210,2024-11-01,2,73.23,0
1210,2025-02-01,3,53.58,0
1210,2026-02-01,1,124.21,0
1210,2026-06-01,1,154.09,0
1210,2026-07-01,1,44.01,0
1211,2025-10-01,1,117.97,0
1211,2025-11-01,1,7.64,0
1211,2025-12-01,3,165.89,0
1211,2026-02-01,1,10.36,0
1211,2026-03-01,1,14.29,1
1211,2026-05-01,1,95.61,0
1211,2026-07-01,1,14.02,0
1212,2025-04-01,1,36.78,0
1212,2025-05-01,2,161.88,0
1212,2025-06-01,2,63.84,0
1212,2025-09-01,1,19.89,1
1213,2025-11-01,2,39.34,0
1213,2026-01-01,1,21.35,0
1213,2026-04-01,1,21.09,0
1213,2026-06-01,2,106.3,0
1214,2025-05-01,1,70.61,0
1214,2025-10-01,1,249.05,0
1214,2025-11-01,1,13.11,0
1214,2026-01-01,2,85.94,0
1214,2026-03-01,2,82.61999999999999,0
1214,2026-05-01,2,47.47,0
1214,2026-06-01,1,33.41,0
1217,2026-03-01,1,58.3,0
1217,2026-04-01,2,67.27000000000001,0
1217,2026-05-01,3,130.72,0
1217,2026-06-01,1,12.61,0
1217,2026-07-01,2,83.42999999999999,0
1218,2025-06-01,1,17.54,0
1218,2025-11-01,1,12.95,0
1218,2025-12-01,1,341.02,0
1218,2026-01-01,1,25.51,0
1219,2024-12-01,1,34.24,0
1219,2025-01-01,2,125.21,0
1219,2025-02-01,1,14.42,0
1219,2025-03-01,1,25.96,0
1219,2025-04-01,1,113.72,0
1219,2025-06-01,1,41.83,0
1219,2025-07-01,4,328.73,0
1219,2025-08-01,2,104.94000000000001,0
1219,2025-10-01,1,25.05,1
1219,2025-11-01,1,25.76,0
1219,2025-12-01,1,30.12,0
1219,2026-01-01,1,20.85,0
1219,2026-02-01,1,34.02,0
1219,2026-03-01,2,118.74000000000001,0
1219,2026-04-01,2,55.7,0
1219,2026-06-01,1,20.4,0
1219,2026-07-01,1,211.44,0
1220,2025-12-01,1,10.14,0
1220,2026-01-01,2,133.85,0
1220,2026-03-01,1,92.87,0
1220,2026-05-01,1,41.78,0
1220,2026-06-01,2,107.38000000000001,0
1221,2025-02-01,3,90.03,0
1221,2025-04-01,2,65.76,0
1221,2025-05-01,1,33.48,0
1221,2025-09-01,1,23.13,0
1221,2025-11-01,2,31.23,0
1221,2026-01-01,1,11.77,0
1221,2026-02-01,1,11.42,0
1221,2026-03-01,1,157.21,0
1221,2026-04-01,1,48.11,0
1221,2026-06-01,1,33.77,0
1222,2025-09-01,1,3.18,1
1222,2025-10-01,1,8.5,0
1222,2025-11-01,1,203.22,0
1222,2025-12-01,2,45.58,0
1222,2026-01-01,1,9.27,0
1222,2026-03-01,1,4.8,0
1222,2026-05-01,1,34.78,0
1222,2026-06-01,1,53.44,0
1223,2024-04-01,1,127.87,0
1223,2024-05-01,1,25.37,0
1223,2024-06-01,1,8.63,0
1223,2024-08-01,1,26.94,0
1223,2024-09-01,2,208.2,1
1223,2024-11-01,1,23.28,0
1223,2024-12-01,2,32.84,0
1223,2025-02-01,3,145.96,1
1223,2025-10-01,1,9.48,0
1223,2025-11-01,1,80.77,1
1223,2025-12-01,1,16.44,0
1223,2026-01-01,1,6.88,0
1223,2026-02-01,1,33.56,0
1223,2026-05-01,3,226.85000000000002,0
1223,2026-07-01,2,24.72,0
1224,2025-04-01,2,53.6,0
1224,2025-07-01,2,97.75,0
1224,2025-08-01,1,35.54,0
1224,2025-09-01,1,13.8,0
1224,2025-10-01,1,32.32,0
1224,2025-12-01,2,69.72,1
1224,2026-01-01,1,38.73,0
1224,2026-03-01,1,32.99,0
1224,2026-05-01,1,57.65,0
1224,2026-06-01,3,85.86,0
1225,2025-09-01,2,97.49000000000001,0
1225,2025-11-01,2,130.37,0
1225,2025-12-01,1,101.01,0
1225,2026-06-01,1,12.52,0
1226,2025-02-01,1,3.95,0
1226,2025-03-01,1,31.81,0
1226,2025-04-01,2,72.53,0
1226,2025-07-01,1,30.82,0
1226,2025-08-01,1,46.12,0
1226,2025-09-01,1,15.75,0
1226,2025-10-01,1,34.25,0
1226,2026-02-01,2,223.8,0
1226,2026-05-01,1,21.96,0
1226,2026-06-01,1,53.43,0
1227,2026-06-01,1,51.17,0
1227,2026-07-01,1,9.44,0
1228,2024-10-01,1,23.19,0
1228,2024-11-01,1,35.81,0
1228,2024-12-01,1,57.87,0
1228,2025-01-01,2,51.96,0
1228,2025-05-01,1,24.22,0
1228,2025-07-01,2,51.35,0
1228,2025-08-01,1,66.15,0
1228,2025-09-01,1,17.98,0
1228,2025-10-01,1,5.99,0
1228,2026-03-01,1,16.6,0
1228,2026-04-01,1,206.55,0
1228,2026-05-01,1,76.42,0
1228,2026-06-01,2,98.57000000000001,1
1228,2026-07-01,1,69.27,0
1229,2026-05-01,1,110.33,0
1229,2026-06-01,1,32.97,0
1230,2026-03-01,1,124.98,0
1230,2026-04-01,2,54.35,0
1230,2026-05-01,1,7.97,0
1230,2026-07-01,1,6.68,0
1231,2025-06-01,1,5.61,0
1231,2025-09-01,1,12.07,0
1231,2026-01-01,5,213.13,0
1231,2026-02-01,1,71.44,0
1231,2026-04-01,1,16.23,0
1231,2026-05-01,1,36.43,0
1231,2026-06-01,1,41.27,0
1231,2026-07-01,1,8.79,0
1232,2025-04-01,2,105.16,0
1232,2025-06-01,1,11.92,0
1232,2025-07-01,1,49.61,0
1232,2025-08-01,1,13.55,0
1232,2025-09-01,2,165.53,1
1232,2026-01-01,1,96.97,0
1232,2026-02-01,2,63.400000000000006,1
1232,2026-03-01,1,55.29,1
1232,2026-04-01,1,22.62,0
1233,2024-08-01,1,12.92,0
1233,2024-09-01,2,119.25,0
1233,2024-11-01,1,24.0,0
1233,2025-04-01,1,60.22,0
1233,2025-05-01,1,124.38,0
1233,2025-06-01,1,10.56,0
1233,2025-07-01,2,125.93,0
1233,2025-09-01,1,7.15,0
1233,2025-10-01,1,114.76,0
1233,2026-02-01,1,5.4,0
1233,2026-03-01,2,105.83999999999999,0
1233,2026-04-01,2,66.85,0
1233,2026-07-01,2,135.12,0
1234,2025-07-01,1,15.73,0
1234,2025-08-01,2,48.45,0
1234,2025-09-01,1,22.71,0
1234,2025-10-01,1,18.64,0
1234,2025-11-01,2,36.79,0
1234,2025-12-01,1,115.24,0
1234,2026-01-01,1,79.23,0
1234,2026-04-01,1,46.92,0
1234,2026-06-01,1,30.35,0
1235,2025-07-01,1,66.45,0
1235,2025-09-01,2,64.89,0
1235,2026-01-01,1,23.49,0
1235,2026-02-01,1,34.99,0
1235,2026-03-01,1,170.88,0
1235,2026-04-01,1,16.48,0
1236,2025-11-01,1,24.38,0
1236,2025-12-01,2,169.07,0
1236,2026-01-01,1,139.49,0
1236,2026-03-01,1,19.46,0
1236,2026-04-01,1,12.79,0
1236,2026-05-01,1,6.48,0
1236,2026-07-01,1,68.37,1
1238,2026-03-01,1,85.78,0
1238,2026-05-01,1,32.31,0
1239,2026-02-01,1,18.15,0
1239,2026-03-01,1,43.05,0
1239,2026-04-01,1,33.56,0
1240,2026-06-01,2,107.63999999999999,0
1240,2026-07-01,2,178.26,0
1241,2026-04-01,1,38.3,0
1241,2026-05-01,1,38.86,0
1241,2026-06-01,1,24.32,0
1242,2024-10-01,1,21.81,0
1242,2024-11-01,1,7.11,0
1242,2024-12-01,1,14.61,0
1242,2025-01-01,1,74.87,0
1242,2025-02-01,2,131.32999999999998,0
1242,2025-03-01,2,40.9,0
1242,2025-06-01,1,7.65,0
1242,2025-08-01,1,79.26,0
1242,2025-10-01,1,202.92,0
1242,2025-11-01,1,26.33,0
1242,2026-02-01,1,24.23,0
1242,2026-03-01,1,63.36,0
1242,2026-04-01,2,182.27,0
1242,2026-06-01,2,113.97,0
1242,2026-07-01,1,26.14,0
1243,2025-08-01,1,50.42,0
1243,2025-10-01,1,14.52,0
1243,2025-11-01,2,160.13,0
1243,2025-12-01,1,18.69,0
1243,2026-01-01,3,79.07,0
1243,2026-03-01,2,24.169999999999998,0
1243,2026-04-01,1,35.38,0
1243,2026-05-01,2,110.14,0
1243,2026-07-01,2,204.96,0
1244,2025-09-01,1,12.4,0
1244,2025-10-01,1,11.97,0
1244,2025-12-01,1,44.62,0
1244,2026-01-01,2,59.44,0
1244,2026-02-01,1,30.64,0
1244,2026-04-01,1,32.04,0
1244,2026-05-01,1,7.4,0
1244,2026-06-01,1,25.26,0
1245,2025-04-01,1,193.92,0
1245,2025-05-01,1,33.11,0
1245,2025-10-01,1,15.06,0
1245,2025-11-01,3,100.75,1
1245,2026-02-01,1,50.33,0
1245,2026-03-01,1,67.55,0
1245,2026-04-01,2,205.82,1
1246,2024-08-01,1,168.52,0
1246,2024-10-01,1,21.16,0
1246,2024-11-01,1,146.18,1
1246,2025-04-01,1,7.21,0
1246,2025-05-01,2,110.52000000000001,0
1246,2025-07-01,3,82.46000000000001,1
1246,2025-08-01,1,58.62,0
1246,2026-01-01,1,8.85,0
1246,2026-07-01,2,88.57,0
1247,2025-09-01,3,98.55,0
1247,2025-10-01,1,145.07,0
1247,2025-12-01,1,13.26,0
1247,2026-02-01,1,3.0,0
1247,2026-03-01,1,41.31,0
1247,2026-06-01,1,11.82,0
1247,2026-07-01,3,79.85,0
1248,2026-01-01,2,36.87,0
1248,2026-03-01,1,49.21,0
1248,2026-04-01,1,10.43,0
1248,2026-05-01,2,83.75999999999999,0
1248,2026-06-01,1,75.14,0
1248,2026-07-01,2,58.129999999999995,0
1249,2025-10-01,1,31.66,0
1249,2025-11-01,1,13.9,0
1249,2026-02-01,2,111.58,0
1249,2026-06-01,1,80.08,0
1250,2024-06-01,1,146.76,0
1250,2024-07-01,1,35.06,0
1250,2024-09-01,2,89.53999999999999,0
1250,2024-11-01,1,29.66,0
1250,2025-05-01,1,24.68,0
1250,2025-07-01,1,17.94,0
1250,2025-08-01,1,28.08,0
1250,2026-04-01,1,18.89,0
1250,2026-05-01,2,105.64999999999999,0
1250,2026-06-01,1,14.41,0
1251,2026-03-01,1,3.0,0
1251,2026-06-01,1,8.88,0
1252,2026-02-01,2,81.06,0
1252,2026-04-01,1,21.07,0
1252,2026-06-01,1,4.88,0
1252,2026-07-01,1,13.31,0
1253,2026-06-01,1,48.72,0
1253,2026-07-01,2,165.28,0
1254,2026-05-01,3,148.91,0
1254,2026-06-01,3,335.33,0
1254,2026-07-01,2,225.55,0
1255,2025-08-01,3,70.10000000000001,0
1255,2025-10-01,1,14.12,0
1255,2025-11-01,1,29.43,0
1255,2025-12-01,2,121.28,0
1255,2026-01-01,1,5.78,0
1255,2026-03-01,1,18.38,0
1255,2026-05-01,3,190.48000000000002,0
1255,2026-06-01,1,65.8,0
1256,2026-07-01,1,49.94,0
1257,2026-05-01,4,563.63,0
1257,2026-06-01,1,22.89,0
1257,2026-07-01,2,66.89,0
1258,2025-12-01,1,95.37,0
1258,2026-02-01,5,97.01,0
1258,2026-03-01,3,163.64,1
1258,2026-04-01,1,8.65,0
1258,2026-05-01,2,73.28999999999999,0
1258,2026-06-01,1,41.93,0
1259,2026-02-01,2,74.53,0
1259,2026-03-01,1,53.9,0
1259,2026-04-01,1,22.88,0
1259,2026-06-01,2,89.14,0
1260,2025-01-01,1,16.83,0
1260,2025-04-01,1,20.16,0
1260,2025-05-01,1,90.87,0
1260,2025-07-01,1,48.45,0
1260,2025-08-01,2,83.2,0
1260,2025-11-01,1,87.4,0
1260,2025-12-01,2,230.35,0
1260,2026-02-01,1,47.22,0
1260,2026-05-01,1,119.46,0
1261,2026-03-01,1,13.25,0
1261,2026-04-01,3,199.85,0
1261,2026-06-01,2,171.85,0
1261,2026-07-01,1,19.75,0
1262,2024-10-01,2,42.239999999999995,1
1262,2024-11-01,1,7.1,0
1262,2025-05-01,3,140.9,2
1262,2025-08-01,2,56.11,0
1262,2025-09-01,2,54.18,0
1262,2025-10-01,2,101.76,0
1262,2025-12-01,1,46.29,0
1262,2026-01-01,2,20.58,0
1262,2026-02-01,2,98.35,0
1262,2026-03-01,2,145.44,0
1262,2026-04-01,1,23.36,0
1262,2026-05-01,1,37.7,0
1263,2025-10-01,2,119.32000000000001,1
1263,2025-11-01,1,5.93,1
1263,2026-02-01,1,56.31,0
1263,2026-03-01,4,169.9,0
1263,2026-04-01,1,26.46,0
1263,2026-05-01,2,110.83,0
1263,2026-06-01,2,76.47999999999999,1
1263,2026-07-01,1,71.38,0
1264,2025-05-01,1,42.07,0
1264,2025-10-01,1,90.95,0
1264,2025-12-01,1,11.05,0
1264,2026-01-01,1,22.9,0
1264,2026-05-01,1,59.11,0
1264,2026-07-01,1,9.53,0
1265,2026-02-01,1,7.39,0
1265,2026-03-01,2,50.02,0
1265,2026-04-01,2,359.28,0
1265,2026-05-01,1,22.41,0
1267,2026-07-01,3,280.32,0
1268,2025-11-01,2,34.57,0
1268,2025-12-01,3,118.23,0
1268,2026-01-01,1,3.0,0
1268,2026-02-01,2,45.99,0
1268,2026-04-01,1,63.03,0
1269,2024-08-01,1,12.01,0
1269,2024-09-01,1,138.0,0
1269,2025-02-01,1,35.35,0
1269,2025-05-01,1,31.98,0
1269,2025-06-01,1,568.89,0
1269,2025-09-01,1,52.59,0
1269,2025-11-01,2,172.07,0
1269,2025-12-01,1,67.39,0
1269,2026-03-01,4,173.54,0
1269,2026-06-01,2,86.24000000000001,1
1269,2026-07-01,1,25.86,0
1270,2026-06-01,1,17.93,0
1270,2026-07-01,3,137.92,1
1271,2025-12-01,2,43.36,0
1271,2026-04-01,1,25.62,0
1271,2026-05-01,2,85.52000000000001,0
1271,2026-06-01,2,59.489999999999995,0
1273,2024-09-01,1,35.17,0
1273,2024-10-01,1,102.13,0
1273,2024-12-01,1,8.38,0
1273,2025-04-01,1,17.2,0
1273,2025-05-01,1,16.98,0
1273,2025-06-01,2,68.22,0
1273,2025-07-01,2,122.63,0
1273,2025-08-01,1,29.77,0
1273,2025-10-01,1,54.33,0
1273,2025-12-01,1,19.24,0
1273,2026-01-01,1,11.99,1
1273,2026-03-01,1,99.96,0
1273,2026-06-01,2,120.91,0
1274,2025-06-01,1,55.22,1
1274,2025-07-01,1,3.0,0
1274,2025-09-01,2,198.97,0
1274,2025-11-01,1,27.65,0
1274,2026-01-01,1,14.28,0
1274,2026-02-01,2,154.79,0
1274,2026-03-01,1,80.36,0
1274,2026-06-01,1,45.55,0
1274,2026-07-01,3,136.20999999999998,0
1275,2026-01-01,3,106.02000000000001,0
1275,2026-03-01,2,59.44,0
1275,2026-04-01,2,32.69,0
1275,2026-06-01,3,158.71,0
1275,2026-07-01,2,92.92,0
1276,2025-07-01,1,73.53,0
1276,2025-09-01,1,13.59,0
1276,2025-10-01,1,14.65,0
1276,2025-12-01,1,17.89,0
1276,2026-01-01,3,201.73000000000002,0
1276,2026-02-01,1,17.29,0
1276,2026-03-01,2,22.39,0
1276,2026-05-01,2,21.72,0
1276,2026-07-01,1,57.82,0
1277,2025-04-01,1,36.12,0
1277,2025-05-01,2,37.129999999999995,1
1277,2025-07-01,1,17.91,0
1277,2025-09-01,1,33.76,0
1277,2025-11-01,1,20.81,0
1277,2026-01-01,2,74.28999999999999,0
1277,2026-05-01,1,30.41,0
1278,2025-01-01,1,36.75,0
1278,2025-02-01,1,15.07,0
1278,2025-05-01,1,29.06,0
1278,2025-07-01,1,127.65,0
1278,2025-08-01,1,25.47,0
1278,2025-12-01,1,17.29,0
1278,2026-01-01,1,33.79,0
1280,2025-02-01,1,38.86,1
1280,2025-05-01,1,26.44,0
1280,2025-06-01,1,47.49,0
1280,2025-07-01,1,90.04,0
1280,2025-08-01,1,22.43,0
1280,2025-11-01,2,40.82,1
1280,2026-01-01,2,55.01,0
1280,2026-02-01,1,32.88,0
1280,2026-04-01,1,31.2,0
1280,2026-05-01,1,99.19,0
1280,2026-06-01,1,106.07,0
1280,2026-07-01,3,232.95,0
1281,2025-02-01,2,79.89,0
1281,2025-04-01,2,59.2,0
1281,2025-05-01,2,67.7,0
1281,2025-06-01,1,304.19,0
1281,2025-08-01,1,27.9,1
1281,2025-09-01,1,78.08,0
1281,2025-10-01,3,66.15,0
1281,2026-01-01,1,18.54,0
1281,2026-02-01,2,26.88,1
1281,2026-05-01,3,80.62,1
1281,2026-06-01,2,55.230000000000004,0
1282,2025-02-01,3,200.76,0
1282,2025-04-01,1,103.84,0
1282,2025-06-01,1,76.23,0
1282,2025-08-01,1,153.71,0
1282,2025-09-01,1,36.4,0
1282,2025-10-01,2,42.629999999999995,0
1282,2026-01-01,1,9.71,0
1282,2026-05-01,1,25.84,0
1282,2026-06-01,1,84.1,0
1282,2026-07-01,2,22.76,0
1283,2025-10-01,1,23.21,0
1283,2026-02-01,1,7.26,0
1283,2026-03-01,1,32.77,0
1283,2026-04-01,2,57.620000000000005,0
1284,2025-01-01,1,23.7,0
1284,2025-02-01,1,13.28,0
1284,2025-03-01,1,27.72,0
1284,2025-06-01,1,97.01,0
1284,2025-08-01,2,119.29,0
1284,2026-03-01,2,85.47999999999999,0
1284,2026-05-01,1,134.0,0
1285,2025-10-01,2,33.010000000000005,0
1285,2026-01-01,2,230.35,0
1285,2026-02-01,1,8.7,0
1285,2026-03-01,2,53.24,0
1285,2026-05-01,2,72.94,1
1285,2026-06-01,2,100.99000000000001,0
1285,2026-07-01,1,31.42,0
1286,2026-06-01,1,81.63,0
1286,2026-07-01,2,100.91,0
1287,2025-05-01,1,24.12,0
1287,2025-06-01,3,100.98,0
1287,2025-07-01,1,22.86,0
1287,2025-11-01,1,26.34,0
1287,2025-12-01,2,62.13,0
1287,2026-01-01,1,58.12,0
1287,2026-03-01,2,45.88,0
1288,2026-03-01,1,25.36,0
1288,2026-04-01,1,10.29,0
1288,2026-05-01,2,89.50999999999999,0
1288,2026-06-01,1,285.87,0
1289,2026-05-01,1,48.36,0
1289,2026-06-01,1,67.14,0
1290,2026-01-01,2,141.03,0
1290,2026-04-01,4,197.07,1
1290,2026-05-01,1,11.25,0
1290,2026-07-01,3,212.26,1
1291,2026-01-01,1,72.77,0
1291,2026-02-01,1,17.75,0
1291,2026-07-01,1,26.5,0
1292,2025-05-01,1,151.73,0
1292,2025-06-01,1,149.78,0
1292,2025-08-01,1,24.95,0
1292,2025-09-01,2,17.45,0
1292,2025-10-01,1,66.52,0
1292,2025-12-01,1,20.01,0
1292,2026-01-01,2,65.16,0
1292,2026-02-01,1,36.35,0
1292,2026-05-01,2,115.27000000000001,0
1293,2025-09-01,1,7.32,0
1293,2025-10-01,3,255.17000000000002,0
1293,2025-12-01,3,95.46000000000001,1
1293,2026-02-01,1,24.42,0
1293,2026-05-01,2,242.51999999999998,1
1293,2026-07-01,2,132.1,0
1295,2024-10-01,1,3.19,0
1295,2024-12-01,3,129.56,0
1295,2025-01-01,1,31.77,0
1295,2025-02-01,2,74.66,0
1295,2025-04-01,1,20.83,0
1295,2025-07-01,2,81.58,0
1295,2025-08-01,2,309.32,0
1295,2025-10-01,2,42.69,0
1295,2025-11-01,1,21.16,0
1295,2025-12-01,1,38.88,1
1295,2026-04-01,1,50.43,1
1295,2026-06-01,1,20.06,1
1296,2025-10-01,2,191.87,0
1296,2025-11-01,1,46.21,0
1296,2026-05-01,3,102.92,0
1296,2026-06-01,1,32.11,0
1297,2026-01-01,2,45.8,1
1297,2026-03-01,1,82.15,0
1297,2026-04-01,1,263.15,0
1297,2026-05-01,2,27.259999999999998,0
1298,2025-09-01,2,39.21,0
1298,2025-12-01,1,20.63,0
1298,2026-01-01,1,22.45,0
1298,2026-03-01,1,25.1,0
1298,2026-04-01,2,27.97,0
1299,2026-04-01,1,79.92,0
1299,2026-05-01,1,26.38,0
1299,2026-06-01,3,107.93,0
1300,2026-07-01,1,88.01,0
1301,2025-10-01,1,10.64,0
1301,2025-11-01,1,82.93,0
1301,2026-01-01,2,42.89,0
1301,2026-02-01,1,16.95,0
1301,2026-03-01,2,125.21000000000001,0
1301,2026-04-01,1,33.82,0
1301,2026-06-01,2,74.12,0
1302,2026-06-01,1,28.94,0
1302,2026-07-01,2,172.48000000000002,0
1303,2025-03-01,1,26.29,0
1303,2025-04-01,2,40.2,0
1303,2025-06-01,4,123.51,0
1303,2025-08-01,1,26.77,0
1303,2025-10-01,1,93.39,0
1303,2025-11-01,2,132.5,0
1303,2025-12-01,1,116.15,0
1303,2026-02-01,1,12.78,0
1303,2026-03-01,1,90.84,0
1303,2026-05-01,1,17.8,0
1304,2024-12-01,1,55.99,0
1304,2025-02-01,2,150.06,0
1304,2025-04-01,2,50.269999999999996,0
1304,2025-06-01,1,26.87,0
1304,2025-07-01,1,154.87,0
1304,2025-09-01,1,186.32,0
1304,2025-11-01,1,49.72,0
1304,2026-01-01,2,75.59,1
1304,2026-02-01,1,31.09,0
1304,2026-04-01,1,29.56,0
1304,2026-05-01,1,193.0,0
1305,2026-01-01,2,77.28999999999999,1
1305,2026-03-01,1,21.92,0
1305,2026-04-01,1,16.57,0
1306,2025-07-01,1,72.66,0
1306,2025-09-01,2,73.23,0
1306,2025-10-01,2,15.05,0
1306,2025-11-01,1,101.72,0
1306,2025-12-01,2,54.76,0
1306,2026-03-01,1,38.38,0
1306,2026-04-01,1,16.98,0
1306,2026-05-01,2,34.11,1
1307,2026-01-01,1,54.54,0
1307,2026-02-01,1,66.28,0
1307,2026-03-01,1,30.02,0
1308,2026-03-01,1,10.71,0
1308,2026-04-01,2,60.16,0
1308,2026-05-01,1,23.52,0
1308,2026-06-01,2,19.86,0
1308,2026-07-01,1,49.37,0
1309,2025-09-01,2,45.44,0
1309,2025-10-01,1,45.47,0
1309,2025-11-01,1,27.5,0
1309,2025-12-01,2,68.65,0
1309,2026-04-01,1,90.42,0
1309,2026-07-01,1,153.28,0
1310,2024-11-01,1,12.6,0
1310,2024-12-01,1,52.89,0
1310,2025-04-01,1,26.7,0
1310,2025-06-01,1,30.04,0
1310,2025-07-01,1,30.94,0
1310,2025-10-01,1,11.34,0
1310,2025-12-01,2,84.34,0
1310,2026-01-01,2,99.02,0
1310,2026-02-01,1,57.31,0
1310,2026-03-01,1,18.01,0
1310,2026-04-01,1,96.82,1
1310,2026-05-01,1,134.5,0
1310,2026-06-01,1,100.99,0
1311,2026-01-01,1,126.17,0
1311,2026-02-01,2,25.54,0
1311,2026-03-01,1,61.15,0
1311,2026-05-01,2,21.74,0
1311,2026-06-01,2,145.63,0
1311,2026-07-01,2,103.14000000000001,0
1312,2026-05-01,1,24.24,0
1313,2025-02-01,1,63.09,0
1313,2025-03-01,1,70.15,0
1313,2025-04-01,1,36.56,0
1313,2025-05-01,1,23.67,0
1313,2025-10-01,1,51.01,0
1313,2026-03-01,1,11.99,0
1313,2026-07-01,1,18.09,0
1314,2025-01-01,1,20.52,0
1314,2025-02-01,3,86.24000000000001,0
1314,2025-03-01,1,58.13,0
1314,2025-06-01,1,16.72,0
1314,2025-11-01,1,58.85,0
1314,2025-12-01,3,58.5,0
1314,2026-01-01,1,13.82,0
1314,2026-02-01,1,101.63,0
1314,2026-04-01,2,55.72,1
1314,2026-05-01,1,238.23,0
1314,2026-06-01,1,74.12,0
1315,2025-04-01,1,27.97,0
1315,2025-07-01,1,17.53,0
1315,2025-08-01,1,11.09,0
1315,2025-09-01,2,31.630000000000003,0
1315,2025-10-01,1,162.77,0
1315,2026-01-01,1,17.61,0
1315,2026-05-01,1,34.36,0
1316,2026-02-01,1,16.85,0
1316,2026-03-01,2,19.560000000000002,0
1316,2026-04-01,1,22.0,0
1316,2026-05-01,1,48.49,0
1317,2025-05-01,1,45.46,0
1317,2025-09-01,1,66.15,0
1317,2025-10-01,1,3.0,0
1317,2026-01-01,1,255.6,0
1317,2026-02-01,1,32.5,0
1318,2025-11-01,1,11.8,0
1318,2026-01-01,1,49.75,0
1318,2026-03-01,2,104.77000000000001,0
1318,2026-04-01,1,52.33,0
1318,2026-07-01,2,211.74,1
1319,2026-01-01,1,36.14,0
1319,2026-02-01,1,4.09,0
1319,2026-03-01,1,19.7,0
1319,2026-05-01,1,61.08,0
1319,2026-06-01,3,118.85,0
1319,2026-07-01,1,85.78,0
1320,2025-12-01,1,29.06,0
1320,2026-04-01,1,13.91,0
1320,2026-07-01,1,18.49,0
1322,2026-03-01,1,13.22,0
1322,2026-04-01,3,90.84,1
1322,2026-05-01,2,91.24,0
1322,2026-07-01,2,51.71,0
1323,2025-04-01,3,128.48999999999998,0
1323,2025-08-01,2,131.75,0
1323,2025-09-01,1,17.54,1
1323,2025-10-01,1,63.12,0
1323,2025-11-01,1,49.32,0
1323,2025-12-01,3,188.81,0
1323,2026-01-01,1,13.97,0
1323,2026-03-01,2,52.760000000000005,0
1323,2026-04-01,1,94.97,0
1324,2025-07-01,1,19.72,0
1324,2025-08-01,1,42.66,0
1324,2025-10-01,5,155.74,0
1324,2025-11-01,1,14.86,0
1324,2026-02-01,2,82.47,0
1324,2026-06-01,1,49.11,0
1324,2026-07-01,1,23.87,0
1325,2025-07-01,1,21.89,0
1325,2025-08-01,1,15.71,0
1325,2026-02-01,1,16.68,0
1325,2026-04-01,2,98.89999999999999,0
1325,2026-05-01,2,63.67,0
1326,2026-04-01,2,130.52,0
1326,2026-05-01,1,34.41,0
1326,2026-06-01,2,140.75,0
1326,2026-07-01,1,113.41,0
1327,2024-12-01,1,12.11,0
1327,2025-01-01,2,41.46,0
1327,2025-03-01,2,147.3,0
1327,2025-05-01,2,124.85,0
1327,2025-08-01,1,18.24,0
1327,2025-11-01,1,21.95,0
1327,2026-04-01,1,46.02,0
1329,2025-01-01,1,6.79,0
1329,2025-04-01,1,52.89,0
1329,2025-05-01,1,8.88,0
1329,2025-06-01,1,45.99,0
1329,2025-08-01,1,18.65,0
1329,2025-09-01,1,174.01,0
1329,2025-10-01,3,66.62,0
1329,2026-01-01,3,57.29,0
1329,2026-05-01,1,15.22,0
1329,2026-06-01,1,22.43,0
1330,2025-11-01,1,26.18,0
1330,2026-02-01,1,35.4,0
1330,2026-03-01,1,15.89,0
1330,2026-04-01,1,6.79,0
1330,2026-06-01,3,65.67,0
1330,2026-07-01,1,19.18,0
1331,2026-02-01,3,90.78,0
1331,2026-03-01,1,32.92,0
1331,2026-05-01,4,302.92,0
1331,2026-07-01,1,12.28,0
1332,2025-06-01,2,76.62,1
1332,2025-08-01,1,73.92,0
1332,2025-09-01,1,10.73,0
1332,2025-10-01,2,118.9,0
1332,2025-11-01,1,17.29,0
1332,2025-12-01,1,123.68,0
1332,2026-03-01,1,28.05,0
1332,2026-04-01,1,11.38,0
1332,2026-05-01,1,14.78,0
1332,2026-06-01,1,18.04,0
1333,2026-04-01,2,99.76,0
1333,2026-05-01,2,88.67999999999999,0
1333,2026-06-01,1,51.38,0
1333,2026-07-01,3,59.7,0
1334,2024-10-01,2,87.72,1
1334,2025-01-01,1,15.76,0
1334,2025-02-01,1,53.3,0
1334,2025-08-01,1,19.07,0
1334,2025-10-01,1,13.32,0
1334,2025-12-01,2,73.8,0
1334,2026-02-01,1,3.0,0
1334,2026-03-01,2,89.78,0
1334,2026-07-01,1,79.35,0
1335,2025-10-01,2,72.82000000000001,0
1335,2025-11-01,2,171.55,0
1335,2026-03-01,2,209.79,0
1335,2026-04-01,3,76.28999999999999,1
1335,2026-05-01,1,10.27,0
1336,2025-07-01,1,98.29,0
1336,2025-08-01,1,50.32,0
1336,2025-10-01,1,7.86,0
1336,2025-11-01,3,83.07,0
1336,2025-12-01,3,76.38,0
1336,2026-02-01,2,56.150000000000006,0
1336,2026-03-01,3,34.5,0
1336,2026-05-01,1,25.68,0
1336,2026-06-01,2,116.48,0
1337,2025-03-01,3,387.88,0
1337,2025-04-01,1,11.02,0
1337,2025-05-01,1,122.53,0
1337,2025-06-01,1,62.71,0
1337,2025-07-01,1,15.93,0
1337,2025-08-01,1,9.23,0
1337,2025-12-01,1,16.04,0
1337,2026-01-01,1,124.4,0
1337,2026-06-01,3,137.43,1
1338,2026-02-01,1,10.13,0
1338,2026-04-01,1,6.69,0
1338,2026-05-01,1,67.94,0
1339,2025-08-01,2,58.42,1
1339,2025-09-01,1,9.79,0
1339,2025-10-01,1,32.95,0
1339,2025-11-01,1,20.03,0
1339,2026-01-01,2,34.010000000000005,0
1339,2026-02-01,1,98.22,0
1339,2026-03-01,1,29.65,0
1339,2026-04-01,1,52.1,0
1339,2026-05-01,1,3.76,0
1339,2026-06-01,1,55.3,0
1340,2026-01-01,1,41.67,0
1340,2026-02-01,1,42.19,0
1340,2026-03-01,1,59.32,0
1340,2026-06-01,2,148.26,0
1341,2026-04-01,1,90.53,0
1341,2026-05-01,2,130.60000000000002,1
1341,2026-07-01,2,71.63,0
1342,2026-06-01,2,88.95,0
1342,2026-07-01,1,11.44,0
1344,2025-09-01,1,120.11,0
1344,2025-12-01,1,47.08,0
1344,2026-05-01,1,23.39,0
1345,2026-05-01,4,259.76,1
1345,2026-06-01,6,317.79,0
1346,2024-11-01,2,47.57,0
1346,2024-12-01,1,67.67,0
1346,2025-01-01,1,35.31,0
1346,2025-02-01,1,31.65,1
1346,2025-03-01,1,30.09,0
1346,2025-04-01,2,147.85000000000002,0
1346,2025-09-01,3,136.78,0
1346,2025-10-01,2,62.29,0
1346,2025-11-01,2,20.060000000000002,0
1346,2025-12-01,1,47.22,0
1346,2026-04-01,1,10.75,0
1346,2026-06-01,1,82.75,0
1347,2025-06-01,1,20.59,0
1347,2025-07-01,3,113.77,0
1347,2025-08-01,1,94.75,0
1347,2025-10-01,1,20.92,0
1347,2025-11-01,3,173.39,0
1347,2026-01-01,4,188.7,0
1347,2026-03-01,1,109.06,0
1347,2026-06-01,1,21.14,0
1348,2024-12-01,1,32.12,0
1348,2025-01-01,1,4.71,0
1348,2025-03-01,2,269.8,0
1348,2025-05-01,1,29.63,0
1348,2025-08-01,2,131.68,0
1348,2026-01-01,1,11.17,0
1348,2026-03-01,1,22.68,0
1348,2026-04-01,1,95.81,0
1348,2026-07-01,1,20.17,0
1349,2025-01-01,2,85.33000000000001,0
1349,2025-02-01,1,22.81,0
1349,2025-05-01,1,42.11,0
1349,2025-07-01,1,50.97,0
1349,2025-08-01,2,103.82,0
1349,2025-09-01,2,149.08,0
1349,2025-10-01,1,81.21,0
1349,2026-01-01,1,29.19,0
1349,2026-02-01,1,59.24,0
1349,2026-04-01,2,54.27,0
1349,2026-06-01,3,358.24,0
1350,2025-11-01,2,178.06,0
1350,2025-12-01,2,60.0,0
1350,2026-01-01,1,8.8,0
1350,2026-03-01,1,60.73,0
1350,2026-04-01,1,53.42,0
1350,2026-05-01,1,17.91,1
1350,2026-07-01,1,7.81,0
1351,2026-06-01,1,16.83,0
1352,2025-11-01,1,183.37,0
1352,2025-12-01,2,48.33,1
1353,2025-06-01,2,130.31,0
1353,2025-08-01,2,135.76,0
1353,2026-02-01,2,101.05000000000001,0
1353,2026-04-01,1,120.75,0
1354,2025-06-01,1,258.33,0
1354,2026-03-01,1,144.96,0
1355,2026-06-01,2,21.67,0
1355,2026-07-01,1,82.12,0
1356,2025-08-01,1,255.43,0
1356,2025-09-01,1,24.56,0
1356,2025-10-01,2,89.71000000000001,1
1356,2025-11-01,3,409.14,0
1356,2025-12-01,1,19.2,0
1356,2026-01-01,1,9.68,0
1356,2026-04-01,2,97.14,0
1356,2026-05-01,1,218.33,0
1356,2026-06-01,2,117.72999999999999,1
1357,2026-01-01,1,56.16,0
1357,2026-02-01,1,35.96,1
1357,2026-03-01,2,65.34,0
1357,2026-04-01,1,11.03,0
1357,2026-05-01,1,44.73,0
1358,2026-05-01,2,149.39,0
1358,2026-06-01,1,39.74,0
1358,2026-07-01,1,29.91,1
1359,2026-05-01,2,28.82,0
1360,2025-10-01,1,51.38,0
1360,2026-01-01,1,50.48,0
1360,2026-02-01,1,26.13,0
1360,2026-03-01,1,77.37,0
1360,2026-07-01,2,24.29,0
1361,2026-06-01,2,108.56,1
1362,2026-07-01,1,64.39,0
1363,2026-05-01,1,27.73,0
1363,2026-06-01,1,307.81,0
1364,2026-05-01,4,63.730000000000004,0
1364,2026-06-01,1,26.42,0
1365,2025-08-01,3,66.03,0
1365,2025-09-01,1,20.34,0
1365,2025-10-01,4,192.66,0
1365,2025-11-01,1,102.41,0
1365,2025-12-01,1,19.42,0
1365,2026-04-01,2,62.81,0
1365,2026-05-01,2,17.0,0
1365,2026-06-01,1,51.79,0
1365,2026-07-01,2,49.34,0
1366,2026-06-01,1,13.42,0
1367,2025-12-01,2,134.53,0
1367,2026-01-01,2,52.21,0
1367,2026-03-01,1,222.6,0
1367,2026-05-01,1,112.73,0
1367,2026-06-01,2,33.24,1
1368,2026-01-01,1,101.8,1
1368,2026-02-01,2,35.67,1
1368,2026-03-01,1,29.98,0
1368,2026-05-01,1,32.02,0
1368,2026-06-01,1,154.9,0
1369,2025-06-01,1,29.82,0
1369,2025-08-01,2,81.81,0
1369,2025-09-01,1,75.1,0
1369,2025-12-01,2,48.28,0
1369,2026-01-01,1,12.58,0
1369,2026-03-01,2,31.619999999999997,0
1369,2026-05-01,1,96.49,0
1369,2026-06-01,3,142.13,0
1370,2025-03-01,1,56.2,0
1370,2025-04-01,1,49.19,0
1370,2025-05-01,1,23.15,0
1370,2025-07-01,1,9.62,0
1370,2025-08-01,1,78.22,0
1370,2025-10-01,1,21.63,0
1370,2025-12-01,1,70.59,0
1370,2026-02-01,1,48.99,0
1370,2026-03-01,1,32.86,0
1370,2026-04-01,1,7.3,0
1370,2026-06-01,3,218.02,1
1371,2025-09-01,3,190.57,0
1371,2025-10-01,1,26.09,0
1371,2025-11-01,1,48.38,0
1371,2025-12-01,4,145.28,0
1371,2026-06-01,3,38.58,0
1372,2025-12-01,1,34.71,0
1372,2026-05-01,1,45.12,0
1372,2026-07-01,2,129.14000000000001,0
1373,2026-04-01,3,284.20000000000005,0
1373,2026-05-01,1,30.16,1
1373,2026-06-01,2,126.60000000000001,0
1374,2025-11-01,1,88.83,0
1374,2026-02-01,1,3.03,0
1374,2026-05-01,1,114.53,0
1375,2025-01-01,1,23.91,0
1375,2025-02-01,1,17.61,0
1375,2025-04-01,1,34.16,0
1375,2025-05-01,1,52.31,0
1375,2025-06-01,1,111.82,0
1375,2025-08-01,2,64.36,0
1375,2025-09-01,1,53.73,1
1375,2025-10-01,2,84.38999999999999,0
1375,2025-11-01,1,12.06,1
1375,2025-12-01,1,35.25,0
1375,2026-01-01,1,32.14,0
1375,2026-03-01,1,186.31,0
1376,2025-04-01,1,38.78,0
1376,2025-05-01,2,84.75,0
1376,2025-06-01,1,18.13,0
1376,2025-07-01,2,41.73,0
1376,2025-08-01,2,132.0,0
1376,2025-10-01,2,95.71000000000001,0
1376,2025-12-01,1,29.01,0
1376,2026-01-01,1,53.61,0
1376,2026-02-01,1,26.12,1
1376,2026-04-01,3,55.81,0
1376,2026-05-01,1,59.67,0
1376,2026-07-01,1,35.1,0
1377,2025-01-01,1,92.77,0
1377,2025-08-01,1,22.84,0
1377,2025-12-01,1,33.04,0
1377,2026-03-01,1,12.03,0
1377,2026-04-01,1,6.44,0
1377,2026-06-01,3,176.75,0
1378,2024-10-01,1,66.67,0
1378,2024-12-01,1,121.58,0
1378,2025-01-01,1,23.51,0
1378,2025-03-01,1,31.57,0
1378,2025-04-01,1,113.59,0
1378,2025-07-01,1,50.94,0
1378,2025-08-01,1,54.49,0
1378,2025-09-01,1,147.5,0
1378,2025-11-01,1,27.41,0
1378,2026-02-01,2,84.72,0
1378,2026-03-01,1,81.12,0
1378,2026-04-01,1,92.85,0
1379,2025-07-01,1,33.22,0
1379,2025-09-01,2,93.29,1
1379,2025-10-01,1,63.0,0
1379,2025-12-01,1,30.06,0
1379,2026-01-01,1,8.54,1
1379,2026-05-01,1,29.06,0
1379,2026-06-01,1,92.66,0
1380,2025-11-01,1,80.4,0
1380,2026-01-01,3,282.03,0
1380,2026-03-01,2,58.330000000000005,1
1380,2026-04-01,1,50.42,0
1380,2026-06-01,2,251.74,0
1381,2025-05-01,1,12.8,0
1381,2025-07-01,1,44.07,0
1381,2025-10-01,1,69.32,0
1381,2025-12-01,1,38.34,0
1381,2026-02-01,1,101.54,0
1381,2026-06-01,1,86.77,0
1381,2026-07-01,2,276.29999999999995,0
1382,2025-12-01,1,67.64,0
1382,2026-01-01,2,79.28,0
1382,2026-02-01,1,31.49,1
1382,2026-03-01,1,32.61,0
1383,2026-01-01,1,28.43,0
1383,2026-02-01,1,28.45,0
1383,2026-03-01,2,140.91,0
1383,2026-04-01,1,104.29,0
1383,2026-05-01,1,11.1,0
1383,2026-06-01,1,71.36,0
1383,2026-07-01,2,67.94,0
1384,2026-01-01,1,15.56,0
1384,2026-03-01,2,94.52,0
1384,2026-04-01,1,64.6,0
1384,2026-05-01,2,40.9,0
1384,2026-07-01,2,60.49,0
1385,2026-03-01,1,12.07,0
1385,2026-04-01,1,35.99,0
1385,2026-06-01,1,64.91,0
1385,2026-07-01,2,76.61,0
1386,2026-01-01,1,13.43,0
1386,2026-02-01,1,12.92,0
1386,2026-03-01,1,9.26,0
1386,2026-05-01,2,45.050000000000004,0
1387,2025-06-01,1,47.23,0
1387,2025-09-01,1,36.79,0
1387,2025-10-01,1,12.54,0
1387,2025-11-01,1,27.88,0
1387,2026-03-01,1,46.0,0
1387,2026-04-01,1,39.81,0
1387,2026-05-01,1,41.21,0
1387,2026-06-01,1,35.45,0
1387,2026-07-01,3,160.43,0
1388,2026-03-01,1,49.21,0
1388,2026-07-01,1,47.45,0
1389,2024-10-01,1,54.33,0
1389,2024-11-01,1,68.83,0
1389,2025-01-01,1,55.04,0
1389,2025-03-01,1,51.97,0
1389,2025-07-01,2,23.720000000000002,0
1389,2025-10-01,2,210.35000000000002,0
1389,2025-11-01,1,47.16,0
1389,2026-01-01,1,6.7,1
1389,2026-03-01,1,4.72,0
1389,2026-05-01,2,334.97,0
1390,2024-07-01,1,38.75,0
1390,2024-09-01,1,160.67,0
1390,2024-11-01,1,22.27,0
1390,2024-12-01,1,103.23,0
1390,2025-02-01,1,30.73,0
1390,2025-04-01,1,23.77,0
1390,2025-05-01,1,10.67,0
1390,2025-06-01,1,86.04,0
1390,2025-07-01,1,25.04,0
1390,2025-08-01,3,137.12,1
1390,2025-09-01,2,104.19,1
1390,2025-10-01,2,152.85,0
1390,2025-11-01,1,23.74,0
1390,2026-01-01,1,18.85,0
1390,2026-03-01,1,13.69,0
1390,2026-04-01,1,16.51,0
1390,2026-06-01,3,170.55,0
1390,2026-07-01,1,51.88,0
1391,2026-02-01,4,124.91,0
1391,2026-04-01,2,77.88,0
1392,2025-11-01,2,26.560000000000002,0
1392,2025-12-01,2,84.9,0
1392,2026-04-01,1,203.71,0
1392,2026-05-01,1,121.41,0
1392,2026-06-01,1,8.02,0
1392,2026-07-01,1,47.16,0
1393,2024-07-01,1,126.17,1
1393,2024-08-01,1,37.43,0
1393,2024-11-01,1,33.47,0
1393,2025-02-01,2,331.91999999999996,0
1393,2025-03-01,2,123.25,0
1393,2025-05-01,1,6.95,0
1393,2025-08-01,1,28.78,0
1393,2025-09-01,1,17.47,0
1393,2025-11-01,1,130.16,0
1393,2026-03-01,1,192.19,0
1393,2026-04-01,1,9.09,0
1393,2026-06-01,2,10.57,0
1393,2026-07-01,1,18.65,0
1394,2025-08-01,2,77.26,0
1394,2025-09-01,1,65.3,0
1394,2025-10-01,1,117.88,0
1394,2025-11-01,2,116.92999999999999,0
1394,2025-12-01,4,172.27999999999997,0
1394,2026-01-01,2,129.61,0
1394,2026-02-01,2,169.18,0
1394,2026-06-01,2,130.13,0
1394,2026-07-01,2,29.3,0
1395,2026-06-01,1,3.0,0
1395,2026-07-01,1,11.12,0
1396,2025-05-01,1,79.82,0
1396,2025-06-01,1,23.9,0
1396,2025-08-01,1,15.62,0
1396,2025-10-01,4,159.47,0
1396,2026-01-01,1,62.74,0
1396,2026-02-01,2,82.46000000000001,1
1396,2026-03-01,2,48.1,0
1396,2026-04-01,1,79.7,0
1397,2025-12-01,1,33.09,0
1397,2026-05-01,1,25.19,0
1398,2025-04-01,3,157.76,0
1398,2025-06-01,1,33.25,0
1398,2025-10-01,1,10.15,1
1398,2026-01-01,1,50.41,0
1398,2026-02-01,1,16.77,0
1398,2026-03-01,2,52.24,0
1398,2026-04-01,1,121.63,0
1399,2026-07-01,1,6.16,0
1400,2026-01-01,2,167.2,0
1400,2026-02-01,1,48.22,0
1400,2026-03-01,1,5.89,0
1400,2026-05-01,1,59.04,0
1401,2025-05-01,1,12.97,0
1401,2025-06-01,1,18.42,1
1401,2025-07-01,1,91.3,0
1401,2025-08-01,4,143.47,0
1401,2025-09-01,1,83.08,1
1401,2025-10-01,3,45.730000000000004,1
1401,2025-11-01,1,46.07,0
1401,2025-12-01,1,115.01,0
1401,2026-01-01,2,31.8,0
1401,2026-03-01,1,26.65,0
1401,2026-05-01,1,44.75,0
1401,2026-07-01,1,24.91,1
1402,2026-05-01,2,85.69,0
1402,2026-06-01,1,58.63,0
1402,2026-07-01,1,130.55,0
1403,2026-01-01,1,34.82,0
1403,2026-03-01,1,65.87,0
1403,2026-05-01,1,12.26,0
1403,2026-06-01,3,236.15,0
1404,2025-12-01,1,36.32,0
1404,2026-03-01,1,64.22,0
1404,2026-04-01,1,74.17,0
1404,2026-07-01,1,36.89,0
1405,2026-04-01,1,66.51,0
1405,2026-05-01,1,82.67,0
1405,2026-06-01,1,35.03,0
1406,2026-06-01,1,22.22,0
1407,2025-10-01,1,31.7,0
1407,2025-11-01,1,415.22,0
1407,2026-02-01,2,415.58,0
1407,2026-04-01,1,24.0,0
1407,2026-05-01,2,79.89,0
1408,2025-05-01,1,68.79,0
1408,2025-06-01,1,24.1,0
1408,2025-09-01,2,109.72,0
1408,2026-05-01,2,144.38,0
1408,2026-07-01,1,36.42,0
1410,2025-11-01,2,116.77000000000001,0
1410,2026-02-01,1,28.83,0
1410,2026-03-01,1,12.35,0
1410,2026-05-01,4,178.30999999999997,0
1411,2026-06-01,2,94.88,0
1412,2025-03-01,1,42.22,0
1412,2025-06-01,1,82.88,0
1412,2025-07-01,1,18.3,0
1412,2025-09-01,1,35.85,0
1412,2025-10-01,2,61.75,0
1412,2025-11-01,1,256.25,0
1412,2026-01-01,1,33.93,0
1412,2026-02-01,1,12.86,0
1412,2026-05-01,1,20.11,0
1412,2026-07-01,2,96.24,0
1413,2026-01-01,1,3.25,0
1413,2026-05-01,1,130.71,0
1414,2025-11-01,1,81.82,0
1414,2025-12-01,3,685.1099999999999,0
1414,2026-01-01,1,20.99,0
1414,2026-02-01,2,75.81,0
1414,2026-05-01,2,51.46,0
1414,2026-07-01,2,97.83,0
1415,2025-04-01,2,70.36,0
1415,2025-06-01,1,21.67,0
1415,2025-07-01,2,75.64,0
1415,2025-08-01,1,11.32,0
1415,2025-09-01,3,156.51999999999998,0
1415,2025-12-01,1,10.07,0
1415,2026-02-01,1,37.13,0
1415,2026-07-01,1,7.85,0
1416,2025-03-01,1,33.88,0
1416,2025-05-01,1,21.84,0
1416,2025-10-01,1,50.18,0
1416,2026-01-01,3,121.01,0
1416,2026-03-01,2,167.91,0
1416,2026-05-01,1,359.2,0
1416,2026-06-01,1,10.83,0
1416,2026-07-01,1,4.12,0
1417,2026-03-01,2,71.16,0
1417,2026-04-01,1,23.61,0
1417,2026-05-01,1,44.14,0
1417,2026-07-01,1,24.42,0
1418,2025-09-01,1,26.0,0
1418,2025-10-01,1,8.07,0
1418,2026-01-01,3,114.13,0
1418,2026-02-01,3,100.92,0
1418,2026-03-01,1,13.0,0
1418,2026-04-01,1,3.4,0
1418,2026-06-01,3,215.57999999999998,0
1418,2026-07-01,1,85.96,0
1419,2025-11-01,2,160.43,0
1419,2025-12-01,1,54.47,0
1419,2026-02-01,2,91.47999999999999,1
1419,2026-03-01,1,169.94,0
1419,2026-04-01,1,46.25,0
1419,2026-05-01,1,36.56,0
1419,2026-07-01,1,50.72,0
1420,2025-08-01,2,304.71999999999997,0
1420,2025-11-01,1,33.52,0
1420,2025-12-01,1,65.66,0
1420,2026-01-01,1,106.49,0
1420,2026-04-01,2,45.96,0
1420,2026-07-01,1,8.84,0
1421,2024-08-01,1,7.84,0
1421,2024-09-01,1,26.38,0
1421,2024-12-01,1,80.02,0
1421,2025-01-01,1,35.3,0
1421,2025-04-01,1,40.23,0
1421,2025-05-01,1,11.5,0
1421,2025-06-01,1,44.64,0
1421,2025-07-01,1,19.12,0
1421,2025-11-01,1,110.57,0
1421,2026-06-01,1,35.25,0
1422,2025-06-01,1,51.76,0
1422,2025-07-01,2,46.77,0
1422,2025-08-01,1,51.08,0
1422,2025-09-01,1,141.23,0
1422,2025-11-01,2,75.09,0
1422,2026-01-01,2,57.51,0
1422,2026-03-01,2,85.78999999999999,0
1422,2026-04-01,1,23.4,1
1423,2025-11-01,2,176.67000000000002,0
1423,2026-02-01,4,134.05,0
1423,2026-03-01,1,132.51,0
1423,2026-05-01,1,13.16,0
1424,2025-05-01,1,21.29,0
1424,2025-06-01,1,29.71,0
1424,2025-07-01,2,207.64,0
1424,2025-08-01,1,9.31,0
1424,2025-11-01,4,262.41999999999996,0
1424,2025-12-01,1,39.82,0
1424,2026-01-01,1,32.23,0
1424,2026-04-01,2,221.74,0
1424,2026-05-01,1,17.38,0
1424,2026-07-01,2,169.15,0
1425,2025-12-01,3,73.64,0
1425,2026-01-01,1,6.49,0
1425,2026-02-01,1,38.19,0
1425,2026-06-01,1,31.45,0
1425,2026-07-01,1,20.61,1
1426,2025-10-01,1,102.73,0
1426,2025-11-01,2,65.7,0
1426,2025-12-01,3,180.27,0
1426,2026-02-01,1,24.6,0
1426,2026-04-01,1,26.95,0
1426,2026-07-01,2,28.51,0
1427,2025-04-01,2,48.05,0
1427,2025-07-01,1,29.77,0
1427,2025-08-01,1,29.21,0
1427,2025-10-01,1,66.26,0
1427,2025-12-01,1,67.59,0
1427,2026-01-01,1,66.04,0
1427,2026-03-01,2,75.72,0
1427,2026-05-01,2,152.05,0
1427,2026-06-01,1,39.55,0
1428,2025-06-01,1,22.2,0
1428,2025-08-01,1,19.39,0
1428,2025-10-01,1,23.23,0
1428,2026-01-01,1,29.37,0
1428,2026-02-01,2,114.91,0
1428,2026-03-01,2,34.980000000000004,0
1428,2026-05-01,1,44.23,1
1428,2026-07-01,1,13.26,0
1429,2025-11-01,1,65.24,0
1429,2026-02-01,2,71.65,0
1429,2026-03-01,2,79.2,0
1429,2026-05-01,1,279.21,0
1429,2026-06-01,1,40.65,0
1430,2025-11-01,1,23.9,0
1430,2026-02-01,2,158.64999999999998,0
1430,2026-03-01,1,58.36,0
1430,2026-06-01,1,108.72,0
1431,2026-01-01,1,56.58,0
1431,2026-03-01,3,216.6,1
1431,2026-04-01,1,23.12,0
1431,2026-06-01,2,50.31,0
1431,2026-07-01,1,20.82,0
1432,2026-05-01,1,18.28,0
1432,2026-07-01,2,78.31,1
1434,2025-06-01,1,52.68,0
1434,2025-07-01,1,48.63,0
1434,2025-08-01,1,84.72,0
1434,2025-10-01,3,102.31,0
1434,2025-11-01,1,59.6,0
1434,2025-12-01,3,134.5,0
1434,2026-02-01,1,18.59,0
1434,2026-04-01,1,11.67,1
1434,2026-06-01,2,8.17,0
1434,2026-07-01,1,51.81,0
1435,2026-05-01,1,106.5,1
1435,2026-06-01,3,81.32000000000001,0
1436,2026-04-01,1,70.64,0
1436,2026-06-01,1,6.12,0
1436,2026-07-01,2,50.87,0
1437,2025-07-01,2,184.13,0
1437,2025-08-01,2,87.32000000000001,0
1437,2025-09-01,2,83.88,0
1437,2026-01-01,4,185.87,0
1437,2026-05-01,1,44.46,0
1437,2026-07-01,1,44.07,0
1438,2025-07-01,1,13.31,0
1438,2025-08-01,3,88.60999999999999,1
1438,2025-10-01,3,77.53,0
1438,2025-11-01,1,25.46,0
1438,2025-12-01,1,25.88,0
1438,2026-01-01,2,73.03,0
1438,2026-02-01,2,152.15,0
1438,2026-04-01,1,22.55,0
1438,2026-06-01,1,15.06,0
1439,2026-02-01,1,17.55,0
1439,2026-03-01,1,19.63,0
1439,2026-04-01,1,115.92,0
1439,2026-06-01,2,22.270000000000003,0
1440,2024-08-01,1,15.82,0
1440,2024-09-01,2,16.29,0
1440,2024-12-01,2,85.85,1
1440,2025-02-01,1,44.81,0
1440,2025-03-01,1,122.56,0
1440,2025-05-01,4,143.84,0
1440,2025-08-01,1,33.99,0
1440,2025-09-01,1,13.61,0
1440,2025-10-01,2,75.96000000000001,1
1440,2025-11-01,1,45.04,0
1440,2025-12-01,1,16.76,0
1440,2026-04-01,1,85.18,0
1440,2026-07-01,1,52.93,0
1441,2025-11-01,1,38.45,0
1441,2025-12-01,2,86.74,0
1441,2026-01-01,2,62.63,0
1441,2026-03-01,1,42.24,0
1441,2026-04-01,2,81.04,0
1441,2026-06-01,1,22.13,0
1441,2026-07-01,1,14.52,0
1442,2025-07-01,2,217.56,0
1442,2025-08-01,1,14.16,0
1442,2025-12-01,1,28.55,0
1442,2026-02-01,1,24.94,0
1442,2026-04-01,1,44.16,0
1442,2026-05-01,1,23.82,0
1443,2025-02-01,3,364.56,1
1443,2025-04-01,1,33.67,0
1443,2025-12-01,1,46.57,0
1443,2026-02-01,1,57.25,0
1443,2026-03-01,1,39.99,0
1443,2026-05-01,1,14.33,0
1443,2026-06-01,3,613.78,0
1444,2026-01-01,1,18.48,0
1444,2026-03-01,3,109.91,1
1444,2026-04-01,1,27.21,0
1445,2026-06-01,1,104.5,1
1447,2025-05-01,1,28.54,0
1447,2025-06-01,1,104.26,0
1447,2025-07-01,1,73.1,0
1447,2025-09-01,1,24.97,0
1447,2025-10-01,1,39.78,0
1447,2025-12-01,2,82.14,0
1447,2026-01-01,2,72.73,0
1447,2026-02-01,1,52.81,0
1447,2026-04-01,1,71.54,0
1447,2026-06-01,3,134.09,0
1448,2026-01-01,2,34.99,0
1448,2026-02-01,3,129.17,0
1448,2026-03-01,1,155.77,0
1448,2026-04-01,4,360.30999999999995,0
1448,2026-05-01,1,16.89,0
1448,2026-06-01,1,27.7,0
1448,2026-07-01,1,70.71,0
1449,2025-07-01,1,37.81,0
1449,2025-09-01,1,28.19,0
1449,2025-11-01,1,17.6,0
1449,2025-12-01,2,38.42,0
1449,2026-02-01,1,80.09,0
1449,2026-04-01,1,112.71,0
1449,2026-05-01,1,32.69,0
1449,2026-07-01,1,82.02,0
1450,2026-05-01,1,29.9,0
1451,2026-05-01,1,72.51,0
1454,2026-03-01,1,131.2,0
1454,2026-04-01,1,70.02,0
1454,2026-05-01,1,26.08,0
1454,2026-06-01,2,230.56,0
1455,2025-10-01,1,109.35,0
1455,2025-11-01,1,149.84,0
1455,2025-12-01,1,21.09,0
1455,2026-03-01,1,7.26,0
1455,2026-04-01,3,111.74000000000001,1
1455,2026-05-01,3,108.14000000000001,1
1455,2026-06-01,2,113.74,0
1455,2026-07-01,1,23.77,0
1456,2026-06-01,1,196.21,0
1456,2026-07-01,2,53.57,0
1457,2025-02-01,1,37.7,0
1457,2025-03-01,1,101.87,0
1457,2025-05-01,3,120.34,0
1457,2025-06-01,1,71.2,0
1457,2025-09-01,1,60.6,0
1457,2025-11-01,1,12.4,0
1457,2026-03-01,2,97.21000000000001,0
1457,2026-04-01,1,26.66,0
1457,2026-05-01,1,8.1,0
1457,2026-06-01,1,203.1,0
1458,2025-12-01,2,79.97,0
1458,2026-01-01,1,7.62,1
1458,2026-02-01,2,58.620000000000005,0
1458,2026-04-01,4,88.03,0
1458,2026-05-01,2,24.93,1
1459,2026-06-01,1,37.9,0
1460,2025-08-01,2,107.65,0
1460,2025-09-01,1,45.37,0
1460,2026-05-01,2,58.010000000000005,0
1460,2026-06-01,1,105.68,0
1460,2026-07-01,1,16.2,0
1461,2025-02-01,1,12.2,0
1461,2025-05-01,1,6.51,0
1461,2025-06-01,1,84.1,0
1461,2025-08-01,1,91.44,0
1461,2025-10-01,1,31.3,0
1461,2025-12-01,1,32.93,0
1461,2026-02-01,1,20.03,0
1461,2026-03-01,2,66.92,0
1461,2026-04-01,1,24.08,0
1461,2026-07-01,2,127.46000000000001,0
1462,2025-11-01,2,348.32,0
1462,2026-03-01,1,21.96,0
1462,2026-06-01,2,228.2,0
1463,2026-07-01,1,42.4,0
1464,2026-06-01,2,89.85,0
1465,2024-10-01,1,9.53,0
1465,2025-03-01,4,97.74,1
1465,2025-08-01,1,9.11,0
1465,2025-09-01,1,190.06,0
1465,2025-12-01,1,30.01,0
1466,2026-04-01,1,22.53,0
1466,2026-05-01,1,22.02,0
1466,2026-06-01,3,103.98,0
1466,2026-07-01,1,34.96,0
1467,2025-06-01,2,1753.23,1
1467,2025-12-01,1,19.61,0
1467,2026-01-01,1,57.63,0
1467,2026-03-01,1,36.04,0
1467,2026-05-01,1,6.04,0
1467,2026-07-01,1,11.31,0
1468,2026-04-01,1,82.77,0
1468,2026-05-01,2,148.98,0
1468,2026-06-01,2,85.28,0
1469,2025-04-01,1,83.99,0
1469,2025-05-01,1,16.52,1
1469,2025-06-01,1,3.0,0
1469,2025-07-01,1,110.86,0
1469,2025-09-01,1,11.62,0
1469,2025-10-01,2,53.03,0
1469,2025-11-01,1,126.92,0
1469,2025-12-01,1,26.9,0
1469,2026-02-01,3,125.35,0
1469,2026-03-01,1,25.59,0
1469,2026-04-01,2,64.67,0
1470,2026-06-01,1,41.2,0
1470,2026-07-01,1,35.67,0
1471,2026-06-01,6,195.99,0
1471,2026-07-01,5,328.72999999999996,0
1472,2025-05-01,3,120.14,0
1472,2025-06-01,1,49.9,0
1472,2025-07-01,1,39.51,0
1472,2025-09-01,1,24.27,0
1472,2025-12-01,1,54.17,0
1472,2026-02-01,1,54.21,0
1472,2026-03-01,1,11.19,0
1472,2026-04-01,1,15.62,0
1472,2026-05-01,1,39.21,1
1473,2026-01-01,1,46.53,0
1473,2026-02-01,1,34.37,0
1473,2026-03-01,1,36.7,0
1473,2026-06-01,1,94.88,0
1473,2026-07-01,3,288.5,0
1474,2026-07-01,1,22.61,0
1475,2025-06-01,1,127.1,0
1475,2025-07-01,2,125.2,0
1475,2025-08-01,3,245.39999999999998,0
1475,2026-01-01,1,77.23,0
1475,2026-02-01,1,28.01,0
1475,2026-03-01,1,31.38,0
1475,2026-04-01,3,86.65,0
1475,2026-06-01,2,32.04,1
1475,2026-07-01,2,79.36,0
1476,2026-05-01,2,45.56,1
1476,2026-06-01,2,165.52,0
1476,2026-07-01,1,43.32,0
1477,2025-07-01,1,280.31,0
1477,2025-09-01,1,26.09,0
1477,2025-11-01,2,53.78,0
1477,2026-01-01,2,124.84,0
1477,2026-02-01,1,19.13,0
1477,2026-03-01,2,49.15,0
1477,2026-05-01,1,22.15,0
1477,2026-06-01,1,10.08,0
1478,2025-09-01,1,9.83,0
1478,2025-11-01,2,143.92,0
1478,2025-12-01,2,67.44,0
1478,2026-02-01,3,103.35,1
1478,2026-03-01,3,49.32,0
1478,2026-05-01,1,35.6,0
1479,2026-06-01,3,175.13,1
1479,2026-07-01,1,27.48,0
1480,2026-01-01,1,37.88,0
1480,2026-03-01,1,13.25,0
1480,2026-05-01,1,205.88,0
1480,2026-06-01,1,64.22,0
1480,2026-07-01,1,55.42,0
1481,2026-04-01,1,23.69,0
1481,2026-05-01,3,89.65,0
1481,2026-06-01,1,20.03,0
1481,2026-07-01,1,8.81,0
1483,2026-04-01,2,201.16,0
1483,2026-05-01,3,22.52,0
1483,2026-06-01,2,60.050000000000004,0
1483,2026-07-01,1,50.79,0
1485,2026-05-01,4,150.42000000000002,0
1486,2025-04-01,2,85.13,0
1486,2025-06-01,1,18.55,0
1486,2025-07-01,1,9.79,0
1486,2025-08-01,1,77.75,0
1486,2025-10-01,1,13.76,0
1486,2025-12-01,2,109.5,0
1486,2026-01-01,2,57.839999999999996,0
1486,2026-02-01,1,16.81,0
1486,2026-03-01,1,121.42,0
1486,2026-05-01,2,44.86,1
1486,2026-06-01,1,28.31,0
1486,2026-07-01,1,19.35,0
1487,2026-03-01,1,48.07,0
1488,2026-07-01,1,32.02,0
1490,2025-12-01,1,46.77,0
1490,2026-01-01,1,71.74,0
1490,2026-02-01,1,37.9,0
1490,2026-03-01,1,23.95,0
1490,2026-04-01,1,18.82,0
1490,2026-05-01,1,24.56,0
1490,2026-06-01,3,153.09,0
1491,2026-02-01,1,20.53,0
1491,2026-04-01,1,52.16,0
1491,2026-05-01,2,30.86,1
1491,2026-06-01,1,94.56,0
1492,2025-06-01,1,40.61,0
1492,2025-07-01,1,86.24,0
1492,2025-08-01,1,43.81,0
1492,2025-09-01,2,89.91,0
1492,2025-11-01,2,119.61,1
1492,2025-12-01,3,145.76,0
1492,2026-01-01,1,199.96,0
1492,2026-02-01,1,106.26,0
1492,2026-03-01,1,17.2,0
1492,2026-05-01,1,34.36,0
1492,2026-06-01,1,17.3,0
1494,2026-01-01,3,116.25,0
1494,2026-03-01,1,9.63,0
1494,2026-04-01,1,94.58,0
1494,2026-06-01,1,29.27,0
1495,2026-05-01,1,7.94,0
1495,2026-07-01,1,72.7,0
1496,2026-02-01,2,92.7,0
1496,2026-04-01,2,149.98000000000002,0
1496,2026-05-01,2,216.91,0
1496,2026-06-01,3,210.77,0
1496,2026-07-01,1,14.04,0
1497,2026-04-01,2,70.69,1
1497,2026-05-01,2,40.9,1
1497,2026-06-01,2,64.52,0
1497,2026-07-01,1,42.79,0
1498,2025-09-01,3,161.35,0
1498,2025-11-01,1,21.07,0
1498,2026-01-01,1,16.12,1
1498,2026-03-01,1,128.33,0
1498,2026-05-01,2,33.13,0
1498,2026-07-01,4,194.65,0
1499,2025-06-01,1,36.99,0
1499,2025-07-01,1,27.46,0
1499,2026-03-01,1,13.6,0
1499,2026-05-01,2,127.41999999999999,0
1499,2026-06-01,1,25.52,0
1499,2026-07-01,1,6.89,0
1500,2025-04-01,1,17.06,0
1500,2025-05-01,1,111.88,0
1500,2025-10-01,1,38.89,0
1500,2025-11-01,3,123.57,1
1500,2026-02-01,2,93.28999999999999,0
1500,2026-03-01,1,17.81,0
