customer_id,txn_timestamp,category,channel,amount,is_returned
2,2024-09-04 21:56:57.516326572,sports,web,80.12,0
2,2024-10-04 13:33:51.471903148,beauty,mobile_app,54.59,0
2,2024-10-07 01:05:16.340318820,electronics,web,185.28,0
2,2024-10-11 15:52:48.428152361,grocery,web,33.9,0
2,2024-10-13 05:38:27.171925855,apparel,mobile_app,24.44,0
2,2024-11-17 17:40:02.087558412,electronics,web,11.15,0
2,2024-12-25 03:20:34.834186081,apparel,web,50.61,0
2,2025-02-23 07:56:27.059935486,apparel,mobile_app,58.94,0
2,2025-06-13 19:37:57.846137299,electronics,mobile_app,30.55,0
2,2025-07-24 06:00:48.247777605,sports,mobile_app,40.84,0
2,2025-08-27 19:51:48.291018797,electronics,web,12.09,0
2,2025-09-20 19:53:58.843060648,apparel,mobile_app,72.36,0
2,2025-10-11 01:14:16.479917667,beauty,web,83.55,0
2,2025-10-12 11:02:06.079940376,home,store,65.61,0
2,2025-12-28 19:34:42.534141822,home,mobile_app,24.51,0
2,2026-01-18 21:57:46.189816391,beauty,web,40.11,0
2,2026-01-18 23:36:47.908056577,apparel,store,33.91,0
2,2026-01-29 07:44:08.029496061,grocery,mobile_app,29.14,0
2,2026-07-08 11:32:26.361386561,apparel,web,3.0,0
2,2026-07-29 03:49:50.826917148,sports,web,133.62,0
3,2025-07-19 00:03:14.072361282,apparel,mobile_app,11.16,0
3,2025-08-01 15:58:04.395869432,sports,store,74.87,0
3,2025-08-17 07:07:41.048649912,grocery,web,17.91,0
3,2025-10-04 03:48:32.641058711,electronics,store,36.34,0
3,2025-10-06 07:02:48.303936874,electronics,mobile_app,55.23,1
3,2025-10-08 15:28:51.044896186,home,store,34.23,0
3,2025-11-04 23:15:24.212749850,beauty,store,73.77,0
3,2025-11-20 03:50:11.532284598,apparel,store,10.25,0
3,2025-12-03 08:15:14.469486555,beauty,mobile_app,10.98,0
3,2025-12-17 11:44:37.658297159,grocery,store,19.29,0
3,2026-02-02 02:14:27.402537267,home,store,155.92,0
3,2026-02-02 07:50:56.188503577,sports,store,10.67,0
3,2026-02-11 08:53:18.660594155,beauty,web,69.93,0
4,2025-12-06 06:06:28.322824637,apparel,web,30.94,0
4,2025-12-09 00:04:44.260608049,home,web,43.05,0
4,2026-01-12 08:18:28.801127541,electronics,store,11.18,0
4,2026-03-28 05:34:53.345263052,sports,mobile_app,133.76,0
4,2026-04-03 10:23:15.072077948,sports,store,60.93,0
5,2026-03-05 11:54:56.550322132,beauty,web,21.84,0
5,2026-03-29 04:45:47.855735586,sports,web,39.33,0
5,2026-04-11 10:47:38.533211132,beauty,store,12.25,0
5,2026-07-30 09:22:47.780987921,electronics,web,34.26,0
6,2025-02-06 23:11:51.223189293,sports,web,12.43,0
6,2025-04-14 17:55:24.446913094,electronics,mobile_app,12.41,0
6,2025-05-06 01:08:50.534072319,home,web,37.59,0
6,2025-07-19 07:15:36.264880299,grocery,web,53.96,0
6,2025-10-07 23:42:51.013308220,home,mobile_app,176.98,0
6,2025-11-03 17:39:32.848305074,grocery,store,66.45,0
6,2026-01-26 12:28:59.063866171,beauty,web,35.33,0
6,2026-07-05 05:46:12.903094517,apparel,web,104.23,0
7,2026-07-05 01:50:32.139009871,apparel,web,52.4,0
8,2025-06-29 10:52:12.215000174,home,web,57.83,0
8,2025-07-02 16:23:06.406808229,beauty,store,131.83,0
8,2025-08-24 00:28:55.882479049,beauty,mobile_app,11.91,0
8,2025-09-20 18:55:30.043949644,electronics,web,16.56,0
8,2025-12-26 02:58:58.576970439,grocery,web,9.21,0
8,2026-02-02 03:04:05.005291867,apparel,mobile_app,46.36,0
8,2026-03-01 20:46:25.901807679,grocery,mobile_app,60.63,0
8,2026-03-09 07:14:41.795357436,electronics,web,20.41,0
8,2026-04-14 05:50:26.893505524,sports,store,18.76,0
8,2026-05-12 16:02:54.406113009,grocery,mobile_app,34.06,0
8,2026-07-06 07:42:16.135991655,grocery,web,50.96,0
8,2026-07-12 22:39:40.524325117,home,mobile_app,45.74,0
8,2026-07-15 14:10:15.655109616,grocery,web,54.94,1
9,2026-03-06 13:40:11.298901210,apparel,mobile_app,22.29,0
9,2026-03-20 12:49:41.571328959,apparel,web,65.51,0
9,2026-04-14 11:19:35.031164302,beauty,store,60.37,0
9,2026-06-02 07:57:24.855804893,apparel,store,15.51,0
10,2026-06-09 06:02:30.244143659,grocery,web,15.82,1
10,2026-06-13 13:51:36.248473726,apparel,web,19.21,0
10,2026-07-30 20:56:57.095135495,sports,web,73.75,0
11,2025-05-15 10:43:06.945990454,grocery,web,24.31,0
11,2025-06-17 15:21:30.158701278,grocery,web,133.0,0
11,2025-06-20 11:52:59.508961378,home,store,32.55,1
11,2025-06-30 17:35:00.608219774,apparel,web,32.08,0
11,2025-07-06 04:11:06.299269633,electronics,mobile_app,30.29,0
11,2025-07-15 12:06:15.551038700,electronics,mobile_app,17.73,0
11,2025-07-22 04:37:09.133100179,grocery,web,30.21,0
11,2026-01-27 16:00:17.797040430,home,mobile_app,17.8,0
11,2026-03-16 03:00:51.430601256,grocery,web,12.46,1
11,2026-03-26 15:39:08.247318780,apparel,web,42.16,0
11,2026-04-03 22:46:27.403038020,beauty,mobile_app,23.02,0
11,2026-05-04 02:15:47.335694544,beauty,mobile_app,9.77,0
11,2026-07-22 09:22:12.216859606,grocery,web,21.64,0
12,2025-03-25 11:05:14.791912973,electronics,web,83.55,0
12,2025-04-18 09:59:00.920439848,home,mobile_app,28.95,0
12,2025-06-22 21:47:54.246492255,home,web,12.45,0
12,2025-06-24 21:35:33.416443119,apparel,web,17.33,0
12,2025-07-13 02:11:49.701516260,grocery,web,43.08,0
12,2025-07-28 08:28:28.433877347,grocery,mobile_app,17.88,1
12,2025-08-18 05:33:50.804798746,grocery,web,50.2,0
12,2025-08-30 11:17:09.342643172,grocery,mobile_app,106.58,0
12,2025-09-09 16:47:42.436744201,beauty,mobile_app,14.24,0
12,2025-12-05 00:16:49.519454129,electronics,mobile_app,18.97,0
12,2026-01-11 01:57:22.798749456,beauty,mobile_app,70.92,0
12,2026-02-04 06:43:29.621253839,sports,web,39.0,0
12,2026-03-24 22:10:11.989523534,beauty,mobile_app,50.58,0
12,2026-05-27 06:35:52.764418816,sports,web,42.97,1
12,2026-06-27 22:41:30.694007438,sports,web,39.43,0
12,2026-07-27 07:30:25.787662857,beauty,web,25.33,0
13,2025-05-20 13:36:29.001416925,electronics,web,20.35,0
13,2025-07-20 06:53:08.274106053,sports,web,82.1,0
13,2025-09-24 03:19:42.222297571,apparel,store,31.88,0
13,2025-11-29 10:43:24.365753651,apparel,mobile_app,39.55,0
13,2026-01-01 06:50:38.376333091,apparel,web,24.17,0
13,2026-04-21 10:00:13.018263973,beauty,mobile_app,50.44,0
14,2025-02-12 05:27:20.313637097,home,web,26.78,0
14,2025-02-12 12:34:01.759955618,apparel,web,11.92,0
14,2025-03-01 22:56:34.337116007,grocery,web,32.86,0
14,2025-03-19 07:46:57.372622168,grocery,web,84.1,0
14,2025-04-14 10:23:51.967632466,home,web,25.32,0
14,2025-04-30 09:06:50.106158301,sports,mobile_app,45.96,0
14,2025-05-12 09:28:15.515084828,beauty,mobile_app,61.94,0
14,2025-06-15 16:03:43.348518049,apparel,web,24.16,0
14,2025-07-31 04:47:52.411266177,beauty,mobile_app,25.53,1
14,2026-01-27 13:30:30.041817486,home,mobile_app,58.36,0
14,2026-02-23 11:58:07.065280218,home,mobile_app,215.87,0
14,2026-03-16 01:21:50.269786221,apparel,store,50.05,0
14,2026-05-28 14:57:07.189014655,beauty,store,36.97,0
14,2026-06-11 05:50:05.461716596,apparel,mobile_app,25.62,0
15,2025-08-23 19:15:45.747536527,sports,store,271.91,0
15,2025-09-04 04:07:09.883699603,electronics,web,53.54,0
15,2025-09-20 00:33:17.052519344,sports,web,35.53,0
15,2025-09-27 07:29:06.948228328,electronics,web,9.29,0
15,2025-10-25 14:02:43.063242070,electronics,web,180.22,0
15,2025-12-18 20:13:47.689888026,beauty,mobile_app,153.03,0
15,2026-02-23 12:33:20.624211450,electronics,web,36.35,0
15,2026-05-17 18:20:25.585940657,electronics,mobile_app,127.57,0
16,2025-03-09 18:10:15.868500399,sports,web,11.07,0
16,2025-03-22 01:18:11.717111898,electronics,mobile_app,44.72,0
16,2025-07-14 13:26:50.158241106,home,web,7.6,0
16,2025-10-11 00:04:41.074866671,electronics,web,18.23,0
16,2025-12-28 16:36:41.949123717,sports,web,73.41,0
16,2026-01-05 08:26:09.706293307,home,mobile_app,21.74,0
16,2026-01-20 12:09:01.823215470,grocery,store,6.03,0
16,2026-03-31 22:14:24.898348971,sports,mobile_app,19.13,0
16,2026-04-29 20:18:43.642148144,sports,mobile_app,146.02,0
17,2025-04-26 19:14:53.448901308,electronics,mobile_app,8.56,0
17,2025-04-28 11:01:02.884054622,sports,mobile_app,31.39,0
17,2025-05-13 17:59:05.836851071,apparel,web,19.79,0
17,2025-06-29 23:50:31.952489286,beauty,web,53.66,0
17,2025-07-17 02:25:10.724546332,grocery,web,25.65,0
17,2025-07-27 11:09:26.681406486,sports,web,11.37,0
17,2025-09-07 04:45:25.803494597,home,store,8.77,0
17,2026-02-06 05:43:01.609580736,grocery,web,242.2,0
17,2026-07-05 10:05:49.852491165,home,mobile_app,40.51,0
18,2026-05-03 04:20:01.329979362,electronics,mobile_app,9.86,0
18,2026-05-28 20:45:17.625112382,electronics,web,562.86,0
19,2025-02-11 13:49:08.871280994,home,store,122.95,0
19,2025-03-11 08:32:44.718920592,beauty,store,27.34,0
19,2025-04-19 14:38:47.494128892,home,mobile_app,70.59,0
19,2025-05-03 22:21:05.004750413,sports,web,15.43,0
19,2025-07-10 17:10:40.846540708,beauty,store,24.0,1
19,2025-07-24 09:19:45.833951733,apparel,mobile_app,11.72,0
19,2025-10-04 07:09:15.054163411,sports,web,17.17,0
19,2025-11-12 16:40:55.642784610,grocery,store,46.9,0
19,2026-01-27 23:59:21.580261052,beauty,mobile_app,16.26,0
19,2026-02-08 19:26:58.149679653,apparel,web,12.33,0
19,2026-02-22 12:35:34.648495394,electronics,store,28.29,0
19,2026-04-03 12:27:18.268294289,electronics,mobile_app,39.28,0
19,2026-05-26 12:05:17.344527450,sports,mobile_app,69.83,0
19,2026-06-20 06:37:35.693006060,home,mobile_app,32.5,0
19,2026-07-21 23:27:11.322575381,electronics,mobile_app,21.25,0
19,2026-07-22 12:44:43.256074157,home,web,11.89,0
20,2026-03-10 04:38:17.083482634,apparel,store,52.64,0
20,2026-03-11 12:14:38.710412091,grocery,web,19.57,0
20,2026-07-25 01:29:47.415444090,sports,store,29.13,0
21,2025-09-02 00:52:31.289413268,sports,store,4.28,0
21,2025-10-18 05:35:25.116123325,sports,mobile_app,63.66,0
21,2025-11-25 04:04:12.919474604,sports,mobile_app,27.99,0
21,2025-12-28 00:37:06.163187751,sports,web,8.04,0
21,2026-01-01 10:43:07.610353974,sports,mobile_app,54.49,1
21,2026-05-31 00:08:16.488823765,grocery,web,9.64,1
21,2026-06-09 11:35:16.295481929,beauty,mobile_app,175.38,0
22,2025-10-17 16:09:50.838379068,grocery,mobile_app,73.61,1
22,2025-11-20 21:40:31.886553807,home,mobile_app,63.7,0
22,2025-11-28 07:07:41.157463965,electronics,mobile_app,259.02,0
22,2025-12-22 09:28:48.896226699,home,mobile_app,25.45,0
22,2026-02-06 14:02:49.577626090,apparel,store,35.19,0
22,2026-07-15 00:54:34.123261902,beauty,web,9.2,0
23,2026-04-03 00:33:48.660280946,home,web,23.11,0
23,2026-04-09 03:29:50.037703501,electronics,web,17.11,0
24,2025-03-09 08:58:20.836081889,apparel,store,71.13,0
24,2025-03-12 13:42:28.708872118,home,web,49.38,0
24,2025-03-19 05:21:35.826221474,home,mobile_app,30.18,0
24,2025-04-20 22:07:26.600380355,electronics,mobile_app,17.13,0
24,2025-05-20 13:10:58.961159064,apparel,mobile_app,5.39,0
24,2025-06-22 12:14:22.019558960,sports,store,100.03,0
24,2025-06-26 13:19:13.764043644,sports,web,28.29,0
24,2025-06-28 17:30:23.238969374,electronics,web,24.7,0
24,2025-08-11 21:36:50.362774272,grocery,web,30.13,0
24,2025-11-06 22:11:45.117435668,beauty,mobile_app,99.59,1
24,2025-11-07 08:13:48.359667962,home,store,12.79,0
24,2025-11-25 03:26:18.235612387,apparel,mobile_app,26.2,0
24,2025-12-19 12:07:03.229325072,home,store,30.9,0
24,2026-01-23 11:17:57.544314936,home,mobile_app,28.27,0
24,2026-03-06 17:47:28.081693724,beauty,web,9.36,0
24,2026-04-23 02:17:07.428184265,home,web,67.2,0
24,2026-05-31 09:40:00.877782997,sports,web,11.88,0
25,2025-01-09 16:13:45.670749805,home,web,41.92,0
25,2025-01-10 23:46:03.047457386,home,store,43.55,0
25,2025-04-02 01:18:03.532983103,electronics,web,11.35,0
25,2025-06-18 22:25:55.732595636,apparel,mobile_app,9.97,0
25,2025-07-18 06:07:44.224191699,apparel,mobile_app,76.75,0
25,2025-08-27 13:42:27.830833872,grocery,mobile_app,39.13,0
25,2025-09-09 04:56:20.977947289,electronics,mobile_app,22.02,0
25,2025-11-02 07:29:34.878218704,beauty,mobile_app,77.68,0
25,2026-02-14 01:24:26.977089249,apparel,mobile_app,98.98,1
25,2026-04-05 12:02:59.636666363,beauty,store,24.98,0
25,2026-06-14 14:32:39.096272976,beauty,mobile_app,48.26,0
26,2025-12-26 21:07:44.679726135,home,mobile_app,7.06,0
26,2026-01-30 01:55:33.735719903,grocery,mobile_app,10.9,1
26,2026-04-18 18:20:57.845618564,apparel,mobile_app,151.1,0
26,2026-05-08 18:20:04.110574272,home,web,9.96,0
26,2026-06-12 09:03:28.311522622,apparel,web,140.64,0
26,2026-07-17 17:01:36.869024511,beauty,web,25.43,0
27,2026-05-30 23:33:07.015853423,home,mobile_app,45.38,0
27,2026-06-03 02:22:20.226218209,electronics,web,20.54,0
28,2026-01-14 07:03:14.384083750,home,web,23.14,0
28,2026-02-17 15:20:18.076895912,sports,web,26.64,0
28,2026-02-20 04:59:39.945317393,beauty,store,53.57,0
28,2026-03-14 11:00:57.334791079,home,web,57.99,0
28,2026-04-06 11:40:16.453504140,home,web,120.56,0
28,2026-06-05 07:31:58.804671597,home,web,37.53,0
28,2026-06-30 21:15:57.412345358,electronics,mobile_app,130.72,0
28,2026-07-10 08:49:32.154658335,beauty,mobile_app,41.29,0
28,2026-07-14 08:32:42.214364486,home,mobile_app,50.46,0
29,2025-12-16 20:55:33.402104424,electronics,web,102.37,0
29,2025-12-31 16:24:52.360734405,beauty,web,62.03,0
29,2026-01-08 23:32:38.947775672,apparel,mobile_app,13.34,0
29,2026-01-10 13:26:03.185134936,electronics,mobile_app,52.83,0
29,2026-04-05 01:12:35.113507664,grocery,web,82.18,0
29,2026-06-11 21:05:04.969007388,home,web,9.24,0
29,2026-06-16 21:15:28.416319339,apparel,web,39.01,0
29,2026-07-16 15:51:51.712158883,home,store,26.11,0
30,2026-01-23 23:25:34.155318856,grocery,web,87.93,0
30,2026-02-02 15:17:18.391643607,home,mobile_app,91.24,0
30,2026-03-12 18:11:02.082574680,sports,mobile_app,15.13,0
30,2026-03-18 21:03:54.671307244,beauty,web,18.32,0
30,2026-06-22 16:08:51.206565423,apparel,mobile_app,60.0,0
31,2026-02-11 08:07:11.321598032,sports,web,54.62,1
31,2026-04-07 20:49:20.137415849,home,web,37.97,0
31,2026-04-29 08:08:31.774191703,home,store,33.84,0
31,2026-06-06 04:23:28.863859768,apparel,store,6.61,0
31,2026-06-11 02:32:31.421389713,grocery,web,87.29,0
31,2026-07-27 15:14:37.894462354,beauty,store,9.73,0
32,2026-02-10 07:00:40.679187668,home,mobile_app,56.9,0
32,2026-02-28 08:44:45.396311900,grocery,web,14.08,0
32,2026-03-26 10:24:06.312136021,beauty,web,68.54,0
32,2026-06-30 15:16:18.248697662,beauty,web,38.86,0
33,2026-05-25 14:32:40.152690710,beauty,mobile_app,43.06,0
33,2026-06-07 19:01:33.950429043,apparel,web,29.57,0
33,2026-07-16 08:04:24.215493697,apparel,web,5.46,0
34,2025-08-27 19:17:04.617665685,grocery,web,15.75,0
34,2025-10-15 09:12:05.236129127,grocery,store,13.27,0
34,2026-05-10 00:49:27.547226645,grocery,store,17.51,0
34,2026-05-17 10:39:42.705973993,electronics,web,104.75,0
34,2026-05-23 16:13:28.629088352,apparel,web,28.18,0
34,2026-06-03 06:00:28.721568454,beauty,mobile_app,6.44,0
34,2026-06-12 15:55:51.315881604,beauty,store,105.97,0
34,2026-06-15 08:23:15.929207466,beauty,mobile_app,13.09,0
34,2026-07-06 01:00:17.007093231,home,web,15.66,0
35,2025-02-02 08:54:17.613891493,beauty,web,56.41,0
35,2025-03-30 01:28:01.373352494,sports,mobile_app,35.49,0
35,2025-04-05 15:48:07.013071003,beauty,web,85.69,0
35,2025-04-09 06:28:27.076532374,electronics,web,16.53,0
35,2025-04-17 14:01:57.227799467,home,web,29.17,0
35,2025-06-28 06:37:44.318802168,grocery,web,42.54,0
35,2025-07-13 09:47:50.568795955,home,store,40.09,0
35,2025-07-20 23:01:29.510886015,grocery,mobile_app,17.62,0
35,2026-01-06 02:41:40.563894584,beauty,mobile_app,27.92,0
35,2026-02-21 23:53:50.631037513,home,mobile_app,41.63,0
35,2026-03-27 00:07:05.731216153,home,web,106.67,0
35,2026-03-28 00:24:40.398511617,electronics,mobile_app,37.71,1
35,2026-04-10 10:58:04.222153586,electronics,mobile_app,23.09,0
35,2026-04-26 14:09:02.264932201,home,web,133.69,0
35,2026-06-23 00:17:24.971755788,beauty,store,14.68,0
36,2026-07-14 01:59:05.482064372,beauty,mobile_app,36.42,0
36,2026-07-19 05:14:54.416168932,apparel,mobile_app,52.77,0
37,2025-09-05 17:56:14.702527908,apparel,web,8.79,0
37,2025-10-15 16:34:21.676434082,electronics,store,26.88,0
37,2025-11-16 13:43:18.884430213,beauty,web,13.74,0
37,2025-11-23 23:55:09.382471102,electronics,web,41.66,0
37,2026-01-17 07:43:14.516938068,electronics,mobile_app,33.62,0
37,2026-03-08 22:11:17.976892641,electronics,mobile_app,5.35,0
37,2026-03-27 07:45:18.462717672,apparel,web,78.75,0
37,2026-03-29 15:16:38.723464497,home,web,13.18,0
37,2026-04-04 18:25:12.466038870,electronics,store,31.88,0
37,2026-04-25 03:25:12.910728896,sports,mobile_app,75.34,0
38,2024-09-15 22:37:47.740585248,home,web,28.01,0
38,2025-03-28 10:38:59.111601237,grocery,mobile_app,20.91,0
38,2025-05-20 12:13:08.401740710,electronics,mobile_app,27.75,0
38,2025-06-13 21:45:14.258234045,apparel,store,10.12,0
38,2025-09-13 08:28:09.414125573,sports,web,39.56,0
38,2025-10-18 03:27:15.163374563,grocery,store,35.89,0
38,2025-10-30 09:03:19.226726462,home,mobile_app,27.33,0
38,2025-11-25 00:17:38.936123794,home,web,86.53,0
38,2026-01-03 00:57:31.319281824,sports,web,34.82,0
38,2026-04-01 22:47:06.136124972,sports,store,26.44,0
38,2026-04-11 05:45:05.306838040,apparel,store,3.13,0
38,2026-05-03 18:52:10.571182352,apparel,mobile_app,6.1,0
38,2026-07-17 01:36:21.369860393,home,mobile_app,20.5,0
38,2026-07-20 23:30:19.008212547,apparel,mobile_app,25.82,0
39,2026-04-08 07:40:48.283552221,beauty,store,9.37,0
39,2026-05-09 00:35:21.929431687,electronics,web,12.45,0
39,2026-05-28 04:04:16.754404345,sports,web,405.3,0
39,2026-06-05 22:23:10.575755584,apparel,store,33.14,0
39,2026-06-16 04:26:31.225617269,apparel,mobile_app,79.27,0
39,2026-06-19 01:05:12.301142355,sports,web,8.1,0
40,2025-03-14 06:04:01.610468328,sports,web,15.28,0
40,2025-03-16 11:12:45.659269939,beauty,store,48.31,0
40,2025-03-24 01:18:25.797593788,sports,mobile_app,32.86,0
40,2025-03-29 19:40:16.840932192,grocery,store,56.94,0
40,2025-03-30 04:16:16.092840225,electronics,mobile_app,52.83,0
40,2025-04-14 00:07:20.267728744,sports,mobile_app,11.92,0
40,2025-05-02 17:22:36.385553315,apparel,mobile_app,24.03,0
40,2025-06-19 09:37:28.752096032,apparel,mobile_app,6.64,0
40,2025-07-17 15:09:50.408741250,apparel,mobile_app,32.3,0
40,2025-08-10 12:51:41.643816253,home,web,51.94,0
40,2025-08-31 21:07:12.930832293,grocery,web,50.83,0
40,2025-09-08 03:18:49.642238042,sports,mobile_app,64.45,0
40,2025-10-17 00:21:30.376081985,grocery,web,17.55,0
40,2025-11-15 00:28:25.222519010,beauty,web,87.68,0
40,2025-11-15 17:41:25.137781302,grocery,web,17.12,0
40,2025-12-05 08:54:59.300549096,grocery,web,9.3,0
40,2025-12-14 23:28:08.608868052,apparel,store,64.38,0
40,2025-12-26 11:27:25.868576618,apparel,web,22.17,0
40,2026-05-07 04:12:59.686519922,grocery,mobile_app,18.68,0
40,2026-07-24 01:29:05.533388385,beauty,store,113.8,0
40,2026-07-28 17:30:21.435780508,sports,web,43.9,0
41,2026-04-23 17:09:39.902883480,grocery,mobile_app,17.32,0
41,2026-06-07 07:57:17.612677947,electronics,mobile_app,31.5,0
42,2025-02-05 07:13:18.209491378,home,store,106.04,0
42,2025-03-03 11:02:18.699304523,home,mobile_app,48.36,0
42,2025-03-18 14:15:12.877260864,grocery,web,7.41,0
42,2025-04-16 05:08:49.879873286,apparel,mobile_app,16.49,0
42,2025-05-05 04:03:31.246517440,sports,web,31.85,0
42,2025-06-15 10:38:31.547476810,sports,mobile_app,44.45,0
42,2025-07-25 22:23:33.880991439,home,store,30.59,1
42,2025-09-02 04:57:51.923200047,grocery,store,27.03,0
42,2026-01-14 02:29:29.585122844,apparel,web,77.88,0
42,2026-03-25 00:20:06.688863845,beauty,web,15.12,0
42,2026-03-27 17:15:42.431486472,beauty,mobile_app,50.84,0
42,2026-04-01 02:07:16.891205708,beauty,store,40.41,0
42,2026-04-17 07:15:49.888933834,electronics,store,7.69,0
42,2026-05-24 15:02:33.340340683,electronics,mobile_app,28.4,1
42,2026-07-05 03:03:13.195678064,sports,mobile_app,211.3,0
42,2026-07-15 05:46:10.198567451,apparel,store,88.88,0
43,2025-07-29 23:09:00.097458204,grocery,store,158.03,0
43,2025-08-04 01:32:28.030755345,electronics,mobile_app,52.88,0
43,2025-10-29 15:43:11.035888960,grocery,mobile_app,70.28,0
43,2026-01-01 08:51:00.616650832,home,mobile_app,26.66,1
43,2026-01-14 12:00:04.785834984,grocery,mobile_app,22.2,0
43,2026-02-15 03:16:49.283839298,apparel,mobile_app,13.76,0
43,2026-05-04 17:43:15.658707314,grocery,mobile_app,8.44,1
43,2026-06-05 02:27:08.721061946,home,mobile_app,61.0,0
43,2026-07-01 18:23:10.732514410,beauty,store,280.75,0
44,2025-10-25 13:58:46.872572941,grocery,mobile_app,80.25,0
44,2025-11-19 17:35:00.844534038,home,web,26.4,0
44,2025-11-29 20:13:32.010304731,electronics,mobile_app,39.55,0
44,2026-03-05 15:34:29.455138702,beauty,store,82.73,0
44,2026-04-23 22:35:56.733864219,apparel,store,32.69,0
44,2026-07-03 10:43:55.421609230,grocery,mobile_app,33.54,0
45,2026-07-04 15:10:17.207059743,electronics,mobile_app,9.61,0
46,2025-03-25 18:03:34.012168702,apparel,mobile_app,30.51,0
46,2025-06-09 07:13:03.980183708,sports,web,66.06,0
46,2025-06-18 05:28:57.701011533,grocery,web,220.89,0
46,2025-09-25 01:19:44.964472101,beauty,web,3.11,0
46,2025-10-26 15:33:33.041705288,sports,store,8.05,1
46,2026-01-07 17:13:04.223229174,beauty,store,20.1,0
46,2026-01-26 09:30:25.695497374,beauty,mobile_app,65.23,0
46,2026-01-31 10:54:12.164787407,sports,web,47.92,0
46,2026-02-14 09:06:41.315244008,beauty,store,59.85,0
46,2026-03-08 16:55:29.462405166,beauty,web,74.84,0
46,2026-03-13 05:34:44.841651526,beauty,web,105.6,0
46,2026-05-16 03:46:21.205924879,sports,mobile_app,10.74,0
47,2025-11-22 10:22:04.554455590,grocery,mobile_app,19.85,0
47,2026-04-14 17:44:28.607420006,apparel,mobile_app,3.74,0
47,2026-06-10 20:29:02.890835843,beauty,mobile_app,40.65,0
47,2026-06-16 02:18:59.968617613,apparel,web,180.63,0
48,2024-08-05 15:01:03.149845709,sports,mobile_app,18.01,0
48,2024-08-19 06:26:19.538892226,sports,mobile_app,40.57,0
48,2024-10-13 16:58:01.927851811,sports,mobile_app,15.77,0
48,2024-10-19 19:26:25.181521305,electronics,web,151.57,0
48,2024-10-29 23:41:14.973071465,home,mobile_app,23.43,0
48,2024-11-07 06:40:07.553984074,home,store,42.52,0
48,2024-11-29 03:26:35.818059207,beauty,store,103.21,0
48,2024-12-13 18:39:53.104804820,electronics,web,49.8,0
48,2025-07-29 10:08:55.313066737,apparel,mobile_app,13.65,0
48,2025-08-31 03:30:01.438824641,electronics,web,17.23,0
48,2025-09-27 15:44:20.212719096,apparel,web,52.52,0
48,2025-10-04 11:32:01.928223269,grocery,mobile_app,11.68,0
48,2025-10-16 05:17:46.132639225,sports,store,13.34,0
48,2025-11-28 15:54:57.530690424,sports,web,33.69,0
48,2025-12-07 18:27:06.339854371,electronics,web,52.77,0
48,2026-01-23 13:35:06.600330056,home,store,29.16,0
48,2026-01-26 02:28:57.390975596,beauty,store,46.97,1
48,2026-06-07 10:50:36.759607455,sports,web,58.23,0
49,2025-09-24 17:33:49.913228834,electronics,mobile_app,256.06,0
49,2025-10-05 12:58:43.325633992,sports,store,4.05,0
49,2025-10-26 10:43:45.306739388,beauty,web,62.11,0
49,2026-01-22 12:14:04.338937367,grocery,web,17.88,0
49,2026-01-24 22:49:51.541761461,electronics,mobile_app,191.06,0
49,2026-02-08 17:57:28.271298641,electronics,mobile_app,98.67,0
49,2026-02-14 08:45:31.445532778,electronics,mobile_app,118.76,0
49,2026-04-28 10:16:13.660181360,apparel,web,3.0,0
49,2026-05-08 12:00:25.734177818,beauty,mobile_app,53.09,0
49,2026-05-14 23:59:00.181265891,grocery,web,19.28,0
49,2026-05-19 08:03:16.200485891,grocery,mobile_app,36.26,0
49,2026-06-07 21:33:35.576631867,home,web,5.22,0
50,2025-12-04 16:17:42.494044442,electronics,web,24.28,0
50,2026-01-28 21:14:07.506723313,electronics,web,56.84,0
50,2026-04-03 23:43:04.013619013,home,store,16.46,0
50,2026-04-22 12:30:24.100945310,apparel,web,126.44,0
50,2026-07-28 01:55:02.392136945,electronics,mobile_app,23.32,0
51,2024-11-05 22:30:03.402041982,sports,web,33.55,0
51,2025-02-25 22:39:03.666976428,grocery,mobile_app,84.25,0
51,2025-03-19 05:50:18.773367663,electronics,mobile_app,13.48,1
51,2025-03-23 16:41:40.873308127,grocery,web,135.44,0
51,2025-04-15 11:09:25.170548012,sports,store,33.44,0
51,2025-05-23 03:42:58.319016745,sports,web,87.06,0
51,2025-06-07 02:24:44.778835273,apparel,web,49.64,0
51,2025-06-08 05:19:30.966164337,sports,web,38.37,0
51,2025-06-16 18:33:34.949174124,sports,web,44.16,0
51,2025-10-10 12:03:31.319681303,electronics,store,48.79,0
51,2025-11-30 14:23:13.014895791,electronics,store,49.08,0
51,2026-03-12 09:13:58.999797959,home,web,11.73,0
51,2026-07-15 15:38:13.377266840,electronics,store,141.01,0
52,2026-03-01 17:13:19.864132061,electronics,web,35.01,1
52,2026-05-16 23:19:46.157390233,home,mobile_app,10.87,0
52,2026-05-21 15:38:57.527248742,apparel,store,47.71,0
52,2026-07-12 15:58:13.048247476,sports,web,98.59,0
52,2026-07-28 21:15:15.516442766,beauty,mobile_app,199.5,0
53,2026-02-16 13:18:55.326787226,electronics,mobile_app,5.87,0
53,2026-03-30 09:27:35.472357536,apparel,web,15.12,0
53,2026-04-28 10:57:56.512963294,home,store,10.35,1
53,2026-05-15 09:32:15.497816295,home,mobile_app,88.09,0
53,2026-05-25 09:55:09.017092814,electronics,mobile_app,7.89,0
53,2026-06-30 15:15:39.651367583,sports,web,48.84,0
53,2026-07-11 04:01:27.471545772,home,web,32.98,0
53,2026-07-21 11:29:50.373515294,electronics,web,22.44,0
54,2025-10-30 18:11:19.974356768,electronics,web,49.34,0
54,2025-11-09 22:54:42.433508832,electronics,web,62.18,0
54,2026-03-19 07:31:05.060182170,sports,mobile_app,165.12,0
54,2026-05-29 02:58:28.009813530,electronics,mobile_app,7.44,0
54,2026-06-21 02:28:07.330050515,sports,web,31.59,0
54,2026-07-07 09:02:36.463576353,home,web,11.59,0
55,2026-06-24 00:11:07.743953706,beauty,store,16.07,1
55,2026-06-28 15:40:36.858913292,home,store,61.63,0
55,2026-07-08 01:49:25.099420273,electronics,store,34.09,0
55,2026-07-11 09:58:28.462749238,apparel,web,79.67,0
55,2026-07-19 00:49:28.934364061,home,web,21.76,0
55,2026-07-21 03:35:55.738123026,apparel,mobile_app,20.21,0
55,2026-07-26 00:01:19.347960841,sports,web,25.35,0
56,2026-06-25 13:23:09.911677753,beauty,web,8.07,0
57,2026-01-05 14:08:05.152910802,sports,mobile_app,75.39,0
57,2026-05-01 17:27:54.168592387,beauty,web,20.76,0
57,2026-05-17 23:31:02.715172401,home,mobile_app,127.77,0
57,2026-05-25 12:41:40.545378626,home,store,9.33,0
57,2026-05-26 06:12:13.299118175,sports,web,315.73,1
57,2026-07-23 11:01:46.657311451,grocery,web,25.59,0
59,2026-05-16 02:57:16.266840089,beauty,web,170.4,0
59,2026-06-28 01:57:21.129884649,home,mobile_app,125.94,0
59,2026-07-19 13:22:52.919881464,grocery,web,36.74,0
60,2025-05-14 02:20:28.433496216,electronics,web,30.85,1
60,2025-06-08 22:25:22.686026567,electronics,web,13.7,0
60,2025-07-06 04:42:36.583560090,beauty,mobile_app,22.68,0
60,2025-08-08 02:50:25.736578619,home,web,71.47,0
60,2025-10-17 06:28:36.821642788,sports,mobile_app,56.75,0
60,2025-11-24 01:46:12.446394681,electronics,web,29.64,0
60,2025-12-01 11:38:18.356788329,apparel,web,36.78,0
60,2025-12-03 10:25:40.690356966,sports,store,372.8,1
60,2026-01-29 11:24:42.561030978,beauty,store,48.16,0
60,2026-04-28 19:41:18.200357814,apparel,mobile_app,20.21,0
60,2026-05-22 17:40:20.977077530,home,store,27.33,1
60,2026-06-14 12:06:08.640948045,home,web,24.39,0
60,2026-06-22 01:12:06.569114343,apparel,web,53.37,0
60,2026-06-24 20:10:07.647116647,home,web,20.7,1
60,2026-07-11 14:06:26.550590729,grocery,web,26.78,0
60,2026-07-12 21:46:56.263503049,apparel,store,63.43,0
61,2025-01-29 05:36:28.061847306,apparel,mobile_app,13.16,0
61,2025-04-02 19:47:56.261403917,apparel,mobile_app,10.29,0
61,2025-05-13 12:20:32.508296742,home,web,49.22,0
61,2025-08-06 19:49:41.097788421,apparel,web,17.94,0
61,2025-11-29 23:00:46.362952616,home,mobile_app,70.42,0
61,2026-01-14 02:27:52.355016876,beauty,web,48.36,0
61,2026-04-17 12:28:06.219577558,apparel,mobile_app,63.36,0
61,2026-07-14 02:08:20.362507118,apparel,web,146.84,0
62,2025-12-31 04:34:39.676620150,apparel,web,62.56,0
62,2026-03-30 13:41:11.013084338,grocery,web,10.7,0
62,2026-04-02 02:42:24.419975447,apparel,store,33.33,0
62,2026-04-25 12:30:17.250890559,electronics,store,30.02,0
63,2026-01-22 19:48:21.439560989,apparel,mobile_app,21.35,0
63,2026-02-03 11:35:03.568319855,sports,store,5.59,0
63,2026-04-27 02:17:22.502653616,apparel,web,124.77,0
63,2026-05-23 07:02:05.860638114,beauty,store,19.16,1
64,2025-10-29 13:18:26.307576191,apparel,web,21.85,0
64,2025-11-02 13:41:47.146213902,home,web,110.45,0
64,2025-12-13 17:55:16.540790685,sports,store,19.47,0
64,2025-12-20 09:22:01.223352843,sports,mobile_app,64.55,0
64,2025-12-24 14:24:12.857062090,home,mobile_app,124.84,0
64,2025-12-27 00:23:47.494997342,sports,web,81.37,0
64,2026-03-29 15:17:55.589221706,beauty,web,117.83,0
64,2026-04-18 00:31:06.779638408,home,mobile_app,51.56,0
64,2026-06-09 04:54:11.523729698,sports,store,21.92,0
64,2026-06-09 07:55:24.719672422,electronics,mobile_app,47.2,0
65,2026-01-05 02:06:32.940983915,apparel,mobile_app,38.89,0
65,2026-01-13 05:47:48.209454814,apparel,store,8.91,0
65,2026-02-24 19:44:57.208578012,apparel,web,127.74,0
65,2026-03-08 20:31:04.581813453,home,web,19.15,0
65,2026-04-21 15:09:56.716412432,sports,web,32.38,0
65,2026-05-20 11:16:57.868771512,sports,web,18.26,0
65,2026-06-18 12:28:48.750976039,sports,web,46.09,0
65,2026-06-19 19:23:33.392158625,sports,mobile_app,16.06,0
66,2026-01-06 06:45:15.653367712,apparel,store,9.73,0
66,2026-02-21 00:00:04.078367808,home,web,22.98,0
66,2026-03-16 20:13:50.296947347,electronics,web,54.33,1
66,2026-04-09 00:05:14.447240904,beauty,store,105.3,0
66,2026-05-02 04:01:46.763806412,sports,web,140.6,1
66,2026-05-30 18:47:26.423820140,electronics,web,179.18,0
66,2026-05-31 18:09:44.168113988,grocery,mobile_app,25.89,0
67,2025-06-24 17:47:30.547979097,beauty,web,9.42,0
67,2025-10-07 14:16:20.212764284,grocery,web,71.36,0
67,2026-04-17 01:40:38.240859945,grocery,web,10.54,0
67,2026-06-18 22:58:56.901397489,apparel,store,6.23,0
67,2026-07-24 18:36:24.735325122,home,web,47.99,0
67,2026-07-30 08:06:08.938301409,apparel,mobile_app,101.27,0
68,2025-11-03 04:26:06.778231993,beauty,web,25.1,0
68,2025-11-09 23:34:23.583671853,beauty,mobile_app,101.73,0
68,2025-12-23 16:17:48.311908633,electronics,mobile_app,16.69,0
68,2026-02-09 13:45:38.333171016,home,store,9.95,0
68,2026-03-10 19:56:58.300892826,sports,web,98.61,0
68,2026-05-28 07:32:57.115045583,home,mobile_app,13.8,0
68,2026-06-25 05:38:01.263674147,grocery,store,28.67,0
69,2026-07-05 22:58:40.739922066,home,store,24.7,0
69,2026-07-18 23:00:14.424035703,apparel,web,12.33,0
70,2025-07-17 22:44:24.608645500,electronics,web,114.43,0
70,2025-08-21 17:32:08.675595448,electronics,web,55.24,0
70,2025-08-22 15:09:32.947720817,grocery,web,24.56,0
70,2025-10-18 17:23:35.642514815,sports,store,49.61,0
70,2025-11-11 18:36:38.219674211,grocery,web,58.74,0
70,2025-11-22 17:36:11.263082562,grocery,web,202.55,0
70,2026-02-11 07:12:27.558861604,electronics,web,34.96,0
70,2026-04-01 16:50:59.287635972,sports,mobile_app,35.76,0
70,2026-05-12 19:26:50.530559001,electronics,mobile_app,70.07,0
70,2026-06-07 11:18:35.006656384,electronics,mobile_app,228.97,0
70,2026-06-08 16:43:54.938205826,electronics,mobile_app,23.95,0
71,2025-04-20 16:52:03.720124751,sports,store,80.69,0
71,2025-07-18 16:00:43.654963646,sports,mobile_app,25.64,0
71,2026-01-02 08:43:42.969092014,grocery,mobile_app,35.38,0
71,2026-02-21 02:57:25.422315786,electronics,web,32.62,0
71,2026-04-11 21:46:12.522141843,grocery,web,68.5,0
71,2026-04-22 09:02:56.437242179,grocery,web,81.65,0
71,2026-07-16 23:29:05.056336439,home,web,21.03,0
72,2026-05-23 14:18:53.328323745,sports,mobile_app,9.13,0
72,2026-06-11 22:42:01.577657397,sports,web,27.39,0
72,2026-07-28 07:36:48.876447733,grocery,web,12.42,0
72,2026-07-31 16:16:15.594543889,sports,web,69.49,1
73,2025-11-07 13:58:27.510832342,home,mobile_app,18.05,0
73,2025-12-14 08:41:03.750216084,beauty,mobile_app,62.96,0
73,2025-12-22 18:46:24.007786194,sports,store,144.38,0
73,2026-05-02 04:52:46.427759533,apparel,web,23.41,0
73,2026-05-21 00:07:29.851325098,beauty,mobile_app,41.14,0
73,2026-07-10 02:14:22.228349931,apparel,mobile_app,47.87,0
73,2026-07-15 14:23:59.367315221,beauty,mobile_app,9.84,0
74,2026-05-24 09:25:06.263206407,apparel,web,205.16,0
75,2026-04-07 06:11:23.338681348,electronics,mobile_app,76.37,0
75,2026-04-26 03:24:02.191339979,apparel,web,91.78,0
75,2026-04-30 05:30:58.559966387,beauty,web,109.26,0
75,2026-07-06 14:12:05.436052296,grocery,mobile_app,177.78,0
75,2026-07-19 08:09:45.227932025,apparel,store,30.61,0
75,2026-07-20 18:09:07.380767166,sports,mobile_app,44.93,0
76,2025-07-21 16:49:16.819401830,grocery,store,30.26,0
76,2025-09-14 22:03:26.644565840,home,web,29.81,0
76,2026-01-06 18:19:38.206104543,grocery,web,3.65,0
76,2026-02-12 06:40:45.399709434,home,web,50.37,0
76,2026-02-23 11:21:06.598866765,sports,store,26.53,0
76,2026-05-29 05:15:49.875198691,electronics,mobile_app,88.06,0
76,2026-06-18 05:48:57.251900558,electronics,mobile_app,3.63,0
76,2026-07-07 19:05:36.065378971,home,store,48.16,0
77,2026-01-22 20:59:26.378018906,electronics,store,69.38,0
77,2026-04-04 10:14:03.055056870,home,web,125.69,0
77,2026-05-03 01:22:59.290960795,apparel,mobile_app,67.42,0
77,2026-07-06 09:26:37.495761136,apparel,web,18.77,0
78,2026-04-08 08:36:22.713300199,home,mobile_app,31.85,0
78,2026-06-09 02:35:27.667657367,electronics,mobile_app,42.28,0
78,2026-06-10 10:04:14.474058321,apparel,store,110.13,0
78,2026-06-18 23:15:46.091159594,electronics,store,24.3,0
78,2026-07-13 07:47:18.403803094,home,mobile_app,8.83,1
79,2025-10-16 02:08:02.630209218,apparel,mobile_app,30.71,0
79,2026-03-16 13:32:57.969023036,sports,web,50.9,0
79,2026-04-07 03:28:10.592612599,sports,mobile_app,15.54,0
79,2026-04-30 16:47:44.053664793,sports,web,17.12,0
79,2026-05-17 21:24:42.635012311,grocery,mobile_app,69.45,0
80,2026-04-08 09:58:36.482501004,apparel,web,65.53,1
80,2026-05-05 08:29:07.600177044,beauty,mobile_app,16.25,0
80,2026-07-05 10:46:40.275424696,grocery,web,38.22,0
80,2026-07-05 11:57:13.945412705,sports,web,40.7,0
81,2024-07-07 16:59:05.616413944,apparel,web,46.55,1
81,2025-02-01 19:51:31.962840656,electronics,store,40.2,0
81,2025-03-19 10:05:50.513541375,beauty,store,8.44,0
81,2025-03-21 14:52:07.614409602,home,web,47.4,0
81,2025-04-22 10:32:59.628570934,beauty,web,132.07,0
81,2025-06-12 13:33:49.551993248,grocery,web,88.4,0
81,2025-09-22 03:11:11.141514068,grocery,web,67.07,0
81,2025-11-12 22:40:54.376343095,apparel,mobile_app,50.84,0
81,2026-06-02 20:21:09.774974241,beauty,mobile_app,14.42,0
81,2026-07-31 01:19:53.517774772,grocery,store,53.8,0
82,2026-01-21 05:36:02.459380922,apparel,web,34.69,0
82,2026-02-03 08:49:17.052930527,beauty,mobile_app,23.91,0
82,2026-02-21 00:56:06.716147747,home,web,186.23,0
82,2026-03-05 22:35:57.603012545,electronics,store,11.66,0
82,2026-04-23 15:54:26.734768468,grocery,mobile_app,143.33,0
82,2026-06-19 14:37:33.064343444,grocery,web,40.66,0
83,2026-03-31 12:23:33.988228766,apparel,mobile_app,18.72,0
83,2026-05-29 04:39:34.678246807,grocery,store,15.75,0
84,2026-03-04 04:48:16.212776807,sports,web,62.79,1
84,2026-03-22 08:31:20.426282421,home,web,40.45,0
84,2026-03-28 18:21:09.784590529,electronics,web,19.09,0
84,2026-05-29 00:15:00.402153866,grocery,web,34.5,0
84,2026-06-11 04:44:23.600071879,electronics,web,60.33,0
84,2026-07-14 04:34:59.359128906,apparel,web,166.15,0
85,2025-09-22 07:46:11.110023106,apparel,web,26.05,0
85,2025-10-22 15:57:40.077130369,grocery,mobile_app,36.77,0
85,2025-12-16 19:08:22.621701694,electronics,web,100.81,0
85,2025-12-31 00:46:01.823759225,electronics,store,9.62,0
85,2026-02-05 01:49:23.055892200,sports,mobile_app,23.24,0
85,2026-02-10 11:18:48.365764897,sports,mobile_app,22.72,0
85,2026-03-16 14:38:43.627838448,grocery,web,123.98,0
85,2026-03-30 12:23:01.855286829,sports,mobile_app,115.05,0
85,2026-05-06 08:42:37.745722138,sports,mobile_app,16.18,0
85,2026-05-17 11:05:18.097419164,electronics,web,48.77,0
85,2026-07-14 04:50:49.103694583,sports,web,39.88,0
85,2026-07-24 17:07:29.960320769,grocery,mobile_app,7.72,0
85,2026-07-25 16:10:14.862762161,home,store,37.76,0
86,2026-01-18 21:14:10.612111621,beauty,web,11.44,0
86,2026-02-13 02:12:51.559754985,electronics,store,68.11,1
86,2026-06-06 20:58:12.741028012,electronics,mobile_app,69.28,0
86,2026-06-11 17:02:45.092501235,apparel,mobile_app,31.17,0
87,2026-04-30 20:05:23.274479792,grocery,web,51.53,0
87,2026-06-08 06:40:54.412007016,beauty,web,19.18,0
87,2026-06-11 15:38:37.750932128,apparel,web,44.38,0
88,2026-06-15 10:29:29.327118746,beauty,web,36.27,0
88,2026-07-03 06:24:54.696399011,apparel,web,19.55,1
88,2026-07-06 10:43:12.110609983,beauty,web,67.55,0
88,2026-07-08 18:48:51.556042320,grocery,mobile_app,3.33,1
88,2026-07-12 20:16:10.954808657,grocery,mobile_app,14.83,1
88,2026-07-25 12:48:46.881453937,beauty,mobile_app,233.52,0
89,2025-07-08 08:14:11.736175523,grocery,web,45.38,0
89,2025-07-17 03:52:15.322841262,apparel,web,5.08,0
89,2025-07-21 08:10:52.225801922,beauty,mobile_app,16.83,0
89,2025-08-20 05:25:20.227606378,grocery,web,54.45,0
89,2025-11-27 03:44:38.584305603,sports,web,11.6,0
89,2025-12-17 07:11:16.250325058,sports,store,63.55,0
89,2026-04-12 00:11:53.291171256,grocery,web,40.51,0
89,2026-06-01 02:07:37.401596879,sports,web,105.05,0
89,2026-06-16 04:35:37.214335620,electronics,web,6.39,0
90,2025-06-15 12:31:07.600204272,apparel,mobile_app,28.46,0
90,2025-10-06 20:26:32.951428440,apparel,store,11.94,0
90,2025-10-07 11:16:05.016656839,beauty,web,31.49,0
90,2025-12-02 09:15:51.572722182,sports,store,18.36,0
90,2026-01-30 23:15:06.873905800,home,mobile_app,17.16,0
90,2026-05-17 15:15:43.526935124,sports,mobile_app,26.36,0
91,2025-11-24 05:14:12.344291495,beauty,store,94.13,0
91,2026-04-03 15:17:58.084301210,home,store,42.57,0
91,2026-06-23 04:31:18.398545585,grocery,web,99.89,0
91,2026-06-25 11:40:03.438104037,sports,web,49.87,0
92,2024-08-22 03:59:36.279218501,electronics,web,82.31,0
92,2024-08-26 23:01:04.446801558,electronics,mobile_app,25.97,0
92,2024-12-18 20:26:27.078184977,sports,mobile_app,54.27,0
92,2025-01-27 22:45:52.185969467,beauty,mobile_app,330.92,0
92,2025-03-23 07:21:13.201440273,beauty,web,10.61,0
92,2025-05-19 02:40:02.160017081,home,mobile_app,34.43,0
92,2025-06-01 09:09:27.167465232,apparel,mobile_app,22.19,0
92,2025-07-04 14:05:21.277723814,home,web,18.42,0
92,2025-07-28 00:24:06.643594826,electronics,web,107.51,0
92,2025-09-10 03:27:35.767849752,apparel,web,9.29,0
92,2025-09-11 07:34:15.878513914,home,mobile_app,171.34,0
92,2025-09-26 02:37:17.483239578,electronics,mobile_app,26.96,0
92,2026-01-17 07:50:50.641681932,grocery,mobile_app,156.79,0
92,2026-03-03 05:57:38.777128431,beauty,store,31.1,0
92,2026-03-04 08:35:01.248227143,electronics,web,14.23,0
92,2026-03-06 07:19:15.172026053,beauty,web,18.21,0
92,2026-04-11 21:46:57.440892983,apparel,store,70.56,0
92,2026-04-22 22:10:54.966318189,apparel,store,88.16,0
93,2025-12-20 22:57:30.998636229,electronics,mobile_app,69.44,0
93,2026-03-12 17:42:18.268385726,home,mobile_app,3.0,0
93,2026-04-04 12:22:25.885339320,electronics,mobile_app,60.77,0
93,2026-04-09 05:01:01.308653092,home,store,11.41,0
93,2026-04-18 10:20:30.206150497,grocery,web,32.38,0
93,2026-04-27 06:14:15.280413107,sports,web,12.36,0
93,2026-06-24 11:41:27.859611480,electronics,store,47.74,0
93,2026-06-24 23:36:13.551110341,apparel,mobile_app,71.9,0
93,2026-07-07 17:10:28.701970525,grocery,store,70.48,0
93,2026-07-11 01:22:14.613814054,sports,mobile_app,16.52,0
93,2026-07-30 08:38:16.600923431,home,web,82.12,0
94,2025-12-06 01:51:19.314404309,apparel,web,13.7,0
94,2025-12-30 18:50:03.339895558,grocery,mobile_app,13.38,0
94,2026-01-22 08:09:31.065058282,electronics,mobile_app,22.55,0
94,2026-06-10 23:18:39.365512304,apparel,web,128.3,0
95,2025-06-27 21:57:44.918587703,beauty,web,53.67,0
95,2025-07-17 07:10:50.003555109,sports,mobile_app,48.7,0
95,2025-07-29 22:43:56.599257663,apparel,mobile_app,45.25,0
95,2025-08-12 23:46:46.252106760,sports,store,65.61,0
95,2025-10-11 18:01:33.198189912,beauty,mobile_app,9.98,0
95,2025-11-02 01:49:11.432388700,home,mobile_app,37.09,0
95,2025-12-03 01:44:38.056470553,beauty,web,7.97,0
95,2025-12-08 03:56:39.027420563,electronics,web,98.74,0
96,2026-03-03 11:48:25.886916052,apparel,mobile_app,29.19,0
96,2026-04-07 01:40:40.853840682,electronics,mobile_app,108.89,0
96,2026-05-22 17:16:49.419678326,home,mobile_app,42.56,0
96,2026-05-25 01:26:25.204553325,sports,store,6.88,0
96,2026-06-08 08:37:43.266847181,sports,web,44.65,1
96,2026-06-29 04:00:12.705325998,apparel,web,26.16,0
96,2026-07-13 08:28:04.410606922,grocery,store,45.29,0
97,2026-05-03 01:14:03.364915048,sports,mobile_app,18.38,0
97,2026-06-12 19:09:03.657879669,sports,web,27.51,0
97,2026-06-16 11:12:23.238913153,sports,store,36.25,0
97,2026-06-21 14:51:45.386983844,beauty,store,4.13,0
97,2026-06-24 20:49:58.736162309,beauty,mobile_app,16.26,0
97,2026-07-05 13:47:11.622179199,sports,store,67.61,0
98,2025-07-04 07:35:09.519032925,beauty,store,103.95,0
98,2025-07-22 21:19:49.024432575,apparel,mobile_app,13.87,0
98,2025-09-11 23:43:49.085273234,electronics,web,23.28,0
98,2025-10-04 00:12:31.622394736,apparel,store,15.02,0
98,2025-11-09 15:23:13.262600827,beauty,web,20.7,0
98,2026-01-01 07:43:49.524854909,electronics,store,14.95,0
98,2026-03-05 18:06:57.690928230,home,web,59.33,0
98,2026-03-13 15:14:23.985089175,apparel,mobile_app,57.98,0
98,2026-03-29 02:40:39.665700362,sports,mobile_app,24.0,0
98,2026-05-17 02:42:17.116837342,sports,store,70.06,0
99,2025-06-10 02:52:28.540309199,apparel,mobile_app,64.48,0
99,2025-06-23 16:38:26.361134610,apparel,web,22.01,0
99,2025-08-11 13:31:42.924914182,electronics,web,44.2,0
99,2025-09-09 07:39:41.735392854,sports,store,25.31,0
99,2025-10-21 20:21:35.839056704,beauty,mobile_app,86.69,0
99,2025-11-13 00:52:14.607303998,sports,web,52.33,0
99,2026-01-19 09:15:34.039015019,grocery,web,16.19,0
99,2026-04-21 15:51:05.075494045,apparel,mobile_app,26.29,0
99,2026-05-09 01:15:00.269035126,electronics,mobile_app,17.58,0
99,2026-07-02 21:43:05.400185034,home,store,191.03,0
99,2026-07-09 20:21:00.846536870,sports,mobile_app,199.75,1
101,2024-10-18 20:07:43.897481786,beauty,mobile_app,10.48,0
101,2025-03-03 08:17:48.392563624,beauty,mobile_app,10.88,0
101,2025-04-07 23:12:24.778078825,sports,web,18.05,0
101,2025-04-10 07:26:28.965493329,electronics,mobile_app,65.9,0
101,2025-05-18 18:05:25.128782469,home,web,23.64,0
101,2025-06-13 04:22:12.219242313,electronics,web,10.0,0
101,2025-07-07 18:32:33.437908407,home,web,21.63,0
101,2025-08-04 09:26:35.522894161,electronics,store,43.51,0
101,2025-08-22 21:15:28.069572940,electronics,store,14.04,0
101,2025-09-03 15:40:16.893887509,electronics,mobile_app,36.99,0
101,2025-12-29 22:27:11.898395652,grocery,mobile_app,59.3,0
101,2026-01-03 13:13:17.516344199,grocery,store,135.78,0
101,2026-04-22 19:20:08.764501566,electronics,mobile_app,69.79,0
101,2026-06-11 13:56:37.122323332,grocery,web,44.7,0
102,2026-03-20 15:55:19.461636829,electronics,web,11.54,0
102,2026-05-01 11:26:18.127869908,sports,store,45.65,0
102,2026-05-16 22:03:26.048275627,home,mobile_app,12.56,0
102,2026-05-29 10:36:02.133725254,grocery,mobile_app,28.0,0
102,2026-06-10 00:12:47.344886128,sports,store,18.23,0
102,2026-06-28 08:47:06.406395251,beauty,mobile_app,39.51,0
102,2026-07-10 21:18:22.537150992,grocery,mobile_app,19.98,0
102,2026-07-27 01:32:48.875049226,sports,mobile_app,43.21,0
103,2025-07-21 07:49:31.455963011,electronics,store,51.31,0
103,2025-08-01 04:10:28.362873893,beauty,web,24.41,0
103,2026-01-02 19:14:18.623560903,home,web,19.74,0
103,2026-04-13 04:30:48.980712148,electronics,web,64.04,0
105,2025-03-18 10:39:58.678743808,sports,web,282.2,1
105,2025-03-25 21:45:44.413077099,home,mobile_app,38.84,0
105,2025-04-15 02:27:40.259734056,home,store,19.91,0
105,2025-04-23 13:57:31.972566249,electronics,mobile_app,31.51,0
105,2025-06-29 01:53:47.546517619,grocery,web,13.86,0
105,2025-07-20 06:33:22.247550775,beauty,mobile_app,47.7,0
105,2025-09-15 13:25:06.046418580,electronics,store,71.65,0
105,2026-01-30 08:53:42.782690913,apparel,web,176.19,0
105,2026-02-28 05:44:49.964591925,apparel,web,33.28,0
105,2026-04-05 23:35:08.869370393,grocery,web,53.84,0
105,2026-05-23 19:42:06.160998065,electronics,mobile_app,6.94,0
106,2025-09-03 13:42:25.249857881,sports,store,14.7,0
106,2025-10-07 17:51:00.711565586,apparel,web,28.35,0
106,2025-10-12 22:26:54.396190318,grocery,mobile_app,47.18,0
106,2025-12-08 02:42:07.628728056,apparel,web,38.85,0
106,2026-01-26 18:01:20.208054965,home,web,124.51,0
106,2026-04-20 16:47:51.975380467,apparel,mobile_app,5.45,0
106,2026-05-07 21:10:38.131328004,beauty,web,7.39,1
106,2026-05-23 06:11:55.627500213,grocery,mobile_app,25.25,0
106,2026-06-11 14:52:16.109747671,home,web,101.92,0
107,2024-08-31 17:55:44.795507400,apparel,mobile_app,34.29,0
107,2024-12-07 08:16:44.897692734,home,mobile_app,6.97,0
107,2024-12-26 10:31:08.856874166,apparel,mobile_app,80.45,0
107,2025-04-21 10:14:54.307969423,apparel,web,21.07,0
107,2025-05-01 00:40:24.300719196,apparel,store,43.65,0
107,2025-07-07 14:00:18.913907650,beauty,mobile_app,3.75,0
107,2025-09-15 17:06:15.560128193,grocery,mobile_app,18.02,0
107,2025-12-27 08:15:36.768800673,electronics,web,73.42,0
107,2026-01-07 01:46:06.444798160,grocery,mobile_app,14.07,0
107,2026-03-14 09:42:33.233614333,sports,mobile_app,8.35,0
107,2026-03-17 05:11:05.404969778,beauty,web,59.51,0
107,2026-04-07 12:51:26.880676463,beauty,web,38.69,0
107,2026-05-06 03:35:44.652965494,apparel,mobile_app,121.24,0
108,2025-11-07 08:22:20.412108207,home,web,49.72,0
108,2025-11-23 05:01:12.989081543,electronics,web,22.1,0
108,2025-12-17 05:40:07.259601767,apparel,web,47.99,0
108,2026-01-14 05:52:36.481384131,sports,web,67.42,0
108,2026-04-18 04:21:38.483454949,home,web,87.5,0
108,2026-05-07 10:36:11.819764567,apparel,mobile_app,111.55,0
108,2026-05-28 15:21:23.695915044,electronics,web,74.91,0
108,2026-07-21 21:43:20.897397377,electronics,web,68.0,0
108,2026-07-28 10:59:47.189354018,home,store,18.1,0
109,2025-06-28 03:55:30.919554020,sports,web,31.56,0
109,2025-08-13 11:11:42.327987185,beauty,web,63.06,1
109,2025-08-17 16:01:29.597158969,home,store,34.78,0
109,2025-08-23 09:51:02.499868443,home,store,31.11,0
109,2025-10-01 05:00:13.760939774,beauty,web,13.13,0
109,2025-10-26 05:42:26.951590348,grocery,web,28.96,0
109,2026-02-17 16:26:53.923515392,beauty,mobile_app,40.63,0
109,2026-03-03 16:44:20.310040136,electronics,web,36.8,0
109,2026-03-09 00:50:32.119837224,sports,web,11.48,0
109,2026-04-11 18:01:23.995951269,electronics,mobile_app,66.35,0
109,2026-05-28 18:08:32.942212518,apparel,mobile_app,77.57,0
110,2025-03-14 08:00:19.519668038,sports,store,13.62,0
110,2025-05-06 23:57:34.659456097,apparel,store,32.24,0
110,2025-05-09 01:45:50.866629233,electronics,web,9.71,0
110,2025-05-18 14:51:47.806011787,apparel,mobile_app,50.24,0
110,2025-05-23 01:33:33.010799000,grocery,mobile_app,48.73,0
110,2025-06-20 18:00:10.132483778,grocery,store,36.33,1
110,2025-08-02 22:35:48.247443399,apparel,web,37.62,0
110,2025-08-25 15:47:00.869756877,beauty,mobile_app,6.41,0
110,2025-11-18 14:17:46.379366114,electronics,store,66.99,0
110,2025-12-27 18:56:43.906479055,electronics,mobile_app,69.87,0
110,2026-04-23 20:45:22.235391706,sports,web,165.9,0
110,2026-04-26 20:44:10.089954753,sports,store,67.88,0
110,2026-05-24 23:09:54.820196157,apparel,store,28.36,1
111,2026-05-08 01:00:49.584554286,electronics,store,50.37,0
111,2026-06-16 06:26:23.878511048,apparel,mobile_app,92.6,0
112,2024-09-16 19:56:27.028457192,sports,web,41.23,0
112,2024-09-21 09:05:41.483702326,apparel,web,122.11,0
112,2024-10-16 07:39:22.715071653,grocery,mobile_app,72.11,0
112,2025-01-13 21:44:59.305864552,beauty,store,22.08,0
112,2025-01-24 17:15:28.055375698,home,web,14.98,0
112,2025-02-12 22:52:17.764226832,grocery,mobile_app,21.56,0
112,2025-03-09 22:21:23.836591276,sports,mobile_app,7.78,0
112,2025-03-09 22:30:47.226978513,grocery,mobile_app,31.52,0
112,2025-03-28 22:28:17.062839095,electronics,store,38.55,0
112,2025-05-05 18:28:56.818984201,home,mobile_app,14.13,0
112,2025-06-05 06:35:15.063478930,apparel,store,28.78,0
112,2025-08-01 20:52:10.058025792,home,web,88.66,0
112,2025-09-01 01:57:19.114278489,electronics,mobile_app,21.91,0
112,2025-10-15 02:46:38.149795111,sports,web,24.09,0
112,2025-12-05 19:47:21.770977137,grocery,store,181.1,0
112,2025-12-16 05:45:47.717336760,grocery,web,63.22,0
112,2026-03-24 16:47:03.285732475,grocery,web,23.13,0
112,2026-05-15 22:00:04.819151552,electronics,web,31.31,0
112,2026-05-25 00:12:40.791731032,sports,store,8.33,0
112,2026-06-28 18:48:41.432100391,home,store,11.37,1
113,2026-02-18 15:03:14.755177492,electronics,web,29.07,0
113,2026-04-05 11:49:05.639887319,beauty,store,10.96,0
114,2026-07-11 04:36:30.653636945,sports,mobile_app,49.81,0
114,2026-07-14 19:06:41.223962281,apparel,web,99.91,0
114,2026-07-19 10:31:20.121733425,grocery,store,48.43,0
114,2026-07-24 06:08:21.622590261,sports,store,14.42,0
114,2026-07-25 06:00:29.839944552,sports,web,18.47,0
114,2026-07-25 21:15:47.363999179,beauty,mobile_app,51.99,0
114,2026-07-28 15:33:46.307350308,home,web,37.44,0
115,2025-12-18 08:41:33.816722707,sports,store,74.6,0
115,2026-01-15 14:06:01.539725294,sports,web,45.46,1
115,2026-04-23 06:52:57.213490458,grocery,store,89.99,0
116,2025-07-31 17:36:36.224062365,home,mobile_app,20.24,1
116,2025-09-06 23:41:18.583022112,sports,web,46.29,0
116,2025-10-21 00:12:59.469695871,grocery,store,88.35,0
116,2025-10-25 15:38:07.426627613,home,store,21.55,0
116,2025-11-06 19:04:01.085779699,grocery,mobile_app,29.83,0
116,2025-12-10 11:20:55.620238990,beauty,store,35.59,0
116,2025-12-17 05:12:50.515917722,grocery,web,26.06,0
116,2026-01-21 21:27:10.284733046,home,store,129.92,0
116,2026-05-06 05:12:07.953115943,grocery,web,47.19,0
116,2026-05-12 06:49:27.385709060,home,mobile_app,15.84,0
116,2026-07-17 11:19:26.151266036,home,web,55.47,0
116,2026-07-22 07:57:48.478126156,electronics,web,19.16,0
118,2026-07-17 06:33:22.249553441,home,mobile_app,13.45,1
118,2026-07-19 17:28:03.322571083,beauty,store,19.19,0
119,2026-04-26 12:10:10.367642387,electronics,web,6.0,0
119,2026-05-14 06:22:35.632467797,home,web,22.55,0
119,2026-05-31 07:40:31.759032559,electronics,store,11.37,0
119,2026-06-04 11:06:22.617434538,electronics,web,20.47,0
119,2026-07-27 14:54:21.557558391,electronics,mobile_app,22.62,0
119,2026-07-29 22:23:20.030806813,beauty,store,65.91,0
120,2026-06-29 16:58:51.202764218,sports,web,37.49,0
120,2026-07-13 05:46:21.979510248,grocery,web,48.6,0
121,2025-09-08 12:07:18.649773028,sports,web,20.5,0
121,2025-10-24 08:00:23.698644290,electronics,store,13.02,0
121,2025-12-10 19:17:43.501325736,grocery,web,24.12,0
121,2026-05-01 09:30:46.631792014,sports,web,28.68,0
121,2026-05-03 16:09:08.737688371,beauty,web,34.25,0
121,2026-05-12 11:51:21.941128602,home,store,10.11,0
121,2026-07-23 22:03:58.150218272,sports,web,124.5,0
122,2026-05-08 21:18:24.350182779,grocery,mobile_app,41.35,0
122,2026-06-06 10:09:46.493527646,electronics,store,140.49,0
122,2026-06-17 00:21:35.373094949,electronics,mobile_app,118.08,0
122,2026-07-07 18:10:58.822456095,sports,store,21.78,0
123,2025-08-09 04:55:12.374427386,electronics,web,38.2,0
123,2026-02-10 19:08:29.201807637,sports,mobile_app,90.41,0
123,2026-06-08 10:51:45.247846516,electronics,web,36.59,0
123,2026-06-12 09:03:43.098369777,apparel,web,14.82,0
123,2026-07-19 15:04:42.412726814,sports,store,43.52,0
124,2025-06-15 08:46:05.458617106,home,mobile_app,5.63,0
124,2025-06-20 16:20:59.327844263,apparel,mobile_app,23.98,0
124,2025-08-01 07:09:21.871144449,electronics,web,12.04,0
124,2025-10-23 17:14:22.115544173,electronics,web,57.9,0
124,2025-11-06 13:44:02.747235233,apparel,store,54.69,0
124,2025-11-18 09:03:49.146118664,grocery,mobile_app,31.33,0
124,2026-01-22 01:36:57.513570259,electronics,web,35.64,0
124,2026-02-06 23:24:17.099041758,home,web,25.07,0
124,2026-02-25 11:26:14.528148588,grocery,mobile_app,34.98,0
124,2026-04-17 00:04:33.819972468,sports,mobile_app,51.06,0
124,2026-06-06 00:18:34.387004676,electronics,store,15.7,0
125,2025-10-30 13:26:21.702781758,electronics,web,35.18,0
125,2025-12-08 07:47:34.994536380,apparel,mobile_app,26.45,0
125,2025-12-25 23:16:14.421144948,apparel,store,13.26,0
125,2026-01-02 15:34:51.746090906,beauty,web,35.85,0
125,2026-03-22 01:28:47.147952337,apparel,mobile_app,17.73,0
125,2026-04-14 05:55:34.813430867,beauty,web,23.8,0
125,2026-05-18 14:14:20.213963938,beauty,store,38.3,0
125,2026-06-16 23:14:51.770888817,beauty,mobile_app,53.38,0
125,2026-07-01 06:43:50.668128590,beauty,store,12.83,0
125,2026-07-07 12:56:17.873104042,sports,web,11.77,0
126,2025-06-25 13:34:15.031550940,electronics,mobile_app,115.71,0
126,2025-06-26 06:36:58.522994329,beauty,mobile_app,43.0,0
126,2025-07-17 05:55:05.623521295,grocery,web,64.41,0
126,2025-10-06 07:28:42.810540284,home,mobile_app,16.16,0
126,2025-10-10 12:02:09.991278108,grocery,mobile_app,147.65,0
126,2025-10-12 03:02:00.162790872,sports,mobile_app,24.27,0
126,2025-11-08 07:54:22.699807048,grocery,mobile_app,41.28,0
126,2025-12-26 07:34:24.724535604,home,mobile_app,21.65,0
126,2026-02-21 05:04:06.764451747,sports,web,155.86,0
126,2026-04-16 16:03:46.267505537,apparel,mobile_app,4.72,0
126,2026-04-26 00:01:56.770706819,electronics,store,17.46,0
126,2026-06-10 16:29:44.741222126,beauty,store,5.36,0
127,2026-05-16 02:58:50.922657815,apparel,web,31.14,0
127,2026-05-25 02:16:49.200897948,electronics,store,48.65,0
127,2026-06-21 02:09:40.015306340,grocery,mobile_app,15.08,0
127,2026-07-12 07:23:54.936163398,home,web,20.2,0
128,2025-02-08 11:41:36.916093056,home,web,18.93,0
128,2025-02-21 01:50:15.180530321,electronics,store,14.5,0
128,2025-06-01 16:29:18.666081863,sports,web,28.04,0
128,2025-07-22 03:16:10.936988081,electronics,mobile_app,16.48,0
128,2025-08-02 07:47:52.589104610,home,mobile_app,23.64,0
128,2025-08-04 03:23:40.209597969,home,store,17.65,0
128,2025-09-07 01:52:44.427226078,beauty,web,68.9,0
128,2025-12-12 12:10:57.762781669,electronics,web,16.37,0
128,2026-02-26 15:33:06.113866292,apparel,store,35.89,1
128,2026-06-05 10:18:24.041323199,beauty,mobile_app,516.79,0
128,2026-07-01 04:25:36.024343853,electronics,mobile_app,79.71,0
128,2026-07-21 04:57:59.888589884,sports,mobile_app,10.15,0
128,2026-07-24 06:02:22.699483616,electronics,web,36.93,0
129,2026-06-02 11:17:12.271788863,apparel,web,23.73,0
129,2026-06-06 18:17:41.526626983,beauty,mobile_app,10.6,0
129,2026-06-06 19:29:10.890661650,apparel,web,44.97,0
129,2026-06-07 05:48:38.274354225,grocery,mobile_app,41.11,0
129,2026-06-18 23:04:09.569000793,beauty,web,28.78,0
129,2026-07-04 16:40:34.187740145,home,web,51.9,0
129,2026-07-06 00:34:29.247387336,apparel,web,4.01,0
129,2026-07-18 16:30:58.036155800,apparel,web,81.65,0
129,2026-07-20 01:26:01.572525359,apparel,web,32.04,0
129,2026-07-25 19:58:28.515293478,beauty,mobile_app,14.05,0
129,2026-07-31 20:36:08.359701567,beauty,mobile_app,10.75,0
130,2025-07-22 23:35:57.135696263,beauty,store,139.62,0
130,2025-08-31 15:28:48.624949491,apparel,mobile_app,27.98,0
130,2025-09-12 10:29:18.407953940,home,web,35.01,0
130,2025-10-26 16:29:31.656944928,home,web,19.53,0
130,2025-12-15 07:38:39.308029380,grocery,web,27.51,0
130,2026-02-08 01:53:25.155981612,beauty,mobile_app,47.93,0
130,2026-04-10 07:23:53.713316714,beauty,web,24.62,0
130,2026-04-28 10:27:02.122071587,home,web,26.2,0
130,2026-04-30 03:56:10.769081744,electronics,mobile_app,12.64,1
130,2026-05-12 13:18:56.106692689,electronics,web,44.61,0
130,2026-07-30 15:39:00.442439822,electronics,store,54.36,0
131,2026-03-29 05:54:36.594075799,electronics,mobile_app,14.97,0
131,2026-05-06 12:41:30.086222013,electronics,mobile_app,5.69,0
131,2026-05-29 06:41:27.082058770,sports,mobile_app,56.16,0
131,2026-06-14 13:39:55.152024190,sports,mobile_app,6.48,0
131,2026-06-18 11:30:48.507407318,grocery,store,41.43,0
131,2026-06-23 13:48:12.690074641,grocery,web,257.81,0
131,2026-06-29 20:06:24.181363158,grocery,mobile_app,15.08,1
131,2026-07-23 06:51:56.104092965,electronics,mobile_app,35.01,0
131,2026-07-28 09:16:17.947062250,beauty,store,12.55,0
132,2025-09-12 15:51:24.304050893,apparel,mobile_app,107.16,0
132,2026-02-16 07:36:31.839853122,electronics,web,15.1,0
132,2026-04-03 05:31:47.987830417,apparel,web,51.55,0
132,2026-06-01 12:04:25.237416355,beauty,web,5.97,0
134,2025-08-10 03:48:14.784354677,home,web,80.91,0
134,2026-05-17 07:57:41.386276037,sports,mobile_app,48.92,0
134,2026-06-05 08:38:55.246034205,grocery,web,35.5,0
134,2026-07-17 14:25:25.036586729,home,mobile_app,18.4,0
135,2025-08-29 19:58:49.962282984,sports,store,62.53,0
135,2025-10-18 19:57:18.134783669,grocery,web,19.62,0
135,2025-11-28 04:09:25.808733461,sports,web,45.43,0
135,2026-03-28 16:47:17.012826010,home,web,12.96,0
135,2026-04-22 19:52:03.690628352,apparel,mobile_app,19.25,0
135,2026-05-06 00:50:37.974146845,grocery,web,63.46,0
135,2026-06-24 10:50:30.480223451,beauty,web,56.71,0
136,2026-03-04 00:48:23.093287650,grocery,web,54.28,0
136,2026-03-07 08:18:19.636062999,sports,web,9.78,0
136,2026-06-12 15:26:20.401374152,apparel,web,426.81,0
137,2026-02-09 04:54:13.706013528,grocery,web,13.52,0
137,2026-02-23 12:13:03.780928656,sports,store,16.75,0
137,2026-03-13 18:32:14.779556247,electronics,web,75.5,0
137,2026-05-22 23:10:48.793452756,home,web,60.76,0
137,2026-06-11 00:56:51.021173084,sports,mobile_app,5.16,0
137,2026-07-08 13:44:54.651176313,apparel,store,53.69,0
137,2026-07-17 08:00:39.799602061,sports,mobile_app,63.69,0
139,2026-02-23 19:04:05.670903827,electronics,mobile_app,25.0,0
139,2026-05-01 22:44:30.662855431,home,store,87.16,0
139,2026-06-03 18:06:43.267503736,grocery,mobile_app,15.9,0
140,2026-01-07 21:52:07.813056424,sports,mobile_app,42.32,0
140,2026-01-13 07:03:12.008787763,electronics,web,18.51,0
140,2026-01-31 00:38:57.175766345,home,mobile_app,44.92,0
140,2026-02-08 05:39:25.718386433,home,mobile_app,18.32,0
140,2026-02-23 05:38:22.526478413,electronics,store,67.97,0
140,2026-06-30 12:31:52.948718628,home,mobile_app,39.69,1
140,2026-07-05 02:11:40.510446735,sports,mobile_app,18.36,1
140,2026-07-08 23:39:54.149423498,home,mobile_app,93.27,0
141,2024-12-03 09:54:00.275034209,apparel,store,9.55,0
141,2024-12-31 11:08:44.272394538,home,web,27.25,0
141,2025-01-13 02:00:37.500067685,home,web,19.66,0
141,2025-03-13 03:30:00.342895246,electronics,store,27.75,0
141,2025-03-18 20:27:38.089216584,apparel,web,84.75,0
141,2025-03-22 10:09:25.713687232,sports,store,7.12,0
141,2025-06-28 00:06:07.872991728,home,mobile_app,26.83,0
141,2025-07-16 16:41:37.552862677,beauty,mobile_app,77.89,0
141,2025-08-29 21:01:21.289177889,apparel,web,18.18,0
141,2025-08-29 23:00:08.245950653,electronics,mobile_app,15.39,0
141,2025-09-03 18:56:35.451820758,electronics,web,16.14,0
141,2025-09-10 14:09:52.638510664,beauty,mobile_app,41.53,0
141,2025-12-15 10:37:44.446514106,apparel,web,17.25,0
141,2026-04-06 06:31:02.522584117,beauty,web,99.65,0
141,2026-05-12 01:52:36.525932841,apparel,mobile_app,35.81,0
142,2026-03-29 03:56:38.037888336,grocery,store,21.68,0
142,2026-03-31 23:45:26.134274719,home,mobile_app,23.68,0
142,2026-04-22 19:47:06.232816473,home,web,101.77,0
142,2026-05-20 11:11:22.038128869,beauty,web,69.11,0
142,2026-06-28 17:56:49.657595640,grocery,web,17.11,0
142,2026-07-09 12:10:33.213953211,electronics,mobile_app,276.24,0
142,2026-07-14 23:11:39.987575423,apparel,store,6.05,0
143,2025-12-22 17:24:59.493259564,beauty,web,10.38,0
143,2026-01-02 12:49:14.362113597,apparel,store,45.09,0
143,2026-01-09 02:11:37.536031816,grocery,web,22.98,0
143,2026-01-17 23:34:54.915006962,home,web,4.4,0
143,2026-03-04 16:15:36.816383414,home,store,18.14,0
143,2026-03-17 09:54:56.669477827,beauty,web,213.15,0
143,2026-04-22 21:25:38.438404822,electronics,web,29.74,0
143,2026-05-13 13:09:03.333137017,sports,web,4.12,0
143,2026-07-03 21:44:27.356594430,home,mobile_app,158.58,0
143,2026-07-16 05:52:32.158777789,grocery,mobile_app,32.51,0
144,2025-08-21 15:01:40.443651048,grocery,web,14.89,0
144,2025-10-06 08:01:23.515110564,beauty,mobile_app,29.75,0
144,2025-10-09 02:22:03.124078260,home,store,5.06,0
144,2025-11-14 10:00:51.438535448,grocery,web,25.22,0
144,2025-11-27 16:45:43.962551880,beauty,web,65.72,0
144,2025-12-06 13:40:56.789930344,home,mobile_app,4.8,0
144,2026-04-05 21:22:25.924262564,sports,web,13.24,0
144,2026-05-11 04:18:57.777379759,grocery,store,36.49,0
144,2026-06-14 18:25:40.413467859,grocery,mobile_app,71.2,0
144,2026-06-24 01:41:20.860202006,electronics,mobile_app,7.22,0
144,2026-07-06 13:08:37.705104485,sports,web,15.46,1
144,2026-07-11 01:33:17.722413392,electronics,mobile_app,10.72,0
145,2024-09-12 15:58:58.988970371,electronics,web,62.66,0
145,2024-09-23 19:54:09.725155958,beauty,mobile_app,52.55,0
145,2024-10-31 14:10:10.467041428,apparel,mobile_app,83.38,0
145,2025-01-16 18:52:28.202836884,beauty,web,7.42,0
145,2025-01-20 05:17:27.044949809,sports,web,87.27,0
145,2025-03-16 13:49:39.954033472,electronics,web,57.37,0
145,2025-05-15 12:27:41.512006518,apparel,web,57.88,0
145,2025-06-01 10:19:28.453507234,grocery,web,25.03,0
145,2025-06-08 07:04:16.606988665,apparel,store,78.21,0
145,2025-08-12 14:50:34.022817085,apparel,store,25.34,0
145,2025-09-19 03:26:26.740601414,apparel,store,48.52,0
145,2025-10-09 15:55:01.995308749,electronics,mobile_app,24.33,0
145,2025-11-02 17:38:08.979786168,home,web,71.93,0
145,2025-12-06 13:09:47.971265225,sports,web,26.5,0
145,2026-01-02 08:35:06.768848732,apparel,store,36.76,0
145,2026-01-08 12:06:51.089475310,home,web,32.31,0
145,2026-01-17 02:27:27.487120830,beauty,web,22.14,0
145,2026-03-01 09:04:44.300305860,apparel,web,31.07,0
145,2026-03-17 16:49:51.677257881,apparel,web,19.13,0
145,2026-05-02 21:38:15.386837718,electronics,web,65.8,0
145,2026-05-13 04:49:03.774620499,grocery,store,29.99,0
145,2026-05-17 18:00:38.030551903,home,mobile_app,14.36,0
146,2024-10-01 05:25:43.284624520,apparel,store,71.03,0
146,2024-10-27 17:31:20.335263027,apparel,mobile_app,83.67,0
146,2024-11-30 10:03:06.951309184,grocery,web,14.09,0
146,2024-12-18 00:48:42.870413788,home,mobile_app,234.02,0
146,2025-07-09 20:08:02.163897747,grocery,web,101.86,0
146,2026-04-02 03:00:16.091027275,grocery,web,27.91,0
146,2026-07-04 22:04:03.888592044,home,web,67.64,0
146,2026-07-26 08:24:31.534547280,electronics,mobile_app,22.82,0
146,2026-07-31 02:03:34.719463377,grocery,web,66.66,0
147,2026-07-15 00:54:33.498434486,electronics,mobile_app,37.76,0
148,2026-04-03 09:46:37.999673101,home,web,28.75,0
148,2026-06-02 12:08:17.400853015,home,web,6.59,0
149,2025-06-10 21:27:38.267176128,sports,mobile_app,85.45,0
149,2025-07-09 08:45:00.689876946,apparel,store,16.22,0
149,2025-07-11 17:33:13.901519912,apparel,mobile_app,17.69,0
149,2025-08-02 19:59:16.221742268,sports,mobile_app,26.02,0
149,2025-09-20 23:52:39.129284430,electronics,mobile_app,51.44,0
149,2025-11-11 10:09:03.218653008,apparel,store,3.06,1
149,2026-02-22 23:08:56.139262896,electronics,web,37.43,0
149,2026-02-23 13:36:28.184188908,electronics,mobile_app,57.99,0
149,2026-03-09 08:00:47.835760522,grocery,mobile_app,50.57,0
149,2026-05-01 22:04:45.989199417,home,web,6.06,0
149,2026-06-30 12:52:10.606851884,beauty,store,58.29,0
149,2026-07-08 19:54:53.066140005,beauty,web,19.69,1
149,2026-07-10 06:15:36.384292294,apparel,web,122.32,0
150,2026-06-03 04:44:38.750009859,beauty,mobile_app,14.01,0
150,2026-06-06 14:45:53.713357993,apparel,store,147.04,0
150,2026-06-12 04:31:56.088419472,grocery,mobile_app,90.75,0
150,2026-07-19 02:22:14.308941021,beauty,store,53.11,0
151,2024-09-25 00:56:21.342025015,apparel,web,35.03,0
151,2024-11-05 08:03:47.981174968,electronics,mobile_app,351.84,1
151,2024-11-16 15:18:17.221304040,beauty,store,52.26,0
151,2024-12-07 14:52:05.089313813,sports,web,7.98,0
151,2025-03-21 10:56:44.576442223,beauty,mobile_app,66.52,0
151,2025-07-15 22:34:48.217429823,sports,mobile_app,11.72,0
151,2025-08-22 07:28:30.483173439,sports,web,40.26,0
151,2025-10-18 13:36:18.173666748,sports,mobile_app,41.05,0
151,2025-11-16 15:09:49.619273674,home,mobile_app,141.69,0
151,2025-12-07 00:45:12.512621431,sports,store,47.53,0
151,2026-01-19 00:16:52.920051788,grocery,web,17.88,0
151,2026-01-23 01:57:58.144747675,electronics,mobile_app,17.81,0
151,2026-02-05 03:39:01.923210300,electronics,mobile_app,34.08,0
151,2026-03-08 04:41:18.830244823,apparel,web,28.17,0
151,2026-03-09 03:53:00.438081268,electronics,web,69.13,0
151,2026-03-22 14:21:00.343808206,beauty,store,14.71,0
151,2026-05-09 05:49:22.773492057,electronics,web,42.17,0
151,2026-05-30 19:48:14.839105012,grocery,mobile_app,51.84,0
151,2026-06-28 00:12:47.254071295,sports,web,25.47,0
151,2026-07-31 22:04:22.752242925,apparel,mobile_app,36.3,0
152,2026-06-03 07:13:35.522036789,beauty,store,18.44,0
152,2026-06-07 05:04:58.493421025,sports,mobile_app,44.57,0
152,2026-07-21 19:18:55.185584951,home,web,96.83,0
153,2025-04-23 03:21:04.333637927,home,store,95.8,0
153,2025-05-15 12:24:09.775347385,sports,web,87.54,0
153,2025-05-27 07:25:43.679398654,beauty,web,8.36,0
153,2025-05-31 03:14:19.519671132,electronics,web,45.95,0
153,2025-07-07 19:49:20.441597025,apparel,web,56.34,0
153,2025-07-21 12:21:49.604892365,electronics,mobile_app,132.57,0
153,2025-07-31 03:26:42.927228819,sports,store,47.38,0
153,2025-08-08 22:14:18.990012031,sports,web,30.73,0
153,2025-09-24 19:55:39.301956544,grocery,mobile_app,25.86,0
153,2025-11-03 21:34:50.630522929,grocery,store,8.57,0
153,2025-11-26 09:57:19.237134845,electronics,store,93.83,0
153,2026-01-03 19:36:53.733690294,beauty,mobile_app,4.56,0
153,2026-04-13 08:34:16.471355137,home,web,16.92,0
153,2026-07-05 08:33:49.354131799,apparel,mobile_app,44.81,0
154,2026-02-14 23:49:48.320775918,sports,web,27.95,0
154,2026-04-10 03:15:54.241985719,grocery,web,96.7,0
154,2026-06-19 21:10:35.092273279,beauty,mobile_app,37.2,0
155,2025-08-14 10:21:17.768426743,home,web,6.19,0
155,2025-08-22 14:51:00.602937813,electronics,mobile_app,3.0,0
155,2025-10-30 23:25:43.002764997,electronics,web,109.32,0
155,2026-01-05 22:31:35.637885840,electronics,mobile_app,317.25,0
155,2026-01-13 01:36:03.506043523,grocery,web,58.8,0
155,2026-02-08 21:41:14.190269419,apparel,web,23.04,0
155,2026-03-11 20:54:30.434179073,beauty,web,14.99,0
155,2026-04-06 02:44:39.603488355,electronics,mobile_app,104.56,0
155,2026-06-27 14:59:43.620437818,grocery,web,14.27,0
155,2026-06-30 06:07:00.095203235,sports,mobile_app,55.61,1
155,2026-07-30 21:48:32.960324526,apparel,web,46.47,0
156,2025-02-14 16:03:38.133148724,home,mobile_app,56.45,0
156,2025-02-28 04:25:01.169673094,sports,web,138.72,0
156,2025-03-14 05:11:25.280495495,grocery,web,42.3,0
156,2025-04-26 17:37:50.113137934,apparel,mobile_app,28.22,0
156,2025-05-26 18:57:56.609715065,electronics,mobile_app,24.45,0
156,2025-06-04 20:29:39.098415976,home,store,27.1,0
156,2025-08-04 00:49:52.039075106,home,web,57.63,0
156,2025-08-17 06:34:53.721952254,grocery,mobile_app,144.02,0
156,2025-09-13 02:16:54.611573592,sports,web,33.42,1
156,2025-10-19 19:43:23.385671527,sports,store,140.35,0
156,2025-10-21 06:29:33.557679909,home,store,70.56,0
156,2025-11-14 04:12:18.082424431,sports,mobile_app,12.98,0
156,2025-11-29 16:57:20.541430639,sports,mobile_app,19.96,0
156,2025-12-22 02:48:37.601312369,apparel,web,89.45,0
156,2026-01-16 21:30:18.165973928,beauty,mobile_app,7.74,1
156,2026-06-02 20:54:02.036986866,beauty,mobile_app,10.59,0
157,2026-04-04 03:03:18.709464713,sports,web,9.31,0
157,2026-05-25 14:37:11.519189326,home,store,25.8,1
157,2026-06-07 04:56:22.559098869,home,store,50.88,0
157,2026-06-13 07:00:00.835512489,electronics,mobile_app,46.13,0
157,2026-07-14 09:09:23.354026169,beauty,web,19.07,0
157,2026-07-16 03:21:43.662843467,sports,store,55.42,0
157,2026-07-19 07:28:05.402953333,electronics,web,36.32,0
158,2025-11-19 18:02:34.996148774,grocery,web,55.11,0
158,2025-12-13 13:16:08.281088069,grocery,mobile_app,36.26,1
158,2026-01-20 05:33:16.678101978,sports,store,18.95,0
158,2026-02-07 18:37:07.147723406,sports,store,239.02,0
158,2026-05-01 11:12:55.731139296,home,web,53.84,0
159,2025-06-21 13:43:47.563662856,apparel,web,5.82,0
159,2025-06-23 15:37:08.123481046,electronics,web,18.46,0
159,2025-07-12 12:29:59.917220806,electronics,web,27.28,0
159,2025-07-16 04:08:57.173003978,grocery,store,73.38,0
159,2025-09-28 20:17:50.161064920,home,mobile_app,10.76,0
159,2025-11-14 08:26:13.533679248,home,store,68.62,0
159,2026-04-23 03:04:23.156941092,home,mobile_app,11.38,1
160,2025-02-02 15:41:26.153958852,sports,web,27.3,0
160,2025-03-25 10:46:13.992644911,home,web,157.34,0
160,2025-04-12 08:10:37.575790464,grocery,mobile_app,16.59,0
160,2025-04-28 18:27:45.444170846,grocery,mobile_app,145.72,0
160,2025-05-09 02:11:48.148321275,grocery,store,40.69,1
160,2025-06-02 15:38:55.879844113,grocery,web,74.28,0
160,2025-08-08 10:36:17.919513329,apparel,store,119.05,0
160,2025-10-13 05:17:37.139459914,apparel,store,32.6,0
160,2025-11-27 22:48:23.388040777,sports,web,72.86,0
160,2026-03-09 18:59:05.643002755,sports,web,55.24,0
160,2026-03-24 23:01:45.919378365,beauty,web,33.33,0
160,2026-05-29 03:47:28.234889022,sports,store,29.58,0
160,2026-06-16 16:30:18.596327242,apparel,mobile_app,35.27,0
160,2026-07-20 01:46:44.005425387,apparel,store,18.04,0
161,2025-05-09 21:23:12.630872530,sports,web,36.45,0
161,2025-06-14 09:50:48.667593060,apparel,mobile_app,33.04,0
161,2025-06-30 19:19:48.551437108,electronics,web,35.69,0
161,2025-08-30 22:22:52.221300632,beauty,web,59.49,0
161,2025-09-26 19:50:53.840167466,grocery,mobile_app,75.41,0
161,2025-11-22 13:29:05.658155195,home,mobile_app,56.72,0
161,2025-12-08 20:10:07.255671952,apparel,store,41.63,0
161,2025-12-20 05:56:40.709023458,electronics,web,39.26,0
161,2026-02-13 01:33:31.821664084,beauty,web,59.53,0
161,2026-04-08 23:07:50.090682801,sports,web,64.03,0
161,2026-05-08 18:07:05.937670163,grocery,web,112.57,0
161,2026-06-14 14:45:37.079006098,apparel,web,85.37,0
162,2025-08-06 14:49:06.381904913,grocery,mobile_app,22.7,0
162,2025-12-18 07:32:14.986232152,home,mobile_app,7.45,0
162,2026-05-26 13:29:37.360603680,grocery,mobile_app,37.36,0
163,2025-10-04 00:57:59.270680046,grocery,mobile_app,58.66,0
163,2025-10-17 12:02:08.394550803,apparel,mobile_app,36.4,0
163,2025-11-03 00:57:08.120544354,home,web,15.95,1
163,2025-12-01 12:14:39.456821994,grocery,mobile_app,10.58,0
163,2026-01-18 16:23:59.443025413,grocery,mobile_app,54.17,0
163,2026-02-02 09:20:48.527816681,home,web,31.56,0
163,2026-02-03 08:24:28.213976074,home,web,119.27,0
163,2026-03-29 01:54:22.189687598,sports,mobile_app,91.8,0
163,2026-06-03 20:28:14.316082079,sports,mobile_app,81.83,0
163,2026-06-13 11:17:34.673081099,grocery,mobile_app,27.48,0
164,2025-08-02 17:47:44.159868799,beauty,web,48.3,0
164,2025-12-04 03:10:16.830021686,sports,web,51.42,0
164,2025-12-14 08:29:24.339635843,grocery,web,39.83,0
164,2025-12-16 04:30:12.662606284,electronics,mobile_app,30.72,0
164,2026-03-08 20:52:28.185470161,beauty,mobile_app,10.0,0
164,2026-04-28 17:15:23.697249771,grocery,web,33.45,0
164,2026-06-01 22:56:54.620406203,beauty,web,35.48,0
164,2026-06-03 21:47:08.220567961,electronics,web,71.65,0
164,2026-06-21 19:29:16.904890922,grocery,store,3.78,0
164,2026-07-13 16:53:55.276711786,electronics,store,42.26,0
165,2026-01-07 04:43:19.837408484,electronics,web,51.48,0
165,2026-03-02 21:21:48.135145015,sports,mobile_app,31.0,0
165,2026-03-03 05:39:10.746691955,grocery,web,33.68,0
165,2026-03-11 02:32:40.095526189,sports,store,30.22,0
165,2026-04-13 21:54:13.012443211,beauty,mobile_app,44.59,0
165,2026-05-11 11:54:55.109649359,apparel,web,55.8,0
165,2026-06-21 19:35:00.822585118,sports,mobile_app,25.16,0
166,2026-01-29 01:25:20.589975656,apparel,mobile_app,5.26,0
166,2026-02-12 19:27:12.999072096,grocery,store,34.47,0
166,2026-02-17 02:58:51.972588688,home,mobile_app,213.91,0
166,2026-02-27 05:37:26.104461834,electronics,mobile_app,52.43,0
166,2026-02-28 17:19:57.503313230,electronics,mobile_app,12.2,0
166,2026-03-12 20:06:08.466474474,apparel,store,41.91,0
166,2026-03-17 15:16:41.844695273,apparel,mobile_app,41.99,0
166,2026-05-12 05:02:27.189083314,beauty,web,156.07,0
166,2026-06-05 13:47:04.204633661,home,store,3.89,0
166,2026-06-09 11:51:14.631445887,sports,web,5.87,0
166,2026-07-10 00:56:52.780475061,grocery,mobile_app,625.89,0
166,2026-07-15 00:58:30.695243469,home,mobile_app,14.33,0
167,2025-12-08 15:29:53.875232120,home,store,22.13,0
167,2025-12-21 09:28:40.188877450,grocery,store,9.25,0
167,2026-01-27 05:14:50.520036956,beauty,web,5.0,0
167,2026-01-29 16:40:45.617204286,grocery,web,19.59,0
167,2026-02-03 06:14:17.377454974,electronics,mobile_app,15.4,0
167,2026-02-08 01:57:02.871867822,sports,mobile_app,37.45,0
167,2026-02-21 19:44:03.032674256,beauty,web,45.92,0
167,2026-03-14 20:54:17.910262052,apparel,mobile_app,13.29,0
167,2026-06-09 16:03:14.700630134,home,web,25.89,0
167,2026-06-30 16:18:26.328896367,beauty,web,42.73,0
168,2026-06-13 01:33:48.668748901,home,web,100.58,0
168,2026-06-14 18:19:46.323682191,grocery,web,67.96,0
168,2026-07-21 20:36:53.241908772,apparel,mobile_app,40.72,0
169,2025-11-25 00:03:10.694204122,beauty,mobile_app,22.02,0
169,2026-03-17 19:15:46.696936197,electronics,web,13.06,0
169,2026-04-13 13:39:17.930179285,home,web,14.66,0
169,2026-07-10 18:37:17.607390652,apparel,web,29.1,0
170,2026-07-16 17:22:02.562375591,home,web,8.97,0
171,2026-05-02 19:38:56.364632676,grocery,mobile_app,13.72,0
171,2026-06-09 12:36:35.016102723,sports,store,22.88,0
172,2026-06-25 18:18:09.307131881,apparel,store,48.23,0
172,2026-06-28 09:49:57.669446027,sports,web,265.91,0
172,2026-07-10 04:37:03.144925897,grocery,web,7.85,0
173,2026-03-11 15:56:47.837691203,electronics,mobile_app,135.87,0
173,2026-03-28 02:59:23.781970151,grocery,web,95.15,0
173,2026-04-07 06:43:12.384320359,grocery,web,8.09,0
173,2026-05-31 05:59:10.439950054,grocery,web,17.36,0
173,2026-06-06 20:49:26.867855286,electronics,web,21.93,0
173,2026-06-29 09:35:37.828729594,grocery,mobile_app,23.53,0
173,2026-07-26 06:56:30.501662833,apparel,web,63.17,0
173,2026-07-28 20:50:58.835925163,grocery,web,22.5,0
173,2026-07-31 15:53:13.803344209,sports,web,53.87,1
174,2025-09-08 19:41:09.772826733,electronics,mobile_app,8.86,0
174,2025-11-01 04:53:54.024675147,grocery,store,11.13,0
174,2025-11-20 18:15:37.662236093,sports,web,12.02,0
174,2026-01-07 17:23:15.203228580,home,web,42.22,1
174,2026-04-24 07:08:41.276841346,apparel,web,73.79,0
174,2026-06-25 15:29:50.023028573,grocery,mobile_app,38.21,0
174,2026-07-19 04:22:58.586109379,sports,web,50.49,1
175,2025-05-03 16:47:24.471088351,grocery,web,32.41,0
175,2025-05-21 00:08:53.853294938,apparel,web,24.47,0
175,2025-07-11 01:33:38.433239784,sports,store,3.0,0
175,2025-07-27 17:19:47.361711453,sports,store,11.85,0
175,2025-07-29 15:57:41.719346816,home,web,37.62,0
175,2025-08-21 11:30:30.679817527,home,mobile_app,116.24,0
175,2025-09-05 17:06:15.412033072,apparel,web,13.49,0
175,2025-09-11 18:55:34.308765308,sports,web,40.92,0
175,2025-12-03 01:05:00.156065004,grocery,web,27.39,0
175,2025-12-09 01:24:14.033242956,home,mobile_app,35.18,0
175,2026-01-19 05:51:56.352809567,apparel,mobile_app,8.72,1
175,2026-02-10 07:11:35.791392512,grocery,mobile_app,5.68,0
175,2026-04-01 16:37:15.967216126,beauty,web,64.52,0
175,2026-04-05 06:27:00.876311966,electronics,web,18.62,0
175,2026-06-28 09:29:47.250791814,apparel,mobile_app,112.3,0
176,2025-06-29 23:25:23.384110904,beauty,store,30.94,0
176,2025-07-18 08:57:42.381118325,home,web,68.23,0
176,2025-08-31 20:03:16.246563331,apparel,store,34.96,0
176,2025-09-05 10:07:27.660679583,apparel,web,28.72,0
176,2025-10-17 13:34:29.233664712,home,mobile_app,21.26,0
176,2025-11-01 13:22:58.436629603,grocery,web,35.22,0
176,2026-02-26 03:35:03.281465956,sports,web,5.9,0
176,2026-02-27 11:16:01.726904514,home,mobile_app,65.72,0
176,2026-06-25 21:32:01.345952815,sports,mobile_app,19.02,0
177,2026-01-20 15:42:44.667396513,electronics,mobile_app,38.02,0
177,2026-02-14 17:34:07.546669004,home,web,96.18,0
177,2026-02-20 09:18:00.122500530,home,web,52.8,0
177,2026-04-02 04:18:51.459220472,grocery,store,27.15,0
177,2026-05-04 16:49:36.925619123,beauty,web,32.9,0
178,2026-07-04 11:31:04.383520217,sports,mobile_app,97.91,0
178,2026-07-07 06:52:20.294527631,home,store,65.65,0
178,2026-07-20 06:19:01.029323908,sports,mobile_app,78.1,0
179,2026-01-04 00:24:15.133620419,home,store,4.86,0
179,2026-01-14 06:58:06.462849723,home,mobile_app,36.79,0
179,2026-01-23 10:58:09.152948891,home,mobile_app,37.09,0
179,2026-03-17 17:46:18.590141652,grocery,mobile_app,34.35,0
179,2026-04-12 01:40:30.165587254,apparel,web,57.08,0
179,2026-05-01 18:13:20.851267063,beauty,mobile_app,13.89,0
179,2026-05-25 12:38:47.942478929,home,web,32.1,0
179,2026-05-25 21:49:20.211943032,home,web,9.06,0
180,2025-07-31 18:38:22.677834204,grocery,store,21.93,0
180,2025-08-08 11:17:28.802925606,home,web,6.95,0
180,2025-08-13 11:18:01.923370615,grocery,mobile_app,79.37,0
180,2025-10-10 00:38:27.452527233,apparel,web,34.72,0
180,2025-10-18 09:49:22.189690612,electronics,web,101.71,0
180,2026-02-06 12:11:26.465014968,electronics,mobile_app,20.01,0
180,2026-04-06 02:38:34.463112551,apparel,mobile_app,88.42,0
180,2026-05-07 22:11:21.592954931,grocery,web,17.3,0
180,2026-06-29 16:35:08.667708418,home,web,13.54,0
181,2025-01-13 13:25:01.158263671,sports,web,52.49,0
181,2025-03-02 09:57:38.698470314,grocery,web,32.84,0
181,2025-06-16 09:29:35.561915492,electronics,store,15.8,0
181,2025-06-17 11:18:28.756376462,grocery,store,58.13,0
181,2025-07-10 08:30:24.086675448,electronics,store,27.45,0
181,2025-07-22 09:14:16.122763315,home,store,23.29,0
181,2025-11-28 01:31:14.394801847,electronics,web,12.05,0
181,2026-01-07 15:46:09.462762970,electronics,web,23.75,0
181,2026-02-07 06:51:00.340454849,sports,web,49.61,0
182,2026-04-04 13:54:10.173449572,apparel,mobile_app,51.45,0
182,2026-05-07 11:39:53.817566472,sports,mobile_app,82.07,0
182,2026-06-08 10:15:13.349459091,home,web,31.21,0
182,2026-07-10 06:10:14.438551896,beauty,mobile_app,30.96,0
182,2026-07-30 07:07:54.691485995,electronics,mobile_app,33.82,0
183,2025-11-13 16:16:26.327086286,sports,web,18.46,0
183,2026-01-28 00:03:12.234146305,apparel,mobile_app,414.9,0
183,2026-03-31 20:27:05.454279346,sports,web,30.86,0
183,2026-04-20 19:27:23.969877397,grocery,web,21.03,0
183,2026-05-19 06:41:02.299973977,home,web,131.27,0
183,2026-06-17 06:05:32.018328759,beauty,mobile_app,63.83,0
184,2025-09-21 04:10:56.864834809,beauty,web,23.32,0
184,2025-10-12 18:36:42.863028008,grocery,web,39.3,0
184,2025-11-19 07:41:40.388210904,sports,mobile_app,27.61,0
184,2025-12-26 18:31:03.498737564,apparel,mobile_app,24.61,0
184,2026-03-01 12:19:43.509502768,electronics,mobile_app,34.29,0
184,2026-05-27 19:55:40.746779274,electronics,mobile_app,5.73,0
184,2026-07-31 19:58:02.886497464,beauty,web,27.62,1
185,2026-03-06 12:20:30.940681745,apparel,mobile_app,41.66,0
185,2026-04-06 14:04:15.234309040,beauty,mobile_app,20.48,0
185,2026-07-16 14:24:41.448510839,apparel,web,5.49,0
185,2026-07-18 02:30:51.332531055,grocery,web,25.82,0
185,2026-07-21 12:57:29.347121454,beauty,mobile_app,124.74,0
186,2026-04-03 13:18:05.064571193,beauty,store,91.43,0
186,2026-05-24 08:11:03.219816406,home,mobile_app,87.89,1
186,2026-06-05 19:39:02.879363325,beauty,web,39.7,0
186,2026-07-23 17:17:30.379843032,grocery,web,10.07,0
187,2026-07-05 18:12:15.774604725,beauty,mobile_app,89.28,0
187,2026-07-21 23:28:22.620047760,beauty,mobile_app,6.29,0
188,2026-03-04 05:37:30.971256312,apparel,web,10.77,0
188,2026-03-13 22:23:17.352724264,electronics,web,102.94,0
188,2026-03-21 23:59:09.630066599,sports,store,104.89,0
188,2026-05-10 08:37:57.963145115,electronics,store,109.99,0
189,2025-12-23 19:57:06.762893688,home,web,173.76,0
189,2026-01-17 05:05:21.833552536,beauty,mobile_app,59.12,0
189,2026-03-20 17:55:17.210455208,apparel,web,14.07,0
189,2026-03-27 04:38:43.427439433,electronics,store,48.22,0
189,2026-04-08 15:56:28.840048256,home,web,5.29,0
189,2026-05-17 02:29:44.149012708,grocery,store,113.86,0
189,2026-07-03 06:36:50.939424090,apparel,store,10.05,0
190,2026-02-16 08:26:29.068575064,home,web,63.94,0
190,2026-04-08 13:51:12.019180168,beauty,mobile_app,15.01,1
190,2026-05-23 08:08:00.914495315,apparel,mobile_app,7.14,0
191,2025-04-01 15:07:37.553694042,beauty,web,35.61,0
191,2025-06-22 08:32:18.410107892,sports,mobile_app,70.42,0
191,2025-07-07 03:04:11.513947213,apparel,mobile_app,43.06,0
191,2025-10-03 15:07:33.345847514,grocery,mobile_app,22.72,0
191,2025-10-12 21:46:22.020510490,home,mobile_app,45.6,0
191,2025-11-06 10:09:00.884538078,home,mobile_app,486.9,0
191,2026-01-15 21:25:02.753932150,apparel,store,80.98,0
191,2026-05-27 07:13:12.802302941,electronics,web,27.88,0
192,2025-06-18 01:26:49.269314343,grocery,mobile_app,27.8,0
192,2025-06-26 12:57:36.246459802,grocery,web,14.66,0
192,2025-09-18 18:03:29.666677557,apparel,web,23.67,0
192,2025-09-21 12:55:05.941289698,grocery,mobile_app,50.06,0
192,2025-10-29 15:19:41.421931966,sports,web,31.89,0
192,2025-11-21 10:36:35.808122999,home,web,79.29,0
192,2026-01-02 01:11:49.570832153,home,web,115.84,0
192,2026-01-16 11:12:45.840625509,grocery,web,22.97,0
192,2026-01-16 19:48:19.225120228,home,web,11.44,0
192,2026-03-03 02:43:09.176113241,grocery,mobile_app,44.75,0
192,2026-05-14 20:00:11.413054896,home,web,35.05,0
192,2026-05-25 22:01:57.545815426,sports,web,104.59,0
192,2026-06-20 14:31:44.407798957,home,web,25.18,0
192,2026-07-31 04:23:15.803121532,electronics,web,16.2,1
193,2025-06-05 22:49:53.304402098,sports,store,64.34,0
193,2025-08-02 20:50:23.931892502,beauty,mobile_app,53.32,0
193,2025-08-09 19:27:00.718533723,electronics,web,30.85,0
193,2025-09-16 01:38:36.814320275,home,store,107.46,0
193,2025-11-20 17:10:07.939725134,home,mobile_app,17.03,0
193,2025-12-15 22:58:35.922498197,electronics,web,30.94,0
193,2026-01-26 15:57:19.863172743,grocery,web,19.5,0
193,2026-02-03 23:59:02.427239870,beauty,mobile_app,132.69,0
193,2026-04-19 12:18:28.279222157,grocery,mobile_app,89.84,0
194,2026-02-11 16:05:53.443918853,electronics,store,112.9,0
194,2026-04-13 01:37:34.601970044,home,web,4.04,0
194,2026-04-13 15:19:57.318231369,home,mobile_app,23.89,0
194,2026-05-13 01:48:09.730062931,grocery,mobile_app,44.0,0
194,2026-05-28 04:00:39.905944958,grocery,web,37.07,0
194,2026-06-30 10:46:21.859301917,beauty,web,95.77,0
195,2024-03-24 11:23:39.773455466,home,store,11.64,0
195,2024-04-23 01:10:10.130884427,beauty,web,27.23,0
195,2024-06-15 02:35:59.248405361,electronics,mobile_app,12.8,0
195,2024-08-09 04:59:00.441527848,grocery,web,35.54,0
195,2024-08-17 01:15:11.883859399,electronics,store,77.74,0
195,2024-09-23 01:43:02.759544817,beauty,store,29.78,0
195,2024-12-30 07:10:41.110839973,electronics,web,86.5,0
195,2024-12-31 13:34:14.288746466,home,mobile_app,8.24,0
195,2025-03-08 11:09:28.118060831,sports,mobile_app,28.94,0
195,2025-04-02 00:17:05.400824278,sports,mobile_app,14.81,0
195,2025-04-24 07:16:34.536797645,home,mobile_app,11.22,0
195,2025-04-29 02:27:11.787012395,sports,web,12.2,0
195,2025-06-30 18:18:13.169358640,grocery,web,3.0,0
195,2025-08-03 05:20:51.319997192,home,mobile_app,14.48,0
195,2025-12-09 12:20:28.740292104,sports,mobile_app,28.69,0
195,2025-12-23 06:09:14.500855613,grocery,store,42.24,0
195,2026-01-21 12:06:49.363805621,sports,mobile_app,12.82,0
195,2026-02-05 00:25:43.724645000,sports,web,139.84,0
195,2026-02-28 14:33:11.762978484,home,mobile_app,135.83,0
195,2026-05-13 17:10:11.769383378,beauty,mobile_app,36.9,0
195,2026-06-09 17:46:53.387317169,home,mobile_app,68.95,0
195,2026-06-15 21:12:48.418577053,home,mobile_app,46.1,0
195,2026-07-23 03:51:27.316978984,sports,mobile_app,4.83,0
196,2026-06-17 02:59:22.623280711,grocery,mobile_app,26.47,0
196,2026-06-28 15:12:14.899377693,electronics,mobile_app,152.06,0
196,2026-07-04 21:09:33.039525336,home,web,44.91,0
197,2025-10-21 01:52:32.037981540,home,web,14.26,0
197,2026-02-08 07:31:37.849549541,beauty,mobile_app,46.97,0
197,2026-02-21 22:51:48.995674638,beauty,mobile_app,91.7,0
197,2026-02-27 19:36:32.329422997,apparel,mobile_app,37.07,0
197,2026-03-13 13:27:47.919094684,beauty,web,33.42,0
197,2026-05-21 05:09:06.372201638,home,web,9.57,0
197,2026-06-15 22:31:21.590393051,grocery,web,56.7,0
197,2026-07-27 22:22:34.712801308,electronics,mobile_app,3.0,0
198,2026-05-06 18:10:40.097388922,grocery,web,5.95,0
198,2026-05-09 09:18:47.166238898,grocery,web,21.68,0
198,2026-05-23 20:58:12.044301730,home,mobile_app,24.56,0
198,2026-07-17 01:28:11.078096803,sports,store,17.79,0
199,2026-04-04 05:13:52.404349662,home,web,26.47,0
199,2026-04-16 01:06:42.361686087,grocery,web,86.73,0
199,2026-05-21 02:53:44.626042672,apparel,web,56.77,0
199,2026-05-22 02:57:31.001377911,beauty,web,51.51,0
199,2026-05-31 15:45:16.648481086,sports,mobile_app,115.21,1
199,2026-06-05 20:58:35.168482480,electronics,mobile_app,26.65,0
200,2024-12-13 01:07:40.903330970,home,mobile_app,42.86,0
200,2024-12-28 09:30:15.402628282,apparel,web,36.92,0
200,2024-12-29 01:25:26.865447390,home,mobile_app,81.86,0
200,2025-01-01 11:00:44.979355121,beauty,mobile_app,16.52,0
200,2025-03-11 17:24:19.450554780,beauty,mobile_app,24.9,0
200,2025-03-18 21:00:54.390494209,electronics,mobile_app,45.85,0
200,2025-05-01 17:50:52.987439326,sports,mobile_app,39.21,0
200,2025-05-27 05:24:15.008248176,grocery,mobile_app,81.31,0
200,2025-07-17 14:15:38.535987566,home,web,59.17,0
200,2025-08-16 07:04:54.305945948,beauty,web,81.27,0
200,2025-09-21 17:34:40.728063337,electronics,store,33.41,0
200,2026-02-24 03:16:08.277018704,sports,web,20.01,0
200,2026-03-06 14:43:18.305652142,home,mobile_app,96.1,0
200,2026-04-29 12:06:40.325337280,home,mobile_app,21.11,0
200,2026-05-16 03:36:35.059877664,electronics,web,48.0,0
201,2025-12-27 19:43:18.377445225,home,mobile_app,29.98,0
201,2025-12-31 03:42:34.294004462,sports,mobile_app,22.97,0
201,2026-01-18 20:20:30.786986925,electronics,store,6.59,0
201,2026-02-09 11:14:26.083022410,sports,web,22.47,0
201,2026-02-09 18:00:48.918580293,home,web,126.84,1
201,2026-05-26 11:54:38.031394896,grocery,mobile_app,815.22,0
202,2024-09-18 05:29:00.046798057,electronics,web,125.01,0
202,2024-09-23 19:59:55.972389961,home,store,9.42,0
202,2025-01-22 02:01:16.571617531,apparel,web,23.78,0
202,2025-04-05 22:07:31.080739282,apparel,mobile_app,36.06,0
202,2025-07-28 12:56:36.521888672,beauty,store,684.68,0
202,2025-11-21 22:06:26.653231299,home,web,84.35,0
202,2025-12-23 18:01:48.390554689,home,store,29.92,0
202,2026-04-23 21:28:40.909739659,home,web,35.87,0
202,2026-05-07 01:50:29.898012057,sports,web,20.53,0
203,2025-10-25 03:30:23.153717080,beauty,web,33.26,0
203,2025-11-07 04:16:56.870411639,grocery,mobile_app,14.38,0
203,2025-11-15 07:23:54.976542144,beauty,web,37.98,0
203,2025-12-12 10:08:38.869885073,home,mobile_app,31.51,0
203,2026-01-08 02:00:27.805972081,home,mobile_app,37.1,0
203,2026-01-25 22:34:59.237259088,home,web,6.7,0
204,2026-04-03 03:37:12.387712360,electronics,web,33.87,0
204,2026-05-09 19:20:51.652648974,electronics,web,21.62,0
204,2026-06-03 03:16:55.214697237,home,web,61.6,0
204,2026-06-05 18:54:14.126837910,sports,web,153.04,0
204,2026-07-13 20:29:54.848546711,sports,web,50.47,0
205,2026-01-13 19:09:51.263367000,apparel,mobile_app,7.38,0
205,2026-01-21 05:28:34.946736364,sports,store,18.52,0
205,2026-03-22 19:34:19.885657371,sports,web,171.38,0
205,2026-03-26 08:12:20.583967470,electronics,mobile_app,58.89,0
205,2026-04-24 08:08:58.700194199,apparel,store,33.82,0
205,2026-05-06 01:38:13.627405894,grocery,web,41.75,0
205,2026-06-24 15:18:25.870008554,electronics,mobile_app,23.12,0
206,2025-12-26 04:34:24.782638904,electronics,mobile_app,54.43,0
206,2026-01-03 07:31:47.078809672,home,web,52.26,0
206,2026-01-12 01:58:24.757521096,sports,mobile_app,48.44,0
206,2026-03-22 01:11:36.589650709,beauty,web,95.95,0
206,2026-07-10 10:36:07.655710614,home,mobile_app,38.92,1
207,2025-09-10 16:38:52.111193499,home,web,42.5,0
207,2025-11-09 19:44:25.114553918,apparel,web,45.56,0
207,2026-02-17 22:31:00.944194835,home,mobile_app,42.91,0
207,2026-02-19 06:39:21.952890551,home,mobile_app,43.91,0
207,2026-04-05 10:13:15.911580778,sports,mobile_app,110.47,0
207,2026-04-15 16:15:11.675382429,grocery,web,71.81,0
207,2026-04-16 04:36:22.341150055,apparel,mobile_app,105.86,0
208,2024-08-24 11:06:03.464843395,sports,web,80.25,0
208,2024-10-05 19:30:14.168823662,electronics,mobile_app,38.37,0
208,2024-12-29 23:12:10.020077424,apparel,mobile_app,34.34,0
208,2025-06-04 06:00:50.764882534,beauty,web,132.19,0
208,2025-11-04 18:10:57.896191529,apparel,store,25.81,0
208,2025-12-14 10:06:50.853887119,sports,web,42.58,0
208,2026-02-16 02:07:48.723310578,beauty,store,35.94,0
208,2026-06-12 14:55:57.603399742,beauty,mobile_app,42.92,0
209,2026-04-28 03:00:00.661574132,beauty,mobile_app,63.26,0
209,2026-04-29 22:23:56.784008536,grocery,mobile_app,14.52,0
209,2026-06-21 17:22:01.494006647,electronics,mobile_app,11.48,0
210,2025-09-14 04:18:23.165879881,beauty,web,49.9,0
210,2025-10-13 06:41:30.398992769,grocery,web,43.63,0
210,2026-01-06 05:24:36.425316013,sports,web,35.12,0
210,2026-02-24 04:32:19.353343782,beauty,web,53.99,0
210,2026-03-03 22:40:19.281225922,sports,web,13.91,0
210,2026-03-05 18:35:45.128966378,beauty,web,22.51,0
210,2026-04-21 03:13:16.638165264,grocery,web,25.86,0
210,2026-06-04 00:28:13.117852581,apparel,web,27.29,0
210,2026-06-10 10:14:50.175726939,sports,web,36.26,0
211,2026-06-07 00:16:48.448927759,apparel,mobile_app,38.58,0
211,2026-07-27 07:19:07.304086802,electronics,mobile_app,19.99,0
212,2025-10-13 08:29:10.310144589,grocery,mobile_app,121.51,0
212,2025-11-19 22:18:55.831157983,sports,web,208.42,0
212,2025-12-07 15:44:23.643305814,sports,mobile_app,49.14,0
212,2025-12-13 04:49:22.988510429,electronics,web,67.44,0
212,2026-01-03 23:00:07.185609375,apparel,store,39.68,0
212,2026-02-06 09:56:10.037867390,apparel,store,13.97,0
212,2026-03-04 15:55:02.133698852,sports,mobile_app,129.71,0
212,2026-04-24 08:32:18.146161292,grocery,mobile_app,18.55,0
212,2026-04-30 01:12:35.271021344,grocery,mobile_app,10.36,0
212,2026-05-01 02:34:14.605915988,apparel,store,24.41,0
212,2026-05-14 20:10:09.281137527,electronics,web,58.01,0
212,2026-05-25 10:50:47.191414054,home,mobile_app,5.6,0
212,2026-05-27 05:59:41.587931913,beauty,mobile_app,26.08,0
212,2026-07-11 00:27:49.367900313,beauty,web,68.73,0
212,2026-07-21 12:06:36.072765879,beauty,web,10.56,1
213,2024-11-19 03:52:22.578877379,electronics,web,93.39,0
213,2025-01-17 20:34:52.808783826,electronics,mobile_app,50.23,0
213,2025-02-07 03:08:41.824260641,grocery,web,25.64,0
213,2025-02-10 18:31:41.403147160,sports,web,92.73,0
213,2025-02-13 16:47:38.011139451,home,store,25.18,0
213,2025-04-11 22:19:31.746285927,beauty,web,16.58,1
213,2025-05-12 22:26:10.746373817,home,mobile_app,28.59,0
213,2025-10-09 20:07:13.588618861,beauty,web,21.64,1
213,2025-12-12 19:04:02.205229368,beauty,web,130.63,0
213,2026-01-08 17:05:31.888382024,home,store,14.0,0
213,2026-01-14 03:32:56.307699183,sports,mobile_app,70.1,0
213,2026-02-20 14:01:36.198910189,apparel,web,10.6,0
213,2026-04-28 02:48:36.440795777,apparel,web,22.95,0
213,2026-06-08 05:21:55.950939271,grocery,web,31.64,0
213,2026-07-31 20:05:01.219486376,electronics,mobile_app,12.4,0
214,2026-01-30 08:06:52.345671596,electronics,mobile_app,41.98,0
214,2026-02-11 13:04:24.767217414,apparel,store,64.41,0
214,2026-03-19 02:41:03.548880886,grocery,web,34.68,0
214,2026-04-10 03:17:03.064856448,grocery,mobile_app,39.12,0
214,2026-04-10 19:23:21.136291141,apparel,mobile_app,228.23,0
214,2026-04-14 16:56:23.616120547,home,mobile_app,17.72,0
214,2026-07-15 01:24:23.687054681,beauty,web,36.48,0
214,2026-07-21 09:43:36.575502661,electronics,store,23.53,0
215,2025-10-20 20:08:13.909752900,sports,mobile_app,43.62,0
215,2025-11-20 17:28:33.381060485,electronics,mobile_app,19.45,0
215,2025-12-27 10:56:37.496198095,electronics,web,180.45,0
215,2026-01-21 12:46:17.796433049,electronics,web,70.69,0
215,2026-04-28 09:00:22.853091549,apparel,store,25.34,0
215,2026-05-01 17:46:24.509402248,apparel,web,31.43,0
215,2026-06-01 04:13:31.394391624,home,store,28.69,0
215,2026-06-28 23:26:10.422515749,electronics,mobile_app,7.52,0
216,2026-05-29 17:54:24.892098299,home,store,49.43,0
216,2026-07-09 12:58:19.788255601,sports,web,9.02,0
216,2026-07-25 01:29:38.985837697,grocery,mobile_app,14.03,0
217,2026-05-27 17:55:21.136967835,sports,web,32.54,0
217,2026-07-02 17:22:53.659400996,grocery,mobile_app,41.65,0
217,2026-07-13 19:44:00.930038102,beauty,store,3.0,0
217,2026-07-15 13:07:31.601290461,apparel,mobile_app,126.4,0
218,2026-06-01 11:03:05.641903795,apparel,store,34.72,0
219,2026-01-04 08:13:10.016938500,apparel,mobile_app,35.74,0
219,2026-02-12 06:10:56.133872343,beauty,mobile_app,95.44,0
219,2026-03-14 08:01:56.626916981,grocery,mobile_app,3.0,1
219,2026-04-30 06:39:32.552444780,home,web,10.56,0
219,2026-06-29 04:29:11.125502690,sports,store,9.65,0
220,2025-02-07 10:27:12.760586496,home,store,52.13,0
220,2025-02-25 14:29:46.136932878,electronics,web,15.5,0
220,2025-03-30 22:35:42.677646352,home,web,32.94,0
220,2025-04-11 03:22:46.122498768,electronics,web,15.21,0
220,2025-05-02 08:27:59.990516799,grocery,mobile_app,83.72,0
220,2025-06-23 14:32:06.896889016,sports,mobile_app,15.04,0
220,2025-06-24 02:43:04.495199368,beauty,store,35.74,0
220,2025-07-25 20:17:27.941499851,electronics,mobile_app,61.4,0
220,2025-07-29 08:36:15.472522824,sports,web,48.02,0
220,2025-09-29 11:32:11.995260343,beauty,store,158.76,0
220,2025-10-06 15:22:36.565372972,grocery,store,32.1,0
220,2025-10-18 21:06:21.994743606,grocery,store,22.65,0
220,2025-12-02 10:07:17.118353482,home,store,21.41,0
220,2026-03-05 03:19:37.906756450,home,web,24.84,0
220,2026-04-27 13:26:55.040898270,electronics,store,68.05,0
220,2026-05-24 16:18:58.732494434,home,store,98.2,0
221,2026-07-12 17:28:51.715982574,grocery,mobile_app,50.04,0
221,2026-07-20 03:13:38.454164305,sports,mobile_app,251.48,0
221,2026-07-25 06:30:50.374162524,sports,web,85.19,0
222,2025-06-25 02:46:26.410224081,sports,store,59.79,0
222,2025-07-03 13:07:45.172242668,sports,web,15.85,0
222,2025-10-20 18:34:34.326924647,home,web,95.16,0
222,2025-12-11 07:45:02.227564380,beauty,mobile_app,44.0,0
222,2026-03-05 03:44:14.278531362,electronics,web,116.51,0
222,2026-03-08 09:10:24.163308164,home,mobile_app,25.8,0
222,2026-03-19 04:38:47.123922472,sports,web,67.43,0
222,2026-04-11 12:37:42.674994734,sports,web,59.77,0
222,2026-05-21 11:49:25.320010285,beauty,store,14.13,0
223,2025-09-16 06:12:32.714909387,home,mobile_app,40.97,0
223,2025-09-20 00:10:00.559664637,home,mobile_app,52.52,0
223,2025-10-11 02:51:46.195173746,home,web,12.59,0
223,2026-03-12 02:50:48.711038260,grocery,web,159.56,0
223,2026-04-13 19:13:29.750591862,beauty,web,36.92,0
223,2026-04-15 13:53:08.227567490,grocery,mobile_app,28.47,0
223,2026-05-03 09:08:41.415766132,grocery,web,21.62,0
223,2026-05-10 11:19:30.277234558,beauty,mobile_app,125.55,0
223,2026-05-14 07:22:26.109193973,home,mobile_app,22.05,0
223,2026-06-05 07:00:07.066376940,sports,store,39.73,0
223,2026-06-11 08:03:40.570603915,home,mobile_app,17.3,0
223,2026-06-22 23:06:10.813567436,apparel,mobile_app,35.13,0
223,2026-06-24 10:39:23.531176141,beauty,mobile_app,35.95,0
223,2026-07-16 17:07:38.942602940,electronics,mobile_app,18.69,0
224,2026-04-23 16:38:23.986236564,sports,mobile_app,22.59,0
224,2026-05-05 23:14:07.680744436,grocery,web,24.0,0
224,2026-06-11 20:14:03.966961586,beauty,mobile_app,35.98,0
224,2026-07-16 10:26:31.702890826,home,mobile_app,40.53,0
224,2026-07-21 03:43:07.481350736,beauty,mobile_app,11.53,0
225,2025-03-02 23:13:30.050722621,home,mobile_app,81.95,0
225,2025-04-05 04:36:32.694483318,electronics,mobile_app,67.48,0
225,2025-04-13 16:34:02.100447446,electronics,web,152.83,0
225,2025-06-19 05:53:13.798838853,sports,web,52.89,0
225,2025-09-28 14:20:12.369122857,grocery,mobile_app,13.72,0
225,2025-12-13 15:29:53.571020977,beauty,mobile_app,20.37,0
225,2026-03-20 09:56:16.642676173,apparel,store,6.04,0
225,2026-07-13 20:11:30.089213051,apparel,web,157.45,0
226,2026-01-23 12:53:49.144692881,beauty,mobile_app,32.12,0
226,2026-04-02 14:44:48.087753634,apparel,web,49.15,0
226,2026-05-29 23:19:33.870916647,home,store,15.37,0
226,2026-07-19 02:37:56.143019664,home,web,8.27,0
227,2025-09-27 15:32:17.571545964,grocery,web,100.77,0
227,2025-11-12 05:06:30.275370925,home,store,79.89,0
227,2025-11-26 19:52:54.957123262,sports,web,93.67,0
227,2025-12-20 03:31:55.704020339,home,web,16.9,0
227,2025-12-24 13:19:09.125755228,electronics,web,14.32,0
227,2026-02-08 14:36:47.215076426,electronics,web,13.45,0
227,2026-02-19 00:58:59.189803611,beauty,mobile_app,10.23,0
227,2026-02-24 09:49:01.818983376,grocery,store,48.48,0
227,2026-02-27 03:11:49.233757419,apparel,mobile_app,139.94,0
227,2026-02-28 10:10:54.638568610,home,store,22.52,0
227,2026-03-19 02:47:57.680941941,sports,mobile_app,108.78,1
227,2026-06-15 05:28:11.445354573,electronics,mobile_app,38.47,0
228,2026-03-27 00:47:12.692658063,beauty,web,84.16,0
228,2026-04-19 21:24:00.972342242,home,web,20.57,0
228,2026-04-23 12:31:51.123405548,sports,web,14.23,0
228,2026-05-14 03:06:21.526856554,electronics,web,32.1,0
228,2026-05-16 16:00:14.256068328,electronics,web,55.52,0
228,2026-07-27 16:07:36.514124890,beauty,mobile_app,41.23,0
229,2025-12-27 23:40:04.119063511,grocery,mobile_app,46.98,0
229,2026-01-11 14:28:32.400510626,home,mobile_app,28.59,0
229,2026-03-02 08:59:17.764689351,electronics,mobile_app,25.17,0
229,2026-04-18 00:28:21.834521608,sports,mobile_app,45.92,0
229,2026-05-13 10:57:05.684721083,beauty,mobile_app,8.06,0
229,2026-06-18 08:16:29.913996977,beauty,mobile_app,41.02,0
229,2026-06-29 02:59:15.333556984,home,web,79.33,0
230,2026-06-14 22:22:24.233587280,grocery,store,44.75,0
230,2026-07-09 02:39:05.355053972,sports,store,17.13,0
231,2026-01-26 18:25:44.401249612,home,store,43.56,0
231,2026-04-21 08:16:02.303443955,apparel,web,56.69,0
231,2026-06-26 22:02:29.483368325,electronics,web,44.06,0
232,2024-09-27 21:46:30.780204687,beauty,store,113.8,0
232,2024-10-03 20:21:58.001616539,grocery,mobile_app,22.77,0
232,2024-10-07 19:03:23.765300597,grocery,web,283.1,0
232,2024-10-21 08:18:52.872375471,electronics,web,193.77,0
232,2024-12-17 20:47:23.313126826,apparel,web,19.75,0
232,2025-01-16 22:00:15.236394273,apparel,mobile_app,23.41,0
232,2025-03-04 22:30:20.592971004,apparel,web,12.16,0
232,2025-03-13 20:42:06.138075888,electronics,web,88.33,0
232,2025-06-07 14:23:59.288271274,home,store,136.51,0
232,2025-06-22 14:36:26.575933859,electronics,web,278.13,0
232,2025-07-20 14:34:36.597659558,grocery,web,29.78,0
232,2025-08-04 07:04:58.689780013,home,mobile_app,12.7,0
232,2025-08-11 21:27:02.674789474,apparel,web,73.48,0
232,2025-08-20 18:21:57.796942917,apparel,web,21.34,0
232,2025-09-27 23:01:12.905636820,electronics,mobile_app,18.26,0
232,2025-10-25 03:31:34.527724107,grocery,store,13.6,0
232,2025-11-19 14:14:16.743887192,beauty,web,7.49,0
232,2025-12-08 18:22:24.778614867,sports,store,15.11,0
232,2025-12-11 09:06:56.440670593,home,web,98.24,0
232,2026-05-08 05:09:31.879329432,electronics,mobile_app,61.9,0
232,2026-05-19 01:04:33.322056122,apparel,mobile_app,11.69,0
234,2025-10-22 17:24:22.833103375,beauty,store,55.4,0
234,2025-12-31 13:43:19.093916681,home,web,35.79,0
234,2026-01-14 10:06:16.722364384,sports,mobile_app,17.68,0
234,2026-01-20 06:58:54.335615290,beauty,web,13.28,0
234,2026-02-25 00:10:40.126169652,home,store,9.99,0
234,2026-03-30 09:30:00.850042847,apparel,mobile_app,12.38,0
234,2026-05-05 00:39:38.738790628,grocery,web,94.95,0
234,2026-05-08 03:25:12.904184183,grocery,mobile_app,44.09,1
234,2026-05-28 23:00:14.727710647,beauty,web,23.34,0
235,2025-08-14 21:35:21.516657191,home,web,24.5,0
235,2025-08-18 19:39:09.742520238,electronics,web,9.77,0
235,2025-10-05 21:53:51.463534131,apparel,mobile_app,17.95,0
235,2025-10-23 23:07:42.316810297,beauty,web,22.64,0
235,2025-11-23 09:36:28.607441519,electronics,mobile_app,26.35,0
235,2025-12-11 18:50:39.145700579,sports,mobile_app,21.26,0
235,2026-01-02 04:00:28.387933431,beauty,web,52.08,1
235,2026-01-12 16:48:45.019932599,apparel,mobile_app,23.94,0
235,2026-01-17 21:23:12.674160010,sports,mobile_app,17.76,0
235,2026-04-16 21:37:02.518724900,home,mobile_app,59.03,0
235,2026-05-05 10:20:10.076794489,sports,store,40.3,1
235,2026-05-24 11:29:01.621577213,beauty,web,64.17,0
236,2026-05-05 12:32:19.089661684,apparel,web,66.53,0
236,2026-05-30 14:51:32.827746261,electronics,store,166.9,0
236,2026-06-18 17:25:49.909510460,grocery,mobile_app,93.44,1
236,2026-07-02 20:59:22.530793313,electronics,mobile_app,44.1,0
236,2026-07-26 17:04:44.579642302,home,mobile_app,63.65,0
236,2026-07-27 03:33:30.216528199,beauty,web,16.55,0
236,2026-07-31 16:14:38.381666592,sports,mobile_app,18.21,0
237,2026-02-06 21:12:37.945582641,electronics,mobile_app,48.85,0
237,2026-04-22 02:24:47.824798940,electronics,store,19.51,0
237,2026-06-12 23:07:17.627692397,grocery,web,49.61,0
237,2026-06-15 12:45:18.596980124,grocery,store,25.89,0
237,2026-07-11 19:38:02.490067237,sports,web,31.98,0
237,2026-07-20 09:29:39.222494112,grocery,web,12.9,0
238,2025-12-09 18:46:38.876811094,home,mobile_app,47.71,0
238,2025-12-21 08:29:32.942789388,beauty,mobile_app,78.56,0
238,2025-12-22 14:24:17.269892367,home,mobile_app,66.94,0
238,2026-01-07 05:55:17.356678309,sports,mobile_app,192.0,0
238,2026-01-26 11:22:37.417398120,beauty,mobile_app,46.1,0
238,2026-03-03 07:38:05.665742221,grocery,mobile_app,15.78,0
238,2026-03-13 12:41:31.139934752,electronics,mobile_app,43.29,0
238,2026-04-23 00:04:32.128155051,home,mobile_app,14.2,0
238,2026-07-02 22:55:24.739859894,sports,web,21.58,0
238,2026-07-12 21:58:21.062975981,grocery,store,5.54,1
239,2026-03-13 02:34:17.430134045,grocery,store,175.6,0
239,2026-04-12 08:56:12.996694130,beauty,web,16.77,1
239,2026-04-15 02:44:58.609099499,sports,web,439.76,1
239,2026-05-07 04:29:47.236175002,grocery,web,14.66,1
239,2026-05-26 23:12:12.477719990,apparel,mobile_app,14.18,0
239,2026-06-25 00:38:07.945277517,sports,mobile_app,10.8,0
239,2026-07-04 02:48:42.898242474,apparel,mobile_app,87.86,0
240,2025-12-30 13:50:59.018614685,home,web,26.85,0
240,2026-03-23 20:37:29.037576870,electronics,mobile_app,23.86,0
240,2026-03-25 06:37:40.758145882,electronics,mobile_app,53.5,0
240,2026-05-18 17:36:07.244356156,beauty,mobile_app,48.56,0
240,2026-05-25 13:51:49.591265945,sports,web,5.76,0
240,2026-07-06 00:59:12.201121583,beauty,mobile_app,33.05,0
241,2026-04-20 22:04:45.583173711,grocery,mobile_app,16.81,0
241,2026-04-20 23:06:07.814331283,sports,web,12.86,0
241,2026-05-18 18:40:29.564010014,beauty,mobile_app,50.85,0
241,2026-06-28 04:33:46.327279525,beauty,web,70.72,0
241,2026-07-08 12:07:09.960436823,grocery,mobile_app,70.44,0
242,2025-07-06 01:41:07.400028708,apparel,mobile_app,52.32,0
242,2025-11-15 07:05:48.764128077,electronics,mobile_app,5.84,0
242,2026-01-04 10:29:07.617958921,grocery,mobile_app,11.6,0
242,2026-01-30 14:47:51.273949189,beauty,web,31.11,0
242,2026-03-06 10:28:03.629250161,apparel,mobile_app,144.51,0
242,2026-03-19 08:10:07.463057103,electronics,mobile_app,21.12,0
244,2025-11-28 08:11:59.761032058,sports,web,7.24,1
244,2025-12-28 16:22:33.329730170,beauty,web,16.99,0
244,2026-01-20 20:59:41.649512744,electronics,web,38.05,0
244,2026-02-01 12:54:59.930105982,apparel,web,39.65,0
244,2026-05-07 21:31:52.209433399,beauty,web,11.91,0
244,2026-05-31 08:56:06.440200582,electronics,web,47.84,0
244,2026-07-24 02:52:32.969737036,electronics,web,41.15,0
245,2026-03-24 23:31:41.180799876,beauty,web,13.43,0
245,2026-04-09 12:02:39.308895865,apparel,web,23.57,0
245,2026-05-16 01:27:31.520052309,grocery,mobile_app,6.47,0
245,2026-06-07 02:24:03.345470917,sports,store,28.84,0
245,2026-06-14 23:56:56.592063814,apparel,store,7.02,0
245,2026-06-18 10:07:50.551219008,sports,web,18.41,1
245,2026-06-29 08:39:44.794141555,sports,mobile_app,18.44,0
245,2026-07-18 11:59:26.584478022,home,mobile_app,6.16,0
247,2024-10-30 16:51:05.720923924,apparel,web,15.86,0
247,2024-12-14 10:10:26.037935438,apparel,store,23.92,0
247,2025-03-13 15:35:20.754288016,apparel,web,15.86,0
247,2025-04-01 01:53:23.297568795,electronics,store,35.57,0
247,2025-06-16 16:58:48.537683660,sports,mobile_app,50.47,1
247,2025-06-21 17:31:49.306919806,beauty,mobile_app,81.42,0
247,2025-07-10 18:44:18.574270129,grocery,web,29.62,1
247,2025-09-24 22:36:29.994368735,grocery,mobile_app,8.51,0
247,2025-10-27 02:27:25.456158012,home,mobile_app,126.54,0
247,2025-12-19 19:17:18.344191200,sports,mobile_app,38.78,0
247,2026-01-31 13:42:47.953817283,home,mobile_app,68.2,0
247,2026-02-02 06:05:03.190598353,beauty,web,28.18,0
247,2026-03-04 00:46:43.844877976,apparel,store,16.98,0
247,2026-04-18 14:44:08.150016668,grocery,mobile_app,17.74,1
248,2025-12-14 15:28:31.933241346,beauty,web,39.51,0
248,2025-12-17 16:11:16.111947285,electronics,web,36.58,0
248,2026-07-25 08:17:06.176382859,apparel,mobile_app,60.39,0
249,2024-10-16 18:19:16.955524045,home,web,46.92,0
249,2024-10-30 09:43:56.819898964,grocery,web,40.37,0
249,2025-01-20 10:46:10.085260466,beauty,web,64.9,0
249,2025-02-27 10:23:21.331021215,home,store,12.29,0
249,2025-03-26 03:56:51.231708439,beauty,store,16.64,0
249,2025-03-29 05:52:36.068630068,grocery,mobile_app,23.98,0
249,2025-03-30 05:49:49.283283504,electronics,mobile_app,106.71,0
249,2025-05-29 08:03:18.096699235,sports,web,43.11,0
249,2025-06-01 20:59:45.930232513,apparel,web,41.53,0
249,2025-08-01 16:44:47.827343945,home,store,33.41,0
249,2025-08-19 17:51:23.406029940,sports,web,354.73,0
249,2025-09-20 20:05:39.886417341,grocery,mobile_app,42.99,0
249,2025-09-21 23:38:08.598857511,electronics,mobile_app,10.8,0
249,2025-10-20 02:09:36.366528923,electronics,web,156.85,0
249,2025-11-13 04:51:59.103634752,beauty,web,102.72,0
249,2026-01-29 11:05:02.400443014,sports,web,33.59,0
249,2026-02-04 16:11:57.220259600,grocery,store,128.81,0
249,2026-02-23 03:27:23.260304555,grocery,store,87.1,0
249,2026-03-29 11:48:39.894842160,electronics,mobile_app,30.0,0
249,2026-04-15 03:00:54.368906159,grocery,mobile_app,68.43,0
249,2026-04-24 07:51:59.335448735,beauty,mobile_app,90.64,0
249,2026-07-07 07:50:23.868699297,apparel,mobile_app,47.14,0
251,2026-05-09 07:59:25.520138685,grocery,mobile_app,48.79,0
251,2026-05-27 06:16:22.912360652,electronics,store,70.26,0
252,2025-10-20 15:34:26.564550963,sports,web,38.48,0
252,2026-01-02 02:21:55.466432289,electronics,mobile_app,116.58,0
252,2026-05-06 04:12:02.862932550,sports,mobile_app,22.63,0
254,2025-12-05 22:54:27.567147212,sports,mobile_app,11.48,0
254,2026-02-13 18:09:54.056705202,electronics,mobile_app,4.04,0
254,2026-03-21 20:36:31.475808643,electronics,mobile_app,143.45,0
254,2026-04-30 02:31:45.404396951,electronics,store,16.49,0
255,2026-03-14 02:35:25.544836669,electronics,store,51.2,0
255,2026-05-27 04:55:59.821496593,sports,store,227.18,0
255,2026-06-13 11:32:32.411051497,beauty,mobile_app,37.6,0
255,2026-07-01 09:23:17.698443804,beauty,web,40.83,0
255,2026-07-21 01:19:02.956207190,beauty,mobile_app,154.29,0
255,2026-07-27 14:20:39.112605526,beauty,web,20.03,0
256,2026-04-19 04:42:51.325006974,beauty,web,15.86,0
256,2026-06-20 16:00:53.957492707,sports,mobile_app,30.23,0
256,2026-06-21 05:48:03.265552207,beauty,store,32.92,0
257,2025-08-19 12:20:08.753785345,electronics,web,57.86,0
257,2025-08-26 05:45:09.387681578,sports,web,9.92,0
257,2025-09-03 07:26:45.606365944,sports,mobile_app,18.69,0
257,2025-09-06 21:16:35.410746274,electronics,web,11.68,0
257,2025-09-18 23:30:27.487917098,home,web,120.26,0
257,2025-11-02 00:34:54.067488577,beauty,store,46.81,0
257,2026-01-10 03:05:53.880101924,apparel,mobile_app,7.67,0
257,2026-02-08 18:44:05.861520258,sports,store,21.44,1
257,2026-03-28 03:23:30.261748054,home,mobile_app,29.47,0
257,2026-06-25 04:41:02.666429886,beauty,store,50.49,0
259,2026-06-08 01:14:35.634844151,electronics,store,52.77,0
260,2025-04-07 23:52:56.615189428,electronics,mobile_app,4.42,0
260,2025-05-13 09:10:38.352280919,beauty,web,55.1,0
260,2025-07-21 05:57:24.926032898,home,web,24.39,0
260,2025-08-01 05:58:59.516208838,apparel,web,54.27,1
260,2025-09-07 10:54:58.785975974,grocery,mobile_app,6.86,0
260,2025-09-16 15:04:36.213996121,grocery,store,192.22,0
260,2025-11-08 03:51:49.180281956,beauty,web,102.67,0
260,2025-12-23 06:14:11.817971304,sports,store,23.04,0
260,2026-01-05 18:09:19.430765992,home,mobile_app,19.25,1
260,2026-05-16 11:41:51.373809235,grocery,web,86.39,0
260,2026-05-19 23:49:25.486859036,electronics,mobile_app,99.21,0
260,2026-06-05 03:03:23.136451120,sports,mobile_app,76.49,0
260,2026-07-14 12:49:29.081835460,grocery,store,55.1,0
260,2026-07-24 04:30:57.750915505,beauty,mobile_app,29.87,0
261,2026-05-19 13:14:07.479575823,sports,mobile_app,3.94,0
261,2026-05-20 09:38:16.202322045,electronics,web,28.49,0
261,2026-05-23 03:15:29.335915181,home,mobile_app,25.44,0
261,2026-06-02 05:47:19.786021950,beauty,web,19.27,0
261,2026-06-13 07:34:43.709758862,apparel,web,12.46,0
261,2026-06-22 00:20:21.305758900,electronics,mobile_app,32.1,0
261,2026-06-22 10:55:08.731866925,electronics,store,48.69,0
261,2026-06-29 16:04:23.388049491,home,mobile_app,128.46,0
261,2026-07-05 02:36:56.797873166,beauty,store,29.9,0
261,2026-07-10 07:18:48.809137917,apparel,web,32.51,0
261,2026-07-26 16:00:35.192067912,beauty,store,24.07,1
262,2026-06-20 01:20:24.366487327,home,web,53.98,0
262,2026-06-29 23:09:55.483674630,grocery,mobile_app,154.97,0
263,2026-05-07 00:13:07.351630151,apparel,mobile_app,13.78,0
263,2026-06-27 17:22:25.589761747,beauty,store,199.11,0
263,2026-07-20 13:04:45.637669068,beauty,web,39.5,0
263,2026-07-26 22:42:49.225137504,grocery,mobile_app,42.51,0
263,2026-07-30 03:50:43.071731060,grocery,web,3.0,0
264,2024-08-28 00:48:44.333985733,apparel,mobile_app,89.42,0
264,2024-11-08 09:09:29.382268649,electronics,mobile_app,12.99,0
264,2025-01-19 04:57:41.471537925,grocery,web,6.96,0
264,2025-01-22 06:03:54.472912255,apparel,mobile_app,82.58,0
264,2025-02-18 04:41:09.892462186,beauty,mobile_app,4.29,1
264,2025-07-26 00:25:00.931080761,sports,mobile_app,10.26,0
264,2025-09-10 15:08:45.715095675,home,web,26.26,0
264,2025-09-14 22:04:39.738492990,grocery,store,28.49,0
264,2025-09-24 14:57:25.596509202,home,web,16.73,0
264,2025-09-29 21:17:07.808391399,sports,web,29.31,0
264,2026-01-14 00:46:21.822463520,grocery,web,14.3,0
264,2026-02-11 10:01:46.202230802,sports,web,15.77,0
264,2026-03-13 18:13:33.819277242,home,mobile_app,39.95,0
264,2026-04-10 17:54:16.017710547,grocery,store,51.86,0
264,2026-05-11 02:33:41.387238628,apparel,mobile_app,82.27,0
264,2026-05-16 13:44:58.672501147,grocery,web,9.87,0
264,2026-06-21 20:44:12.228164310,grocery,web,30.25,1
265,2024-03-29 03:31:10.200002045,apparel,mobile_app,63.47,0
265,2024-04-13 05:12:29.334268181,sports,mobile_app,30.72,0
265,2024-05-06 07:31:36.708322026,beauty,mobile_app,31.35,0
265,2024-05-27 10:26:33.913554335,electronics,store,9.22,0
265,2024-06-28 15:58:32.888877321,home,web,42.85,0
265,2024-09-10 07:58:11.881939124,electronics,web,9.48,0
265,2024-11-22 20:23:45.618487541,grocery,mobile_app,14.11,0
265,2024-12-09 01:31:19.843568262,beauty,mobile_app,8.79,0
265,2024-12-09 07:27:33.130344189,electronics,web,43.6,0
265,2024-12-14 09:52:44.281827385,electronics,store,19.61,0
265,2024-12-18 22:34:26.864433771,electronics,store,22.62,1
265,2025-01-02 15:34:58.344387600,apparel,store,98.07,0
265,2025-02-27 01:23:47.105318674,sports,store,88.35,0
265,2025-03-11 05:09:42.241367158,home,web,103.06,0
265,2025-03-25 09:09:41.634675700,grocery,store,22.97,0
265,2025-07-18 01:27:59.453673455,sports,mobile_app,13.7,0
265,2025-09-01 09:53:29.377176971,sports,mobile_app,43.7,0
265,2025-11-14 15:01:47.733003299,grocery,web,59.43,0
265,2026-02-10 03:49:28.733226019,sports,web,36.16,0
265,2026-02-14 00:00:06.772299754,home,web,81.08,0
265,2026-03-14 00:26:32.024915762,beauty,web,26.13,0
265,2026-06-10 14:26:32.128705254,grocery,web,15.45,0
266,2025-09-11 17:52:29.852709336,apparel,mobile_app,22.98,0
266,2025-12-14 00:43:09.136868135,electronics,web,172.93,0
266,2025-12-23 16:27:44.217113150,home,web,57.33,0
266,2026-01-29 07:07:26.083139135,beauty,web,35.42,0
266,2026-02-17 14:11:04.991335360,electronics,store,108.73,0
266,2026-05-01 21:57:57.024590196,sports,mobile_app,78.3,1
266,2026-05-15 21:56:12.589813102,beauty,web,58.32,0
267,2025-07-15 06:21:24.955651219,home,store,43.03,0
267,2025-08-13 19:35:05.492816909,beauty,web,8.21,0
267,2025-11-28 08:47:10.617286247,sports,web,67.4,0
267,2026-02-08 03:58:53.759427851,beauty,mobile_app,8.38,0
267,2026-04-22 13:13:57.926888386,apparel,web,68.35,0
267,2026-05-06 01:06:52.321230631,grocery,web,14.46,0
267,2026-06-08 09:46:42.405963321,beauty,mobile_app,32.13,0
267,2026-07-09 11:05:35.090771378,electronics,mobile_app,64.74,0
268,2025-11-04 18:17:25.130669459,apparel,mobile_app,19.03,0
268,2025-12-25 23:55:52.944335651,sports,web,48.84,0
268,2026-01-21 22:08:30.625705799,home,web,122.59,0
268,2026-04-10 05:09:55.151086799,grocery,store,46.73,0
268,2026-04-28 16:37:57.120074337,apparel,mobile_app,13.66,0
268,2026-07-12 21:45:47.846224731,beauty,web,340.34,0
268,2026-07-15 22:33:20.353691610,grocery,mobile_app,16.89,0
269,2025-05-25 14:06:47.194495595,sports,mobile_app,364.37,0
269,2025-06-13 03:28:17.591825338,beauty,web,19.35,0
269,2025-06-20 11:40:16.073107119,beauty,web,25.94,0
269,2025-07-13 14:53:17.971229775,apparel,web,38.81,0
269,2025-08-06 03:49:38.161779621,electronics,web,115.72,0
269,2025-09-26 09:09:32.621669525,apparel,store,73.83,0
269,2025-10-16 22:44:16.551015481,home,web,24.8,0
269,2025-10-18 05:56:24.653049113,electronics,store,121.31,0
269,2025-11-14 15:17:00.277713753,home,web,17.27,0
269,2025-12-16 12:42:36.664485118,apparel,mobile_app,22.75,0
269,2026-03-04 10:36:42.118031872,sports,web,293.62,0
269,2026-03-06 19:39:53.677522878,electronics,web,23.35,0
269,2026-03-09 05:13:16.570491788,grocery,web,53.67,0
269,2026-03-27 03:00:55.225302984,home,web,25.14,0
269,2026-03-30 11:00:56.260496918,grocery,mobile_app,296.62,0
269,2026-04-07 20:44:21.352321130,sports,web,18.89,0
269,2026-04-26 11:42:19.580739630,beauty,web,104.06,0
269,2026-06-09 21:15:02.219467542,grocery,mobile_app,22.47,0
270,2025-04-13 17:56:38.894799887,grocery,mobile_app,36.11,0
270,2025-06-28 11:04:36.243913812,beauty,store,27.91,0
270,2025-08-06 17:01:35.557684822,apparel,store,63.34,0
270,2025-08-24 22:17:41.734112733,electronics,web,47.45,0
270,2025-09-28 02:40:08.917227152,sports,web,10.05,0
270,2025-11-07 15:30:00.620401280,beauty,mobile_app,47.31,0
270,2025-11-09 23:20:15.085068634,apparel,store,40.61,0
270,2026-03-04 23:19:07.667802276,beauty,mobile_app,27.68,0
270,2026-03-20 22:52:52.572948258,home,store,79.3,0
270,2026-04-29 17:00:16.344725579,beauty,mobile_app,27.49,0
270,2026-05-11 13:33:45.292218126,apparel,web,87.44,0
270,2026-05-16 15:24:14.057751514,apparel,web,37.98,0
271,2025-12-19 16:09:57.897429613,beauty,web,43.82,0
271,2026-01-18 04:36:26.698460824,apparel,web,37.64,0
271,2026-02-15 00:09:10.203004400,beauty,mobile_app,120.3,0
271,2026-03-03 19:51:17.995363399,home,mobile_app,12.88,0
271,2026-04-06 18:34:13.911130097,electronics,store,24.73,0
271,2026-05-30 09:03:12.092486084,sports,mobile_app,33.56,0
271,2026-06-07 08:36:05.181879577,grocery,web,49.85,1
273,2026-06-03 20:57:08.676961405,beauty,web,60.52,0
273,2026-06-08 09:30:33.057015285,grocery,mobile_app,11.47,1
273,2026-06-28 11:20:59.898861546,sports,web,26.6,0
274,2025-01-26 01:43:39.559285149,grocery,mobile_app,37.27,0
274,2025-02-24 00:57:38.124980646,beauty,mobile_app,24.26,0
274,2025-04-06 14:55:03.728164996,beauty,store,25.4,0
274,2025-04-23 12:27:08.494817519,beauty,store,167.7,0
274,2025-08-17 19:21:34.918479355,sports,web,39.02,0
274,2025-08-29 12:16:07.413843168,home,mobile_app,19.53,0
274,2025-10-02 18:46:23.523096052,beauty,mobile_app,36.94,0
274,2025-10-16 12:28:59.643997208,beauty,web,32.29,0
274,2025-11-06 10:14:26.209378234,sports,mobile_app,43.2,0
274,2025-12-07 22:12:04.998400471,sports,mobile_app,10.33,0
274,2025-12-13 07:50:30.671222047,home,web,16.04,0
274,2026-01-02 17:09:58.333419784,apparel,store,17.92,0
274,2026-01-28 11:57:42.822295293,grocery,mobile_app,17.1,0
274,2026-02-11 10:01:15.602504575,electronics,mobile_app,118.14,0
274,2026-04-01 03:25:39.513051426,beauty,web,94.57,0
274,2026-05-19 05:52:42.478076036,sports,web,13.64,0
274,2026-06-01 07:51:24.283403785,home,store,209.94,0
274,2026-06-04 14:22:27.592860522,sports,mobile_app,141.41,0
274,2026-07-11 11:02:04.259908997,sports,mobile_app,70.58,0
274,2026-07-25 14:42:10.445519955,electronics,store,11.36,0
275,2026-04-28 17:36:37.543112373,home,web,19.35,0
275,2026-05-04 19:29:45.833918485,electronics,web,65.89,0
275,2026-05-13 09:28:12.689661792,apparel,mobile_app,36.48,0
275,2026-07-22 09:47:37.019796778,sports,web,74.37,0
276,2025-07-23 05:40:45.957382361,electronics,store,99.3,0
276,2025-08-29 12:40:58.445942008,grocery,mobile_app,89.61,0
276,2025-09-23 17:23:30.187069334,apparel,mobile_app,28.29,0
276,2025-10-08 14:06:22.214784272,sports,store,40.26,0
276,2025-12-29 00:16:43.830055998,home,web,54.67,0
276,2026-01-07 07:01:57.518161983,beauty,web,12.28,0
276,2026-03-04 00:37:01.335620211,beauty,web,54.28,0
276,2026-07-10 03:27:25.665306832,home,mobile_app,110.3,0
277,2026-03-20 08:14:00.154410741,home,mobile_app,25.25,0
277,2026-04-23 06:44:40.594175840,home,web,8.66,0
277,2026-05-29 13:58:46.597303604,grocery,mobile_app,18.01,0
278,2024-11-23 13:40:45.289297200,grocery,mobile_app,31.54,0
278,2024-12-13 18:40:43.622684467,beauty,mobile_app,131.67,0
278,2024-12-23 01:23:45.086787183,sports,web,35.05,0
278,2025-01-13 21:44:20.328745137,sports,web,31.35,0
278,2025-01-14 19:21:27.881943449,grocery,store,113.7,0
278,2025-01-27 07:55:45.586583248,grocery,store,55.89,0
278,2025-02-14 17:51:43.361177326,apparel,mobile_app,34.87,0
278,2025-05-16 23:49:19.495970853,home,store,21.91,0
278,2025-05-18 22:32:17.919970625,electronics,web,32.37,0
278,2025-06-01 23:44:38.407132214,sports,mobile_app,22.9,0
278,2025-06-25 18:48:56.970824046,grocery,mobile_app,40.73,1
278,2025-07-25 01:32:17.336483708,beauty,web,61.81,0
278,2025-08-03 07:48:07.927640736,home,mobile_app,53.53,0
278,2025-08-11 12:16:38.699605275,electronics,web,3.0,0
278,2026-02-09 01:51:39.359601931,grocery,web,19.51,0
278,2026-02-28 12:38:13.329070320,beauty,mobile_app,56.89,0
278,2026-03-24 19:41:36.367172451,electronics,web,23.77,0
278,2026-07-19 15:30:06.383694402,apparel,mobile_app,197.34,0
280,2026-06-07 07:30:00.540527274,sports,web,91.4,0
280,2026-07-27 20:49:04.903197520,grocery,store,48.26,0
281,2026-04-18 19:27:08.702271404,home,mobile_app,62.01,0
281,2026-05-14 16:15:24.331618389,sports,web,65.57,0
281,2026-07-03 22:03:01.791168535,apparel,web,55.07,0
281,2026-07-19 13:23:09.147756705,home,mobile_app,70.48,0
282,2025-12-01 01:11:19.584277826,home,mobile_app,37.31,0
282,2025-12-06 06:43:00.936560819,sports,web,15.38,0
282,2026-04-17 21:10:53.587422578,electronics,mobile_app,26.75,0
282,2026-04-19 14:37:47.909361767,apparel,web,54.04,0
282,2026-05-16 06:55:17.256072381,apparel,store,105.06,0
282,2026-06-01 23:31:52.639423179,home,store,53.5,0
283,2025-04-17 10:36:45.539155440,grocery,mobile_app,260.15,0
283,2025-05-19 15:40:50.702725278,electronics,web,63.54,0
283,2025-07-20 03:16:06.023302188,apparel,web,52.95,0
283,2025-10-13 15:26:35.226297338,electronics,mobile_app,19.23,0
283,2025-11-21 14:17:00.473386129,home,web,19.89,0
283,2026-02-21 13:50:54.618425800,grocery,web,53.26,0
283,2026-05-05 21:05:20.972099507,apparel,mobile_app,57.65,0
283,2026-06-12 12:30:56.088436346,home,store,16.71,0
283,2026-06-23 17:15:14.254859624,beauty,mobile_app,9.7,0
284,2026-04-23 00:40:45.637283151,beauty,mobile_app,83.36,0
284,2026-04-26 19:09:29.420026618,electronics,mobile_app,32.6,0
284,2026-05-25 05:13:09.314676907,home,web,7.39,0
284,2026-07-16 17:22:00.933170811,home,web,21.51,0
285,2025-11-04 13:15:00.610415514,grocery,mobile_app,52.7,0
285,2025-11-09 22:22:03.241976725,beauty,web,41.51,0
285,2026-03-22 00:17:23.810142210,apparel,web,57.66,0
285,2026-03-31 00:36:06.475721714,sports,mobile_app,5.48,0
285,2026-04-01 03:39:45.796840143,beauty,mobile_app,44.29,0
285,2026-06-15 15:13:57.043683175,apparel,store,42.48,0
285,2026-06-23 19:41:53.459721284,grocery,mobile_app,21.25,0
285,2026-06-29 19:49:07.811989744,sports,web,9.71,0
286,2025-05-17 20:25:25.537671037,apparel,store,10.73,0
286,2025-07-01 15:55:09.046975619,beauty,store,15.54,0
286,2025-09-15 07:25:46.273245894,home,web,54.06,0
286,2025-11-02 16:29:26.948551699,sports,web,25.78,0
286,2025-11-21 04:06:27.771492693,sports,mobile_app,10.85,0
286,2025-11-21 14:55:02.968239568,grocery,web,49.94,0
286,2025-11-28 07:04:17.293041636,sports,web,13.28,0
286,2026-01-04 11:33:50.460944804,grocery,mobile_app,188.4,0
286,2026-04-11 19:25:55.031345717,electronics,web,24.79,0
286,2026-05-17 23:26:24.561019508,home,web,33.24,0
286,2026-07-24 09:11:51.377433384,grocery,mobile_app,66.71,0
287,2026-07-20 14:39:18.901353857,beauty,web,75.0,0
287,2026-07-22 03:26:33.667461393,home,mobile_app,56.15,0
288,2025-08-09 02:30:03.240793285,home,web,34.07,0
288,2025-09-03 09:52:38.926320413,home,mobile_app,110.43,0
288,2025-09-09 03:53:05.939317652,sports,mobile_app,20.98,0
288,2025-10-04 05:38:39.805686721,home,store,79.71,1
288,2025-11-30 09:45:50.535492374,grocery,web,24.98,0
288,2026-04-02 10:27:09.260053008,electronics,web,170.88,0
288,2026-06-10 07:52:55.823050249,grocery,store,18.78,0
288,2026-07-09 01:24:42.057184493,beauty,store,23.43,0
289,2025-04-05 03:38:36.932484334,sports,web,63.44,0
289,2025-04-05 06:33:21.302957650,sports,store,50.19,0
289,2025-04-21 16:03:58.022183192,sports,web,53.22,0
289,2025-06-18 23:54:59.964593818,grocery,web,43.41,0
289,2025-06-22 17:33:44.641729757,grocery,store,6.65,0
289,2025-06-26 09:58:04.498566019,apparel,mobile_app,34.09,0
289,2025-09-07 20:30:16.774779105,apparel,web,7.41,0
289,2025-11-14 15:32:43.485210693,beauty,web,16.24,0
289,2025-12-03 02:32:53.145699536,apparel,web,23.92,0
289,2026-02-07 18:02:11.076308325,grocery,mobile_app,20.12,0
289,2026-02-10 05:49:28.210735028,sports,web,8.35,0
289,2026-02-21 20:25:56.802759405,apparel,mobile_app,48.72,0
289,2026-03-29 19:00:45.755005467,electronics,mobile_app,7.92,0
289,2026-05-05 03:19:27.110190712,grocery,store,145.97,0
289,2026-06-18 02:02:35.279737832,apparel,web,19.7,0
290,2025-08-25 22:54:24.441788650,home,mobile_app,89.01,1
290,2025-09-13 08:32:11.968602617,electronics,mobile_app,16.32,0
290,2025-10-03 10:08:30.162574643,electronics,store,33.07,0
290,2025-11-17 21:50:58.527402551,grocery,mobile_app,31.12,0
290,2026-03-12 22:29:44.221655475,sports,web,19.21,0
290,2026-03-20 15:13:38.863625405,sports,web,11.22,0
290,2026-04-27 15:26:16.631926003,home,store,30.63,0
290,2026-07-19 16:58:50.129558308,beauty,web,25.61,0
291,2024-12-01 19:43:58.042443407,home,web,19.39,0
291,2025-03-18 23:00:36.351709681,electronics,web,16.47,0
291,2025-03-27 19:53:02.728967059,electronics,web,17.87,1
291,2025-04-18 15:04:18.231526244,sports,mobile_app,34.49,0
291,2025-10-01 22:00:53.081179160,beauty,store,48.19,0
291,2025-10-19 17:28:19.600694395,beauty,store,7.49,0
291,2025-11-09 07:12:02.745470618,apparel,web,29.01,0
291,2026-02-04 06:34:22.669607384,apparel,store,74.9,0
291,2026-05-08 21:59:02.656719543,beauty,store,16.94,0
291,2026-06-28 20:49:56.948257284,grocery,mobile_app,33.02,0
292,2026-06-10 17:42:14.291069700,apparel,store,26.83,0
292,2026-06-13 03:25:54.747648532,electronics,store,20.59,0
292,2026-06-21 16:19:14.377741254,beauty,mobile_app,50.67,0
292,2026-06-22 22:31:50.692500282,sports,mobile_app,36.06,0
292,2026-06-29 15:28:42.677433892,home,web,32.46,0
293,2024-10-22 05:00:27.577454449,beauty,mobile_app,39.52,0
293,2024-10-27 02:08:29.436569365,beauty,mobile_app,39.77,0
293,2024-11-25 09:03:26.992554996,electronics,web,44.79,0
293,2024-12-06 13:18:26.573522380,beauty,web,30.01,0
293,2025-01-18 20:49:48.460489297,beauty,web,30.74,0
293,2025-03-01 15:19:43.477942593,home,store,41.62,0
293,2025-05-29 02:57:44.973153905,sports,web,10.72,0
293,2025-08-04 13:35:16.507069944,electronics,store,47.38,0
293,2025-10-15 13:39:21.675963865,electronics,web,106.64,0
293,2026-01-01 14:57:28.309688779,sports,store,95.12,0
293,2026-03-07 20:01:20.717027962,beauty,web,21.96,0
293,2026-03-15 07:43:47.736809441,grocery,web,64.65,0
293,2026-04-29 21:24:52.180471472,grocery,web,14.75,0
293,2026-06-03 21:56:53.570247404,sports,web,17.14,0
293,2026-07-03 21:37:48.310400468,beauty,mobile_app,13.73,0
294,2026-03-31 16:30:53.816095086,grocery,mobile_app,11.46,0
294,2026-06-04 01:37:40.344006458,sports,mobile_app,27.55,0
295,2025-08-04 22:18:44.883892363,beauty,mobile_app,63.78,0
295,2025-08-21 00:25:30.744719216,apparel,store,102.82,0
295,2026-02-13 14:36:01.863138056,beauty,web,37.82,0
295,2026-02-18 00:27:34.972386959,beauty,web,139.84,0
295,2026-04-07 07:22:30.788859271,home,web,4.16,0
295,2026-05-03 08:17:49.043405493,beauty,store,63.62,0
295,2026-05-30 16:57:16.832743065,grocery,web,11.67,0
295,2026-07-26 05:21:34.824037824,grocery,store,78.97,0
296,2025-10-10 22:05:33.070062743,beauty,web,37.21,0
296,2025-11-10 04:54:36.483673634,home,mobile_app,26.18,0
296,2025-12-09 01:58:17.888471340,home,store,25.07,0
296,2026-01-06 21:34:33.003286488,home,mobile_app,150.5,0
296,2026-01-28 03:21:00.170718120,apparel,mobile_app,41.73,1
296,2026-04-13 22:32:32.897573895,apparel,mobile_app,31.74,0
296,2026-04-14 19:27:42.227217409,apparel,mobile_app,38.59,0
296,2026-06-29 12:08:47.401702852,apparel,web,94.65,0
296,2026-07-11 04:44:08.795311904,beauty,mobile_app,30.08,0
297,2025-08-10 16:05:25.579320110,grocery,mobile_app,6.09,0
297,2025-08-31 19:54:48.171330775,beauty,web,251.09,0
297,2025-09-01 11:55:52.425996805,electronics,web,16.74,0
297,2025-09-12 12:12:59.078583945,sports,store,36.51,0
297,2025-09-16 18:50:58.179320883,sports,web,8.32,0
297,2025-12-08 10:53:01.039422748,sports,mobile_app,11.61,0
297,2025-12-17 14:04:51.725245057,grocery,web,288.98,0
297,2025-12-25 02:27:26.719953708,home,mobile_app,34.55,0
297,2025-12-29 23:09:47.907421874,apparel,store,25.04,0
297,2026-01-10 05:33:23.395813296,grocery,store,14.4,0
297,2026-04-14 17:34:25.563082547,home,store,19.3,0
297,2026-05-04 03:15:28.229476652,apparel,store,8.53,0
297,2026-05-06 06:41:04.741457851,electronics,store,8.83,0
297,2026-05-10 09:28:35.264258208,electronics,mobile_app,102.76,0
297,2026-05-28 17:47:11.487295392,beauty,store,50.21,0
297,2026-07-02 13:47:26.144417732,apparel,web,35.22,0
298,2025-12-09 18:11:59.581277552,grocery,mobile_app,22.15,0
298,2025-12-11 18:04:59.491430530,sports,store,21.43,0
298,2026-01-01 14:21:47.442246648,electronics,web,29.21,0
298,2026-01-25 21:54:08.392003039,grocery,mobile_app,58.8,0
298,2026-03-05 10:56:09.503892635,beauty,mobile_app,14.09,0
298,2026-03-29 15:24:53.330743426,beauty,store,27.81,0
298,2026-05-19 21:10:11.059355534,sports,mobile_app,46.21,0
298,2026-06-12 08:04:43.884469448,sports,web,51.22,0
298,2026-06-13 09:41:29.624297580,home,web,50.86,0
298,2026-06-26 12:48:00.461683504,apparel,store,31.47,0
299,2026-05-20 18:06:18.340002110,apparel,web,86.64,0
299,2026-06-04 09:42:29.873278806,apparel,store,80.99,0
299,2026-07-04 01:33:59.692571358,apparel,store,38.93,0
299,2026-07-24 02:27:49.672411909,home,web,23.44,0
300,2026-06-18 03:49:41.277208896,electronics,web,17.54,0
300,2026-07-07 07:32:40.331634456,electronics,web,31.87,0
300,2026-07-11 03:31:49.901285911,home,web,54.28,0
300,2026-07-22 11:06:24.287061549,apparel,mobile_app,345.55,0
301,2025-09-30 09:26:59.137261328,sports,web,44.53,0
301,2025-10-09 19:04:35.268900480,beauty,mobile_app,16.92,0
301,2025-12-30 20:32:47.802849637,beauty,web,56.24,0
301,2026-01-21 05:13:11.478912598,beauty,web,49.53,0
301,2026-04-19 19:42:09.350128596,home,mobile_app,62.36,0
302,2025-02-23 21:59:00.908230578,home,web,9.19,0
302,2025-05-16 03:59:56.477833155,apparel,web,98.49,0
302,2025-09-29 17:00:54.170274068,electronics,web,13.21,0
302,2025-11-15 18:17:43.615515092,beauty,store,177.63,0
302,2026-01-04 19:51:07.438522488,beauty,mobile_app,17.55,0
302,2026-02-26 11:44:40.270575636,sports,store,16.29,0
302,2026-04-20 03:58:56.984453305,electronics,mobile_app,28.65,0
302,2026-05-04 18:13:34.936139793,home,web,21.17,0
303,2026-07-22 19:05:21.647121300,grocery,mobile_app,44.84,0
304,2024-07-01 19:25:19.178600431,beauty,mobile_app,14.63,0
304,2024-09-02 20:15:42.040619992,beauty,mobile_app,51.43,0
304,2025-01-05 12:47:30.112186131,sports,web,43.11,0
304,2025-02-03 01:50:25.902429404,beauty,web,361.9,0
304,2025-08-25 00:20:20.294013613,electronics,web,29.15,0
304,2025-09-06 14:58:07.339346876,apparel,store,30.14,0
304,2025-11-04 01:49:02.158346361,electronics,mobile_app,13.77,0
304,2026-05-09 03:00:47.534547376,apparel,web,24.62,0
304,2026-06-11 05:27:25.498581267,apparel,web,6.87,0
304,2026-07-07 19:58:49.705653841,grocery,web,212.69,0
305,2025-09-17 12:19:09.079010346,home,web,23.14,0
305,2025-10-24 14:35:41.861217054,apparel,store,76.24,0
305,2025-11-11 00:06:07.545292995,electronics,store,151.55,0
305,2025-11-19 17:20:14.942903793,apparel,web,29.33,0
305,2025-11-27 04:30:33.193615450,beauty,web,47.32,0
305,2025-12-24 07:26:56.837300874,apparel,web,11.66,0
306,2026-04-28 04:12:56.181800950,grocery,web,233.43,1
306,2026-06-25 19:35:03.627891408,grocery,mobile_app,58.4,0
307,2026-03-21 22:53:16.789205161,grocery,web,24.72,0
307,2026-05-29 07:18:45.476789942,grocery,store,27.64,0
308,2026-05-21 01:37:10.094345254,home,web,128.52,0
308,2026-05-22 19:57:37.286637682,beauty,web,36.55,0
308,2026-05-23 06:44:04.811261401,beauty,web,28.43,0
308,2026-05-28 15:48:14.592889288,beauty,mobile_app,10.06,0
308,2026-05-29 03:58:17.209436034,beauty,web,175.67,0
308,2026-06-17 03:27:36.585710666,apparel,store,15.11,0
308,2026-07-08 19:50:24.517694772,grocery,store,24.34,0
308,2026-07-13 10:35:36.016100451,apparel,mobile_app,11.88,0
308,2026-07-18 18:02:56.463852083,beauty,mobile_app,27.97,0
308,2026-07-18 21:07:43.332848873,grocery,web,88.15,0
308,2026-07-21 14:00:08.844538623,sports,mobile_app,16.53,0
309,2026-02-02 23:46:08.556454676,electronics,mobile_app,14.43,0
309,2026-02-06 08:42:03.000217079,sports,mobile_app,21.43,1
309,2026-02-11 18:26:07.118334488,sports,mobile_app,9.52,0
309,2026-02-22 10:49:47.196231834,apparel,mobile_app,15.11,0
309,2026-05-22 04:00:56.265537387,beauty,web,9.97,0
309,2026-07-20 07:28:26.931591028,sports,web,45.33,0
310,2026-05-26 17:21:26.557778192,sports,mobile_app,61.74,0
310,2026-07-31 23:50:29.001075447,home,web,27.25,0
311,2026-02-06 19:44:27.676096631,electronics,mobile_app,61.03,0
311,2026-02-17 19:27:04.939911683,apparel,mobile_app,11.54,0
311,2026-02-23 05:30:37.867055190,home,web,56.41,1
311,2026-05-10 18:26:40.137198775,apparel,web,111.16,0
311,2026-06-07 12:22:16.499476658,beauty,mobile_app,12.62,0
311,2026-07-05 03:00:02.456246497,home,mobile_app,32.2,0
311,2026-07-11 13:17:59.171797813,apparel,web,56.29,0
312,2025-01-26 07:38:28.842893679,beauty,web,31.14,0
312,2025-01-28 20:58:57.651888084,beauty,mobile_app,11.35,0
312,2025-04-17 12:51:04.838914956,apparel,web,47.29,0
312,2025-05-30 15:32:26.639854420,electronics,web,63.94,0
312,2025-06-25 13:27:02.889494782,home,web,67.66,0
312,2025-09-09 03:31:43.520228219,beauty,mobile_app,11.62,0
312,2025-09-17 23:49:22.214879985,beauty,mobile_app,17.11,0
312,2025-09-24 16:19:56.048320707,grocery,web,63.43,0
312,2025-10-04 04:19:38.682130124,home,web,57.28,0
312,2025-10-29 16:30:01.157366034,sports,web,46.32,0
312,2025-11-08 12:03:15.544145935,sports,web,87.02,0
312,2026-04-12 06:08:50.951959083,beauty,web,28.76,0
312,2026-05-16 12:27:11.710818493,sports,web,35.27,0
312,2026-06-20 03:18:35.436186617,sports,web,36.73,0
314,2026-04-12 10:22:07.559912949,electronics,mobile_app,37.15,0
314,2026-04-21 18:31:58.795181470,sports,web,33.04,0
314,2026-05-05 08:49:39.631611277,sports,mobile_app,22.92,0
314,2026-06-02 01:50:44.829232705,apparel,mobile_app,110.79,0
314,2026-06-17 23:23:39.887365805,beauty,mobile_app,10.09,0
315,2026-01-24 09:40:02.530557273,electronics,store,94.8,0
315,2026-02-09 14:28:15.916195175,home,web,28.88,0
315,2026-03-12 22:26:21.213245527,grocery,store,8.09,0
315,2026-05-06 08:37:30.136435087,grocery,web,15.59,0
315,2026-06-06 22:08:36.954306577,apparel,web,8.74,0
315,2026-06-21 18:54:13.432667400,home,web,47.05,0
316,2025-10-07 05:00:50.637555775,apparel,store,290.15,0
316,2025-10-18 22:49:00.520762112,apparel,web,25.79,0
316,2026-01-30 01:20:43.507438334,grocery,mobile_app,18.69,0
316,2026-02-02 13:01:26.097113079,sports,web,14.77,0
316,2026-03-04 00:32:13.534295545,home,store,34.65,0
316,2026-05-06 14:40:22.791899223,apparel,web,62.81,0
316,2026-05-19 07:03:17.083845070,electronics,web,9.56,0
316,2026-06-27 22:41:25.604467331,home,web,30.16,1
317,2025-11-06 15:43:39.412932125,beauty,mobile_app,7.15,0
317,2026-01-28 00:36:11.039418729,home,mobile_app,32.26,0
317,2026-02-02 22:46:47.872272974,home,web,149.64,0
317,2026-04-29 15:34:23.417757737,home,mobile_app,27.42,0
317,2026-05-11 10:09:52.780471071,sports,web,45.1,0
317,2026-06-01 13:54:35.357139882,apparel,mobile_app,57.68,0
317,2026-06-06 23:29:25.260797331,apparel,mobile_app,28.31,0
317,2026-06-18 15:59:49.084392302,sports,mobile_app,19.9,0
318,2025-11-02 05:41:25.211656862,sports,store,61.32,0
318,2025-11-03 19:52:48.065332368,apparel,web,72.45,0
318,2025-12-13 19:53:37.047979315,home,store,28.9,0
318,2026-01-04 14:08:57.129219606,electronics,mobile_app,26.01,0
318,2026-01-06 02:55:48.215304953,sports,mobile_app,29.73,0
318,2026-01-18 19:26:42.878797121,electronics,mobile_app,99.91,0
318,2026-01-30 10:24:26.068106463,apparel,mobile_app,19.68,0
318,2026-03-07 21:49:29.812797673,beauty,mobile_app,107.44,0
318,2026-04-04 21:57:37.585906612,beauty,mobile_app,177.8,0
318,2026-04-10 01:50:04.886123577,beauty,mobile_app,9.02,0
318,2026-06-05 19:26:22.022143314,apparel,mobile_app,11.86,0
318,2026-06-26 21:30:31.350244922,beauty,mobile_app,44.4,0
318,2026-07-04 03:15:56.078272472,electronics,store,20.65,0
319,2025-02-13 03:58:12.547576627,electronics,web,16.24,0
319,2025-02-16 07:25:40.369494850,sports,mobile_app,55.3,0
319,2025-02-16 14:19:15.739794178,sports,web,9.26,0
319,2025-03-16 19:02:52.037944988,sports,web,6.42,0
319,2025-03-19 20:06:21.855588524,electronics,web,16.91,0
319,2025-03-21 13:58:34.649625084,grocery,mobile_app,3.8,0
319,2025-05-21 17:56:55.176333597,sports,web,18.75,0
319,2025-06-17 10:51:45.285272223,apparel,mobile_app,29.4,0
319,2025-07-03 09:57:28.436555405,sports,web,27.4,0
319,2025-08-17 11:21:31.228973594,home,mobile_app,106.75,0
319,2025-09-10 12:28:43.139335697,electronics,mobile_app,107.2,0
319,2025-09-26 09:16:51.596586861,grocery,mobile_app,92.05,0
319,2025-10-18 13:17:17.421309298,grocery,web,35.83,0
319,2025-11-16 21:24:00.427698795,grocery,store,67.49,0
319,2025-12-08 19:05:10.070620161,grocery,web,57.81,0
319,2025-12-24 05:43:35.889077036,beauty,store,14.39,0
319,2025-12-28 18:10:14.447357706,electronics,mobile_app,36.21,0
319,2026-01-20 06:10:48.936306502,grocery,web,95.96,0
319,2026-01-31 15:00:42.827476179,beauty,web,13.42,0
319,2026-03-17 03:23:26.331675479,electronics,web,34.1,0
319,2026-03-17 16:19:18.171285863,electronics,web,96.04,0
319,2026-04-09 22:50:27.067893597,sports,mobile_app,16.91,0
319,2026-05-11 20:01:08.576122763,electronics,web,23.27,0
319,2026-06-13 16:52:49.013477190,beauty,store,12.85,0
320,2024-10-23 06:54:04.635424705,home,store,22.72,0
320,2024-10-24 01:36:01.071767448,sports,store,29.41,0
320,2024-12-30 23:21:05.366340983,grocery,mobile_app,23.67,0
320,2025-01-15 20:30:17.309565003,beauty,mobile_app,12.64,0
320,2025-02-13 06:46:41.348474159,electronics,mobile_app,40.16,0
320,2025-03-07 02:22:19.405869701,sports,web,31.69,0
320,2025-03-16 13:23:19.567129774,home,web,9.47,0
320,2025-05-02 21:36:27.470443283,beauty,web,23.01,0
320,2025-06-14 03:22:22.541231908,grocery,web,38.88,0
320,2025-12-04 11:34:58.111424625,sports,mobile_app,34.08,0
320,2025-12-06 22:27:45.325901630,beauty,web,40.93,0
320,2025-12-17 01:04:36.404106779,sports,mobile_app,33.44,0
320,2025-12-17 16:26:19.729645769,beauty,mobile_app,39.17,1
320,2026-01-15 17:45:21.397531145,electronics,store,94.37,0
320,2026-04-09 22:16:30.553247220,home,web,25.35,0
320,2026-04-11 15:58:37.842228486,sports,mobile_app,54.78,0
320,2026-05-28 23:38:20.854540531,grocery,store,55.88,0
320,2026-05-30 04:22:56.610641669,sports,web,59.55,0
320,2026-07-08 05:02:51.066805897,electronics,mobile_app,25.01,0
321,2026-02-28 02:39:14.056887177,apparel,mobile_app,3.86,0
321,2026-03-22 15:17:27.453468020,home,web,49.12,0
321,2026-07-17 07:48:12.676756842,sports,web,73.48,0
322,2026-07-09 14:14:47.884354152,beauty,mobile_app,45.39,0
322,2026-07-31 18:45:15.078309927,sports,mobile_app,28.47,0
323,2026-02-26 06:38:49.369107227,home,web,4.96,0
323,2026-03-04 03:15:38.077636675,grocery,web,114.95,0
323,2026-03-15 18:15:57.376882219,home,mobile_app,7.08,0
323,2026-04-13 15:32:15.461384551,sports,mobile_app,5.64,0
323,2026-05-15 15:55:36.339395607,sports,mobile_app,126.76,0
323,2026-05-17 00:33:49.742764644,beauty,web,42.5,0
323,2026-05-26 08:24:13.329383873,grocery,mobile_app,116.2,0
323,2026-05-26 15:41:54.908779045,sports,web,65.23,0
323,2026-06-10 10:32:19.482858359,home,mobile_app,53.61,0
323,2026-07-04 07:44:44.306449803,home,store,64.72,0
323,2026-07-07 05:53:59.588676701,electronics,mobile_app,25.82,0
323,2026-07-10 05:43:19.680928764,home,mobile_app,24.91,0
323,2026-07-10 14:36:31.819251865,grocery,mobile_app,72.68,0
323,2026-07-22 13:35:07.541781159,beauty,web,209.46,0
323,2026-07-25 08:19:28.544693590,home,store,15.33,0
324,2026-03-08 03:10:48.764140876,electronics,mobile_app,36.79,0
324,2026-03-26 17:24:45.317146922,grocery,mobile_app,89.97,0
324,2026-04-05 16:18:45.352170686,grocery,mobile_app,51.73,1
324,2026-04-07 08:51:40.670712801,grocery,mobile_app,36.71,1
324,2026-04-18 17:22:25.729492138,grocery,mobile_app,60.59,0
324,2026-05-14 04:39:05.890705094,home,store,52.94,0
324,2026-05-24 04:38:34.114141220,home,web,74.17,0
324,2026-05-24 20:21:16.428275344,apparel,web,79.53,0
324,2026-05-28 18:08:45.174975320,home,web,12.32,0
324,2026-06-14 04:12:46.071711222,sports,web,88.92,0
324,2026-07-07 20:49:59.627283978,home,store,15.45,0
324,2026-07-24 22:24:06.977555488,sports,mobile_app,14.74,0
325,2025-05-09 20:22:17.790091516,apparel,mobile_app,36.86,0
325,2025-05-13 18:22:03.998363613,beauty,web,54.18,0
325,2025-05-20 12:52:30.035779179,home,web,36.51,0
325,2025-05-28 10:33:09.591540780,sports,web,47.17,0
325,2025-06-05 06:46:22.474478260,home,web,44.67,0
325,2025-07-04 15:27:27.066757850,beauty,web,22.84,0
325,2025-09-07 04:06:54.407730644,beauty,web,14.69,0
325,2025-11-15 05:37:37.570533120,beauty,web,29.62,0
325,2025-12-01 19:26:10.786214317,electronics,mobile_app,99.29,0
325,2025-12-12 08:54:12.755792898,sports,mobile_app,13.5,0
325,2026-01-06 20:20:19.394283676,sports,mobile_app,152.7,0
325,2026-03-06 22:00:36.230800672,apparel,mobile_app,15.83,0
325,2026-03-31 08:33:24.055689520,home,web,5.54,0
325,2026-07-23 14:25:19.065935448,beauty,store,54.5,0
326,2026-05-25 10:58:23.187501008,electronics,mobile_app,76.86,1
327,2026-02-15 03:46:41.999078885,apparel,mobile_app,176.18,0
327,2026-02-24 08:19:37.296404547,electronics,web,199.61,0
327,2026-03-29 18:03:17.420832723,sports,mobile_app,14.38,0
327,2026-03-31 16:47:40.202639932,electronics,store,45.83,0
327,2026-07-13 20:05:37.081185130,electronics,web,236.77,0
328,2026-06-23 01:57:21.189605582,beauty,mobile_app,57.34,0
329,2026-05-09 20:21:17.961925205,sports,mobile_app,44.25,0
329,2026-06-03 16:01:08.153247516,beauty,web,175.47,0
330,2025-05-10 10:45:54.096050918,home,mobile_app,36.13,0
330,2025-07-25 09:20:17.885514167,grocery,mobile_app,3.0,0
330,2025-10-01 18:11:27.631611710,sports,mobile_app,45.25,0
330,2025-10-12 17:06:48.281289115,home,store,64.5,0
330,2025-12-02 11:00:14.715915889,apparel,web,117.67,0
330,2026-03-08 12:07:43.546911845,electronics,store,40.61,0
330,2026-03-26 11:04:32.721149681,apparel,mobile_app,14.0,0
330,2026-06-13 14:07:50.246982622,home,mobile_app,15.89,0
330,2026-06-18 10:05:25.204273867,electronics,mobile_app,18.4,0
331,2026-02-16 08:46:12.505351677,apparel,mobile_app,52.77,1
331,2026-03-12 10:51:16.360365482,sports,mobile_app,167.05,0
331,2026-07-12 10:36:22.791460030,grocery,web,17.77,0
332,2026-06-11 05:56:20.534743986,home,mobile_app,36.4,0
332,2026-07-04 10:18:43.468178035,sports,store,45.45,0
333,2026-03-11 05:42:44.416150831,grocery,web,22.39,0
333,2026-05-06 08:01:30.988129472,apparel,mobile_app,18.04,0
333,2026-05-13 18:01:19.558924810,apparel,web,59.82,0
333,2026-05-15 01:38:47.025877618,grocery,web,48.18,0
333,2026-05-21 12:15:08.382845497,home,mobile_app,24.74,0
333,2026-05-31 11:32:01.208453373,beauty,web,43.78,0
333,2026-07-23 06:43:36.214045634,apparel,web,12.77,0
334,2025-01-19 11:10:56.044647725,home,web,32.57,0
334,2025-03-11 05:07:44.068524652,grocery,store,18.71,0
334,2025-04-10 07:04:52.197536969,grocery,store,10.98,0
334,2025-05-05 15:42:30.343385137,electronics,web,10.8,1
334,2025-05-09 00:15:51.668907267,grocery,mobile_app,121.26,0
334,2025-08-15 19:18:09.089117485,electronics,web,10.66,0
334,2025-09-11 18:04:17.301887870,apparel,web,53.87,0
334,2025-09-23 23:01:18.001646533,beauty,web,126.93,0
334,2025-10-26 03:07:19.117039098,apparel,mobile_app,61.02,0
334,2025-11-01 17:16:51.050918240,grocery,mobile_app,16.17,0
334,2026-01-04 10:02:41.654143655,apparel,mobile_app,105.33,0
334,2026-01-14 07:25:32.756788440,sports,web,73.17,0
334,2026-03-20 23:08:53.838813691,beauty,store,34.35,0
334,2026-07-30 20:12:04.757564526,sports,web,96.37,0
335,2025-10-04 12:23:06.720936404,beauty,store,9.2,0
335,2025-11-15 14:59:14.232074600,beauty,web,54.92,0
335,2026-03-01 07:59:37.536384210,apparel,mobile_app,15.46,0
335,2026-05-07 23:36:31.103418240,apparel,mobile_app,171.07,0
335,2026-05-20 16:33:35.986681285,apparel,web,14.75,0
335,2026-06-17 21:55:28.427589901,home,web,41.94,0
335,2026-07-30 04:56:11.875985955,electronics,store,202.41,0
336,2025-05-01 23:33:01.733129473,sports,mobile_app,55.07,0
336,2025-05-08 20:24:33.092590920,home,web,26.85,0
336,2025-06-16 06:07:06.449199436,beauty,web,23.69,0
336,2025-07-20 21:28:33.693746875,sports,mobile_app,29.39,1
336,2025-08-24 06:31:12.341279934,electronics,store,137.77,0
336,2025-09-07 00:56:19.767403945,beauty,mobile_app,65.35,0
336,2025-09-27 22:54:07.106679525,home,mobile_app,187.74,0
336,2025-09-27 23:42:26.746439138,sports,mobile_app,33.0,0
336,2025-10-22 20:11:41.867440392,grocery,web,132.64,0
336,2025-12-01 00:33:00.198280815,home,store,16.8,0
336,2025-12-28 10:24:59.416503953,electronics,store,14.5,0
336,2026-06-09 22:25:08.612235198,electronics,web,27.72,0
337,2025-04-11 16:48:43.152970718,home,mobile_app,142.7,0
337,2025-05-25 20:05:19.811612919,sports,web,11.55,0
337,2025-06-11 21:16:20.492122288,home,mobile_app,62.48,0
337,2025-06-17 16:55:00.258758297,grocery,store,59.13,0
337,2025-10-15 10:38:24.828377787,apparel,web,5.85,0
337,2025-11-26 12:24:16.095652330,apparel,mobile_app,50.77,0
337,2026-02-05 03:18:42.554671929,grocery,mobile_app,59.7,0
337,2026-03-29 15:20:33.707168065,apparel,web,110.05,0
337,2026-04-08 13:18:39.660852687,sports,store,7.65,0
337,2026-04-16 21:39:02.419614864,grocery,web,63.81,0
337,2026-07-11 04:31:39.643787419,home,store,109.0,0
337,2026-07-24 06:48:43.382285154,beauty,mobile_app,13.7,0
338,2026-03-20 02:48:03.321212228,grocery,mobile_app,37.82,0
338,2026-03-28 01:20:34.347182453,electronics,store,53.17,0
338,2026-04-15 23:04:27.236973712,home,store,30.24,0
338,2026-04-24 09:51:11.959202901,electronics,mobile_app,3.0,0
338,2026-05-01 13:05:27.988205168,beauty,store,8.15,0
338,2026-05-07 08:55:04.695636591,sports,mobile_app,101.76,0
338,2026-07-23 00:08:23.667830886,sports,web,47.28,0
339,2026-02-14 16:13:36.903087982,grocery,store,116.28,0
339,2026-03-20 07:23:47.898630505,sports,mobile_app,23.27,0
339,2026-05-21 06:11:34.112298866,beauty,mobile_app,227.67,0
340,2024-09-11 14:07:03.043648316,beauty,web,50.32,0
340,2024-10-03 01:30:55.413513867,home,web,87.19,0
340,2024-10-19 09:39:12.076677985,sports,mobile_app,14.8,0
340,2024-11-17 21:31:48.778674572,sports,web,62.02,0
340,2025-06-17 02:20:49.210937544,apparel,web,51.53,0
340,2025-08-09 04:12:51.970651152,electronics,mobile_app,146.54,0
340,2025-09-16 22:20:22.762772051,electronics,web,400.94,0
340,2025-10-04 07:55:38.750560583,apparel,mobile_app,165.58,0
340,2026-03-17 02:21:42.959230359,home,store,31.51,0
340,2026-04-19 06:05:16.276429171,home,web,3.16,0
340,2026-07-08 17:37:38.363421962,home,mobile_app,21.48,1
341,2025-10-15 23:12:12.012024543,apparel,web,87.64,0
341,2025-11-11 01:48:07.045243445,beauty,web,43.0,0
341,2025-12-07 09:17:30.707612633,grocery,mobile_app,13.49,0
341,2026-06-08 06:32:36.012966421,apparel,mobile_app,18.75,0
342,2025-11-18 20:23:01.989410920,apparel,store,7.45,0
342,2026-04-08 10:31:37.227665963,beauty,web,43.03,0
342,2026-04-27 06:30:20.678268433,electronics,web,32.39,0
342,2026-05-19 14:31:30.349261103,beauty,web,39.72,0
342,2026-07-21 16:16:58.377640181,grocery,web,111.3,0
343,2025-09-02 20:56:21.859524465,beauty,store,132.26,0
343,2026-01-03 13:20:04.100973965,grocery,web,29.06,0
343,2026-02-02 19:45:02.242736989,sports,mobile_app,64.52,0
343,2026-05-08 17:36:26.323608266,beauty,store,10.7,0
343,2026-05-16 08:17:59.173183015,apparel,store,34.7,0
343,2026-05-25 05:53:47.116750491,home,store,25.2,0
344,2025-09-04 02:54:52.963986937,grocery,web,64.72,0
344,2025-09-06 09:58:07.058713959,apparel,mobile_app,28.24,0
344,2025-09-08 12:06:51.201572449,sports,web,28.67,0
344,2025-10-10 10:09:22.251975820,home,web,38.09,0
344,2025-12-18 10:53:03.709542259,grocery,mobile_app,81.71,0
344,2026-05-28 11:27:43.058055382,apparel,store,8.5,0
344,2026-06-10 16:54:12.404926314,home,web,12.1,0
344,2026-07-16 18:42:30.013259637,apparel,web,32.15,1
344,2026-07-23 06:33:57.040946508,electronics,store,7.79,0
345,2024-11-25 18:13:24.787918272,home,web,10.4,0
345,2024-11-29 08:29:08.475355588,beauty,mobile_app,50.83,0
345,2024-12-04 00:58:25.358893917,grocery,web,8.92,0
345,2024-12-21 10:43:39.864457699,grocery,store,12.06,0
345,2024-12-23 03:34:12.356235910,home,store,79.82,0
345,2025-05-08 11:55:10.725874444,electronics,store,5.05,0
345,2025-06-08 18:44:37.623396417,grocery,mobile_app,32.05,0
345,2025-07-12 14:39:57.138336890,grocery,mobile_app,46.97,0
345,2025-09-22 07:18:11.544141206,electronics,store,18.38,1
345,2025-10-26 19:59:03.733553815,grocery,web,12.01,0
345,2025-11-25 00:53:36.784295091,grocery,web,24.48,0
345,2025-11-30 14:40:49.212964229,electronics,mobile_app,104.28,0
345,2026-01-16 11:05:27.486763495,beauty,mobile_app,19.92,0
345,2026-04-10 13:08:14.543424045,sports,mobile_app,34.42,0
345,2026-04-18 07:57:56.194800858,beauty,store,72.61,0
345,2026-06-28 05:50:50.101304548,electronics,mobile_app,70.67,0
346,2026-01-08 01:45:21.618280325,beauty,web,56.69,0
346,2026-02-01 18:02:31.827941186,beauty,store,53.67,0
346,2026-03-18 17:57:56.416009148,electronics,web,26.67,0
346,2026-07-11 13:02:03.691254262,apparel,store,128.15,0
347,2025-03-17 22:52:51.992598024,electronics,web,205.17,0
347,2025-03-20 12:58:46.186326103,apparel,web,85.71,0
347,2025-03-27 00:44:34.670553729,grocery,store,38.79,0
347,2025-05-18 00:30:21.817995864,apparel,mobile_app,77.37,0
347,2025-07-14 06:01:38.054874951,grocery,mobile_app,83.05,0
347,2025-09-13 04:23:02.000389307,beauty,store,24.72,0
347,2025-09-24 17:06:45.289689011,grocery,mobile_app,26.05,0
347,2025-11-07 06:57:08.423341725,apparel,web,35.55,0
347,2025-11-20 17:36:24.325936768,beauty,mobile_app,46.05,0
347,2025-11-27 03:20:48.146773172,sports,mobile_app,36.38,0
347,2026-04-18 10:30:27.833026093,beauty,web,55.57,0
347,2026-05-01 06:18:23.681130046,electronics,web,6.57,0
347,2026-06-27 13:33:00.863475990,apparel,web,21.15,1
347,2026-06-27 23:08:35.801630158,home,web,58.28,0
347,2026-07-24 18:28:42.513564317,sports,mobile_app,36.57,0
348,2026-03-11 09:53:56.830119070,beauty,web,78.58,0
348,2026-03-16 13:40:59.618532130,sports,web,176.64,0
348,2026-04-02 02:08:22.996011371,sports,web,95.18,0
348,2026-04-27 17:45:35.779826120,electronics,web,5.68,0
348,2026-05-16 08:40:24.757785552,grocery,mobile_app,23.18,0
348,2026-06-04 01:15:21.860833502,sports,store,214.2,0
348,2026-07-26 18:17:22.151270444,beauty,web,58.34,1
349,2026-04-06 08:03:38.183390232,beauty,web,9.06,0
349,2026-06-09 17:29:18.118787347,home,store,13.46,0
349,2026-07-18 00:22:23.472330278,electronics,web,80.5,0
350,2026-05-01 06:50:09.387860453,apparel,store,23.7,1
350,2026-05-19 23:51:17.058450952,sports,mobile_app,37.88,0
350,2026-05-28 23:10:42.459489786,beauty,web,32.4,0
350,2026-06-02 23:55:52.024860267,grocery,web,9.78,0
351,2026-03-26 02:23:41.155873956,electronics,mobile_app,112.18,0
351,2026-03-28 14:49:16.397536475,beauty,mobile_app,39.95,0
351,2026-04-07 07:47:59.959597857,electronics,store,56.64,0
351,2026-04-08 05:50:36.746486391,beauty,web,29.69,0
351,2026-05-11 12:09:24.019524329,beauty,store,7.67,0
351,2026-05-26 11:03:45.591279740,beauty,web,35.66,0
351,2026-06-03 12:00:15.313558853,apparel,mobile_app,65.03,0
351,2026-07-19 01:03:08.651900762,electronics,store,28.6,0
352,2026-07-02 17:27:46.278428101,home,mobile_app,17.99,1
352,2026-07-26 07:25:28.560554012,home,web,36.78,0
353,2025-10-29 02:55:37.442447789,beauty,web,78.68,0
353,2025-11-17 19:39:13.723745769,sports,web,48.97,0
353,2025-11-21 17:03:42.467342320,home,web,297.98,0
353,2025-12-21 07:57:32.877097569,beauty,store,46.59,0
353,2025-12-26 22:27:46.822744953,electronics,mobile_app,8.29,0
353,2026-01-07 13:35:42.489159672,grocery,mobile_app,38.39,0
353,2026-01-23 00:07:18.149768193,sports,web,68.7,0
353,2026-03-09 05:03:49.761456731,sports,web,61.3,0
353,2026-04-11 18:12:41.056553408,sports,web,80.19,0
353,2026-05-10 09:17:24.065654476,home,mobile_app,82.88,0
353,2026-07-04 17:50:00.839375443,sports,mobile_app,42.82,0
354,2025-11-10 05:34:41.344629920,electronics,web,10.05,0
354,2025-11-14 00:07:59.375465398,beauty,mobile_app,86.73,0
354,2025-12-24 04:14:53.435238729,apparel,web,99.95,0
354,2025-12-30 22:09:52.638907056,home,web,69.53,0
354,2026-01-02 03:06:50.488160746,electronics,store,57.06,0
354,2026-03-03 20:53:48.735830858,apparel,mobile_app,60.11,0
354,2026-03-26 18:31:21.880454143,sports,store,91.2,0
354,2026-03-29 13:51:34.296004737,sports,mobile_app,15.91,0
354,2026-04-03 19:54:01.018491264,beauty,mobile_app,59.48,0
354,2026-04-08 21:04:39.172967326,beauty,web,118.08,0
354,2026-05-07 04:46:30.401952592,electronics,web,44.36,0
355,2024-09-19 18:06:55.843447536,electronics,web,15.26,0
355,2024-09-26 10:48:28.663835766,grocery,store,58.13,0
355,2024-10-29 16:36:00.752260629,beauty,web,59.34,0
355,2024-12-21 12:47:16.932072956,grocery,web,30.88,1
355,2025-04-14 05:46:45.046278656,sports,web,11.85,0
355,2025-04-25 15:18:22.273099857,home,web,22.52,0
355,2025-06-07 07:32:50.154490364,electronics,mobile_app,14.23,0
355,2025-07-23 07:22:40.192475414,sports,mobile_app,59.6,0
355,2025-08-22 12:48:15.251424273,sports,mobile_app,11.58,0
355,2025-10-08 07:56:20.145840502,home,web,33.08,0
355,2025-10-13 14:20:05.478100397,sports,mobile_app,6.76,0
355,2025-11-14 19:29:10.201934720,sports,web,42.99,0
355,2025-12-06 06:23:37.838274991,apparel,mobile_app,50.92,0
355,2025-12-20 21:36:19.271732605,beauty,web,7.94,0
355,2025-12-30 05:32:53.184337858,apparel,mobile_app,26.48,0
355,2026-01-26 14:27:20.694135543,beauty,web,9.01,0
355,2026-04-14 03:58:24.445917316,grocery,mobile_app,18.52,0
355,2026-07-20 14:40:54.219740774,home,store,24.73,0
356,2024-03-23 03:47:07.975696244,home,mobile_app,3.0,0
356,2024-04-30 02:59:55.089236925,grocery,mobile_app,16.19,0
356,2024-05-20 13:04:51.881005523,apparel,web,35.65,0
356,2024-06-06 13:15:10.731383934,electronics,web,37.65,0
356,2024-09-07 20:40:21.726887523,apparel,mobile_app,62.89,0
356,2024-11-04 22:26:17.071674686,home,web,134.13,0
356,2024-12-04 20:03:44.362988214,grocery,web,14.09,0
356,2025-01-27 14:53:40.321607770,grocery,web,17.53,0
356,2025-01-27 19:43:49.583111984,sports,mobile_app,125.19,0
356,2025-01-29 19:06:15.972964886,beauty,web,22.28,0
356,2025-02-16 18:23:02.342325529,home,web,14.94,0
356,2025-04-02 23:47:08.738523387,home,web,55.05,0
356,2025-04-13 12:37:39.256547215,grocery,web,38.21,0
356,2025-05-27 00:05:25.623679232,beauty,mobile_app,65.83,0
356,2025-10-22 16:09:50.989819096,sports,mobile_app,6.71,0
356,2025-10-26 04:54:35.534197933,sports,mobile_app,15.55,0
356,2025-12-17 20:18:21.154948569,sports,web,33.62,0
356,2026-06-02 15:28:17.978639400,home,store,62.78,0
356,2026-06-05 16:20:25.258401422,grocery,web,14.42,0
356,2026-07-19 12:57:23.228366982,electronics,store,31.48,0
356,2026-07-25 18:31:23.239198480,apparel,mobile_app,8.76,0
356,2026-07-28 18:48:32.188959366,electronics,web,13.85,1
357,2026-07-09 22:21:33.311163704,beauty,web,45.31,0
357,2026-07-23 00:50:36.138942926,sports,web,17.53,0
358,2024-10-12 01:29:08.166848203,apparel,web,32.47,0
358,2024-12-15 08:25:23.779452214,grocery,mobile_app,46.34,0
358,2024-12-19 09:51:11.526617480,sports,web,31.78,0
358,2025-01-20 21:42:26.504783197,grocery,mobile_app,23.43,0
358,2025-03-28 17:42:57.103476924,grocery,mobile_app,51.99,0
358,2025-05-22 21:19:15.775956426,electronics,mobile_app,22.14,0
358,2025-05-27 05:00:31.801816976,sports,web,37.34,0
358,2025-06-07 18:18:57.633023664,grocery,mobile_app,83.26,0
358,2025-09-22 16:03:12.328311673,grocery,web,6.7,0
358,2025-12-12 19:48:56.365063834,home,web,23.64,0
358,2026-01-11 23:32:05.236674352,beauty,web,522.79,0
358,2026-04-08 20:13:40.445931260,apparel,web,28.06,0
359,2026-06-09 09:47:04.966258169,electronics,web,22.32,0
360,2025-01-31 00:01:28.141687229,apparel,mobile_app,11.52,0
360,2025-04-13 04:41:24.651843127,grocery,mobile_app,33.57,0
360,2025-04-19 14:09:24.649531120,sports,mobile_app,63.43,0
360,2025-05-24 13:55:46.057168632,apparel,web,38.24,0
360,2025-05-29 16:51:54.217355069,apparel,web,24.61,0
360,2025-07-25 01:33:17.400919632,electronics,store,4.28,0
360,2025-07-30 01:25:56.000083063,sports,store,55.02,0
360,2025-09-12 10:40:53.528816232,grocery,mobile_app,33.01,0
360,2025-09-12 15:11:31.816286535,beauty,web,21.24,0
360,2025-09-21 15:12:53.913458293,sports,web,21.3,0
360,2026-03-22 19:48:41.178092032,electronics,mobile_app,39.6,0
360,2026-03-22 20:27:30.860335944,beauty,store,34.4,0
360,2026-04-28 19:41:09.060102963,home,web,74.67,0
360,2026-06-18 19:13:35.478138384,sports,web,56.04,0
361,2025-12-12 14:51:36.664571307,electronics,web,19.41,0
361,2025-12-20 05:28:24.858859464,grocery,store,26.14,0
361,2025-12-28 02:20:14.687197377,grocery,store,41.87,0
361,2026-03-23 17:01:48.292166661,beauty,mobile_app,14.13,0
361,2026-05-08 15:53:50.209333803,sports,mobile_app,69.59,0
361,2026-05-14 10:11:49.930854049,apparel,mobile_app,30.35,0
361,2026-06-27 00:40:36.682287482,electronics,web,16.7,0
362,2025-03-16 01:15:53.240857820,grocery,mobile_app,308.25,0
362,2025-03-17 20:43:03.247780101,sports,web,66.97,0
362,2025-05-01 06:26:43.034364975,apparel,web,49.91,0
362,2025-06-22 03:01:59.592429662,electronics,web,24.21,0
362,2025-10-07 00:47:33.916567313,grocery,store,85.39,0
362,2025-10-17 23:23:44.483740855,home,web,61.35,0
362,2025-10-28 18:49:00.158838410,grocery,mobile_app,35.52,0
362,2025-10-30 16:51:23.235467412,beauty,mobile_app,22.13,1
362,2025-11-05 19:21:10.875697175,apparel,mobile_app,10.66,0
362,2025-11-23 08:22:27.155680030,sports,web,17.63,0
362,2025-12-24 22:44:16.952981295,electronics,web,32.22,0
362,2026-04-02 19:20:11.369233462,home,store,8.57,0
362,2026-05-30 06:24:21.523704190,electronics,mobile_app,14.63,0
362,2026-07-04 21:09:50.291760073,sports,web,48.14,0
362,2026-07-30 22:16:58.089432418,electronics,web,54.36,0
363,2026-01-30 23:02:10.594742016,sports,mobile_app,7.88,0
363,2026-02-20 18:16:36.221651841,electronics,mobile_app,126.66,1
363,2026-02-20 23:19:54.628949174,grocery,web,68.06,0
363,2026-05-14 01:05:11.633564832,sports,web,16.08,0
363,2026-06-15 19:10:28.762151621,beauty,web,70.04,0
363,2026-07-25 03:20:10.746087879,electronics,web,43.67,0
364,2025-12-12 18:47:32.708130594,sports,web,29.85,1
364,2026-03-08 13:07:08.033900978,sports,web,42.27,0
364,2026-03-17 18:24:58.285141811,grocery,web,26.45,0
364,2026-04-11 14:12:32.744128853,sports,store,76.02,0
364,2026-05-07 22:56:04.599937689,sports,web,44.13,0
364,2026-06-02 05:40:02.985500669,beauty,web,94.47,0
365,2026-05-26 20:29:10.176649685,apparel,store,18.71,0
366,2025-06-26 15:20:28.736784860,home,store,21.69,0
366,2025-07-18 16:43:43.406456889,grocery,web,88.18,0
366,2025-09-21 03:52:19.275520674,beauty,web,3.96,0
366,2025-10-01 15:26:03.219965443,electronics,web,59.67,0
366,2025-11-16 02:30:05.093474835,home,store,48.7,0
366,2025-11-24 19:42:42.040311619,home,store,49.46,0
366,2026-02-04 12:58:23.832323792,sports,mobile_app,11.72,0
366,2026-03-27 01:53:46.135677201,sports,store,41.41,0
366,2026-05-31 22:24:08.546642776,apparel,store,13.63,0
366,2026-07-17 19:38:00.919352527,sports,store,110.16,0
367,2025-12-22 20:19:53.816157080,home,store,101.37,0
367,2025-12-28 14:19:34.301749504,apparel,web,13.81,0
367,2026-01-23 15:35:17.670952401,apparel,web,15.65,0
367,2026-03-06 14:40:56.428554286,home,mobile_app,44.2,1
367,2026-03-07 21:33:37.216027898,electronics,web,9.28,0
367,2026-04-21 21:43:33.301077255,beauty,web,12.15,0
367,2026-05-06 13:19:50.052180916,electronics,store,176.6,0
368,2026-03-23 01:04:34.172620741,home,web,20.87,0
368,2026-03-30 02:05:00.918612624,sports,store,32.15,0
368,2026-04-07 21:21:57.207147236,home,mobile_app,9.94,1
368,2026-04-20 13:46:47.631699725,electronics,web,45.11,0
368,2026-07-02 00:12:31.304475041,beauty,store,41.99,0
368,2026-07-13 20:32:41.991897282,apparel,mobile_app,31.41,0
368,2026-07-30 22:18:19.442718441,beauty,web,92.19,0
370,2025-01-11 13:59:40.135214674,grocery,web,54.86,0
370,2025-02-06 08:45:14.095838641,home,web,50.6,0
370,2025-03-28 22:36:56.780033524,home,web,69.69,0
370,2025-04-13 09:20:28.190461425,home,mobile_app,9.42,0
370,2025-07-14 03:39:26.262721184,home,store,48.89,0
370,2025-09-12 18:44:41.469465443,beauty,web,137.14,0
370,2025-09-28 07:54:42.399395943,apparel,web,99.23,0
370,2026-01-19 23:38:08.982912250,home,web,56.33,0
370,2026-02-23 23:17:52.593815956,home,web,117.18,0
370,2026-03-09 19:13:46.043884103,home,web,16.44,0
370,2026-05-14 23:08:35.968558889,apparel,mobile_app,74.13,0
370,2026-06-16 11:46:37.047925543,electronics,store,24.53,0
370,2026-06-30 02:44:42.555009659,grocery,mobile_app,164.62,0
370,2026-07-04 23:38:26.168435137,apparel,mobile_app,8.95,0
370,2026-07-07 11:43:05.517798223,apparel,mobile_app,32.06,0
371,2026-04-01 10:37:27.315848427,electronics,mobile_app,21.17,0
371,2026-04-01 13:40:05.946252419,sports,mobile_app,30.48,0
371,2026-05-23 07:21:01.577846970,home,web,28.07,0
371,2026-06-06 05:42:15.641046078,apparel,web,14.34,0
371,2026-07-07 16:22:30.275596494,home,web,35.51,0
372,2025-02-04 17:31:27.659396514,home,store,6.1,0
372,2025-04-21 18:01:55.889420970,electronics,web,139.37,0
372,2025-06-24 05:08:38.597629068,beauty,store,205.4,0
372,2025-08-30 22:23:34.001415837,home,mobile_app,40.22,0
372,2025-10-05 00:25:40.936712696,sports,mobile_app,12.23,0
372,2025-11-14 10:05:00.478526721,electronics,mobile_app,22.76,1
372,2025-12-02 00:17:59.742878335,sports,web,42.19,0
372,2026-01-05 00:26:43.562608682,sports,web,57.95,0
372,2026-04-15 20:18:22.680294371,sports,mobile_app,19.54,0
372,2026-07-07 01:51:02.639697662,electronics,mobile_app,18.18,0
372,2026-07-27 09:44:03.640843810,apparel,store,68.41,0
373,2025-10-14 07:53:42.292230467,apparel,web,155.31,0
373,2025-11-20 20:17:45.584330206,electronics,mobile_app,25.82,0
373,2026-01-03 05:23:49.136463056,sports,web,22.52,0
373,2026-01-20 01:03:46.881305298,apparel,web,43.86,0
373,2026-02-04 19:30:59.444318751,home,web,11.73,0
373,2026-06-10 06:40:31.611944246,electronics,web,71.25,0
373,2026-06-16 19:48:30.699610762,sports,mobile_app,87.39,0
373,2026-07-11 10:50:57.570420515,electronics,web,101.5,0
373,2026-07-16 17:19:53.489671197,sports,web,12.59,0
374,2025-12-14 02:25:01.081337054,home,mobile_app,63.49,0
374,2026-01-12 16:43:56.277843796,home,mobile_app,39.23,0
374,2026-04-11 01:01:08.335016277,sports,mobile_app,30.79,0
374,2026-06-11 08:40:58.828263698,grocery,store,49.4,0
374,2026-06-15 10:38:02.293710553,apparel,web,20.89,0
374,2026-06-29 01:58:46.820927790,apparel,web,56.82,0
374,2026-07-10 03:16:28.364826810,electronics,mobile_app,47.48,0
375,2025-04-07 08:08:37.825937031,beauty,web,28.17,0
375,2025-04-29 15:53:59.261699213,electronics,mobile_app,51.23,1
375,2025-06-02 20:51:30.376075542,electronics,store,7.98,0
375,2025-07-17 03:35:01.640374394,home,mobile_app,21.0,0
375,2025-08-05 10:06:48.869335452,grocery,mobile_app,77.75,0
375,2025-08-20 07:50:15.233308314,grocery,store,62.38,0
375,2025-09-28 18:53:29.602372774,apparel,mobile_app,32.13,0
375,2025-11-17 06:15:44.110682571,grocery,mobile_app,16.83,0
375,2025-11-20 15:46:52.899908679,home,web,113.99,0
375,2025-12-17 15:09:16.157392627,apparel,mobile_app,42.52,0
375,2026-01-05 22:28:28.114117018,beauty,web,17.51,0
375,2026-02-21 12:12:17.569081057,grocery,mobile_app,25.72,0
375,2026-03-07 15:39:33.446211463,grocery,web,18.7,0
375,2026-03-25 18:05:37.311622651,grocery,web,11.02,0
375,2026-04-16 00:52:23.053237899,electronics,web,15.94,1
375,2026-05-17 05:32:22.333299899,beauty,web,13.43,0
376,2026-07-21 10:38:15.862718976,electronics,mobile_app,13.79,0
377,2025-02-03 21:28:32.780032047,sports,web,16.87,0
377,2025-02-10 18:15:16.080516718,sports,web,26.41,0
377,2025-03-23 22:10:30.110654914,apparel,web,119.24,0
377,2025-05-28 23:21:37.869242994,grocery,web,69.64,0
377,2025-07-24 04:33:50.474924131,sports,mobile_app,21.43,0
377,2025-08-09 02:58:57.449855430,sports,mobile_app,61.89,1
377,2025-09-26 07:06:10.403904235,grocery,web,11.5,0
377,2026-04-02 22:13:54.867316115,beauty,web,22.52,0
377,2026-06-02 03:29:25.933360465,electronics,mobile_app,87.35,0
377,2026-06-05 04:38:15.514984810,grocery,web,23.01,0
377,2026-06-05 10:15:02.409631258,sports,web,8.09,0
377,2026-07-12 23:31:49.843193650,apparel,mobile_app,8.69,0
378,2025-02-26 10:25:20.432469026,apparel,store,91.22,0
378,2025-05-08 03:35:04.729446917,apparel,web,40.54,0
378,2026-01-21 20:03:40.999971730,apparel,web,45.5,0
378,2026-03-01 07:32:30.684359115,sports,web,40.56,0
378,2026-04-11 21:34:48.189837375,beauty,web,83.04,0
378,2026-07-06 17:45:42.903144467,grocery,mobile_app,28.35,0
378,2026-07-17 09:22:40.004094562,grocery,web,5.01,1
379,2025-12-23 17:54:21.295707302,beauty,web,14.99,0
379,2026-03-06 14:24:33.804544856,beauty,mobile_app,18.34,0
379,2026-03-08 16:31:45.946610861,apparel,store,126.55,0
379,2026-04-24 19:57:31.941100838,beauty,web,39.05,1
379,2026-06-15 07:59:34.026008136,beauty,mobile_app,23.98,0
380,2026-01-10 20:08:51.619697515,sports,web,13.12,0
380,2026-01-22 22:49:54.996663922,sports,web,114.34,0
380,2026-01-23 15:40:29.647626007,home,mobile_app,26.26,0
380,2026-03-21 09:22:49.976338619,sports,mobile_app,41.88,0
380,2026-05-01 17:29:15.823383980,beauty,web,86.06,0
380,2026-07-08 04:38:29.683913646,apparel,mobile_app,23.45,0
380,2026-07-09 01:14:09.281239737,apparel,web,15.33,0
380,2026-07-16 08:19:27.229861189,electronics,web,7.54,0
382,2024-05-20 23:43:40.339744577,sports,mobile_app,16.21,0
382,2024-07-17 11:52:05.538372076,beauty,web,20.9,0
382,2024-11-29 05:49:32.660687972,apparel,web,3.36,0
382,2025-01-05 17:27:03.088356636,electronics,web,21.2,0
382,2025-02-19 11:35:47.956614651,apparel,store,59.01,0
382,2025-05-31 16:50:25.452984794,home,store,38.39,0
382,2025-07-04 08:09:39.555348216,home,mobile_app,28.41,0
382,2025-08-27 07:40:03.073459659,apparel,web,18.54,0
382,2025-10-14 07:50:56.596772582,beauty,web,26.55,0
382,2025-10-17 06:43:03.642850609,sports,mobile_app,67.14,0
382,2025-12-21 16:36:05.425568304,sports,web,13.98,0
382,2026-03-27 15:21:04.476893939,sports,mobile_app,81.24,0
382,2026-05-18 07:51:40.624004431,sports,mobile_app,22.71,0
382,2026-06-12 14:11:16.944052779,sports,web,23.5,0
383,2024-08-03 10:55:47.467699963,apparel,web,6.99,0
383,2024-08-29 08:47:53.647966482,apparel,store,185.27,0
383,2024-09-26 23:28:50.219511652,electronics,mobile_app,6.37,0
383,2024-10-04 05:56:50.672062649,apparel,web,98.04,0
383,2024-12-09 15:41:20.999580548,home,store,49.1,0
383,2024-12-12 16:38:26.858435764,home,web,21.42,0
383,2024-12-28 23:32:18.489257592,electronics,mobile_app,26.21,0
383,2025-01-01 15:31:00.512487884,electronics,web,14.78,0
383,2025-02-23 01:11:04.798236040,electronics,mobile_app,129.22,0
383,2025-04-14 11:59:57.397501960,grocery,store,33.36,1
383,2025-05-26 09:05:19.892346214,apparel,web,53.33,0
383,2025-06-02 05:23:32.573663322,grocery,web,11.79,0
383,2025-06-11 20:55:06.492658017,sports,mobile_app,7.97,1
383,2025-06-16 20:41:02.448479029,grocery,mobile_app,41.14,0
383,2025-07-06 18:36:30.337733097,home,web,21.55,0
383,2025-07-11 09:37:31.878686666,home,mobile_app,20.69,0
383,2025-07-22 20:51:58.795557411,home,store,16.59,0
383,2025-09-09 13:43:59.585655458,electronics,web,12.72,0
383,2025-12-08 07:55:27.830221721,home,mobile_app,16.03,0
383,2025-12-08 09:43:57.414973331,grocery,web,9.45,0
383,2026-01-20 05:29:22.455964738,apparel,mobile_app,17.89,0
383,2026-02-12 03:52:08.777010130,home,web,19.34,0
383,2026-03-22 18:31:36.080837703,grocery,mobile_app,52.71,0
383,2026-05-25 07:19:50.651427142,sports,mobile_app,98.74,0
383,2026-07-16 18:07:46.197574032,sports,store,40.38,0
383,2026-07-18 05:01:32.765750046,grocery,web,6.92,0
384,2026-02-26 08:52:05.382351570,apparel,web,22.64,0
384,2026-03-02 16:36:20.984531556,beauty,web,54.52,0
384,2026-03-29 15:15:51.336259647,sports,mobile_app,92.73,0
384,2026-04-04 09:32:06.829033681,sports,web,38.11,0
384,2026-06-06 14:56:36.105194697,beauty,web,48.85,0
384,2026-07-27 07:13:15.329117260,electronics,store,33.59,0
385,2026-07-12 23:58:25.974670757,beauty,mobile_app,30.19,0
386,2026-07-01 17:53:04.876498781,home,store,168.03,0
388,2025-11-13 03:50:12.483890310,electronics,web,70.34,0
388,2025-12-29 21:33:23.604618062,electronics,mobile_app,30.49,0
388,2026-02-10 08:29:44.309905484,electronics,mobile_app,33.68,0
388,2026-03-01 07:42:43.964620800,home,mobile_app,164.44,0
388,2026-03-20 20:28:45.088470688,electronics,mobile_app,9.34,0
388,2026-05-05 13:09:01.218045465,grocery,web,41.22,0
388,2026-05-21 04:39:49.970331191,electronics,store,11.54,0
388,2026-07-11 03:18:40.032399632,electronics,mobile_app,25.16,0
389,2024-09-16 22:15:14.222718700,grocery,store,63.91,0
389,2025-02-17 15:26:56.321441722,apparel,web,34.99,0
389,2025-04-29 20:59:32.011359032,apparel,store,139.55,0
389,2025-05-24 12:02:24.132618422,beauty,mobile_app,30.26,0
389,2025-07-06 00:35:31.465431655,apparel,store,18.37,0
389,2025-07-12 16:57:34.409545468,beauty,web,14.97,0
389,2025-08-10 12:04:09.567395259,grocery,mobile_app,39.39,0
389,2025-10-19 13:02:11.345090589,grocery,mobile_app,12.63,0
389,2025-11-03 08:04:30.419754906,apparel,web,19.15,0
389,2025-11-21 14:53:21.407144816,electronics,mobile_app,20.16,0
389,2026-02-04 02:28:08.823123593,grocery,store,77.24,0
389,2026-02-16 12:29:53.432971533,apparel,web,21.0,0
389,2026-03-17 15:08:45.679592170,electronics,mobile_app,16.15,0
389,2026-06-29 08:46:31.262734575,sports,web,64.14,0
390,2026-06-20 01:38:57.222890368,grocery,web,30.43,0
390,2026-07-27 00:43:57.049096236,apparel,web,27.08,0
391,2025-02-13 02:34:56.978769225,apparel,web,27.35,0
391,2025-06-22 18:30:49.541789477,sports,mobile_app,59.42,0
391,2025-11-19 23:49:23.780731118,grocery,store,9.64,0
391,2026-01-15 10:29:30.120583558,grocery,web,9.98,0
391,2026-01-31 23:24:54.413539414,sports,store,38.68,0
391,2026-03-26 22:06:43.427404124,home,web,74.0,0
391,2026-04-28 20:01:40.146560930,sports,web,87.14,0
391,2026-04-30 03:14:00.286575303,electronics,mobile_app,124.06,0
391,2026-05-23 13:35:02.049275798,sports,store,30.67,0
391,2026-06-15 20:22:37.896950589,grocery,web,58.36,0
391,2026-07-22 20:34:04.910975305,apparel,mobile_app,60.29,0
392,2026-03-09 10:39:27.692657283,electronics,store,13.21,0
392,2026-06-12 14:57:04.560193291,sports,web,18.98,0
392,2026-07-16 06:41:10.501009187,beauty,mobile_app,34.07,0
393,2026-03-16 15:27:42.994218546,electronics,store,27.74,0
393,2026-05-28 03:25:02.449584832,home,store,16.26,1
393,2026-06-06 01:36:24.624748443,electronics,mobile_app,305.42,0
393,2026-06-19 16:34:53.917646667,apparel,mobile_app,12.46,0
393,2026-07-29 16:18:26.318286490,grocery,web,45.07,0
394,2025-09-18 05:53:54.042615903,grocery,mobile_app,58.47,0
394,2025-10-28 21:58:55.257925916,apparel,web,477.76,0
394,2026-01-19 23:22:52.601645471,home,web,26.06,0
394,2026-03-03 15:50:22.645760352,electronics,web,53.85,0
394,2026-04-15 22:45:00.229303668,apparel,store,32.41,0
394,2026-05-07 01:15:29.503587724,apparel,mobile_app,200.39,0
394,2026-06-05 11:27:41.878917214,beauty,web,38.34,0
395,2025-09-25 10:14:18.217263849,electronics,web,21.64,0
395,2025-10-22 02:44:14.246697728,apparel,web,66.48,0
395,2025-12-03 02:25:51.245275273,beauty,web,146.17,0
395,2025-12-03 11:12:28.544029339,apparel,web,72.3,0
395,2025-12-05 04:10:00.156244515,grocery,mobile_app,50.63,0
395,2025-12-10 10:31:59.524350186,sports,web,41.01,0
395,2026-03-12 19:14:54.232010690,grocery,store,27.05,0
395,2026-06-03 20:13:13.790524682,sports,web,81.03,0
395,2026-06-09 14:54:58.498215083,home,web,23.81,0
395,2026-06-20 11:16:07.592859403,grocery,mobile_app,19.78,0
395,2026-07-17 14:17:06.702844212,apparel,mobile_app,6.74,0
395,2026-07-25 10:17:50.296294084,sports,store,42.47,0
396,2025-05-26 06:59:20.446321249,beauty,web,20.67,0
396,2025-09-12 04:52:27.071607199,sports,store,36.39,0
396,2026-02-15 22:36:03.941633607,electronics,web,22.63,0
396,2026-03-06 04:44:42.635627993,apparel,web,121.88,0
396,2026-05-19 09:06:03.893226296,home,mobile_app,18.32,1
396,2026-06-09 23:08:11.496602490,apparel,mobile_app,27.85,0
396,2026-07-13 22:54:58.592781323,home,web,67.97,0
397,2026-07-16 00:47:16.542484314,apparel,mobile_app,35.43,0
397,2026-07-26 19:53:25.213441103,apparel,mobile_app,54.92,0
398,2026-02-21 19:36:07.138528198,apparel,store,22.46,0
398,2026-02-23 23:48:09.522155132,grocery,web,13.46,0
398,2026-02-28 07:14:54.703055740,sports,store,23.05,0
398,2026-04-22 19:13:21.915808983,home,web,58.89,0
398,2026-05-07 04:32:16.765181990,grocery,store,21.96,0
398,2026-07-16 19:12:52.703930215,home,web,15.08,0
399,2026-05-25 02:35:18.873815436,sports,web,53.34,0
399,2026-07-01 01:03:02.478455350,beauty,web,133.3,0
399,2026-07-01 07:16:12.347618981,home,store,27.86,0
400,2026-01-19 19:23:24.305192745,apparel,web,189.51,0
400,2026-01-26 14:42:23.709984864,sports,mobile_app,20.93,0
400,2026-03-07 05:30:12.663842887,electronics,web,15.48,0
400,2026-03-10 09:43:17.527826036,grocery,mobile_app,23.13,0
400,2026-03-31 05:27:12.272669352,electronics,mobile_app,22.22,0
401,2024-08-03 19:18:32.661075860,grocery,web,10.11,0
401,2024-10-06 10:12:07.580686122,beauty,web,46.45,0
401,2024-12-13 15:12:33.713961512,apparel,store,135.06,0
401,2025-02-04 22:59:43.043941047,apparel,mobile_app,55.61,0
401,2025-02-07 00:14:37.085129967,electronics,web,54.5,0
401,2025-03-22 16:04:06.597281292,electronics,web,88.6,0
401,2025-03-24 17:22:28.394628425,electronics,web,12.57,0
401,2025-04-22 06:08:00.745803672,electronics,store,66.32,0
401,2025-08-22 10:32:38.163183637,beauty,mobile_app,83.9,0
401,2025-09-30 06:53:52.887391322,beauty,store,9.53,0
401,2025-10-20 09:57:19.929003123,sports,mobile_app,15.08,1
401,2025-12-13 08:00:08.159600912,apparel,mobile_app,64.1,0
401,2026-02-25 09:48:55.703127364,home,web,186.83,0
401,2026-06-10 04:22:41.327810475,home,mobile_app,36.58,0
401,2026-07-05 19:40:54.489182385,sports,mobile_app,4.36,0
402,2025-01-23 04:14:51.199794716,electronics,web,33.51,0
402,2025-02-01 09:17:09.622117859,beauty,web,16.72,0
402,2025-03-29 14:25:56.246766808,electronics,mobile_app,360.01,0
402,2025-05-06 10:22:19.722116854,electronics,web,5.59,0
402,2025-05-13 14:33:27.485751168,grocery,web,42.65,0
402,2025-06-15 11:10:38.372902764,electronics,web,18.3,0
402,2025-07-03 00:23:11.720681112,grocery,mobile_app,51.55,0
402,2025-07-04 12:26:28.141257864,beauty,web,158.98,0
402,2025-07-29 23:20:29.254894276,sports,store,30.94,0
402,2025-09-11 03:38:13.829221689,home,web,41.48,1
402,2025-09-26 19:00:01.159787483,beauty,mobile_app,23.0,0
402,2026-01-04 04:37:49.405522190,beauty,web,59.06,0
402,2026-03-19 19:35:34.433176022,beauty,store,32.55,0
402,2026-03-27 02:42:37.210367944,home,web,75.87,0
402,2026-05-16 16:36:16.981556199,electronics,web,35.89,0
403,2025-10-21 20:29:33.780853015,sports,web,7.58,0
403,2025-11-17 10:27:53.748213970,apparel,mobile_app,16.64,0
403,2025-12-31 18:50:18.297434674,beauty,mobile_app,100.11,0
403,2026-01-24 22:54:49.977407656,home,web,149.08,0
403,2026-02-11 07:52:37.097800289,sports,store,27.53,0
403,2026-03-21 08:12:16.172427828,home,store,9.69,1
403,2026-04-28 20:11:52.560122813,beauty,store,40.65,0
403,2026-06-08 14:28:53.636040650,sports,mobile_app,99.41,0
403,2026-07-03 08:36:21.262943152,beauty,mobile_app,14.91,0
403,2026-07-08 12:42:01.853629103,home,web,23.42,0
403,2026-07-25 18:52:39.487716682,apparel,web,46.6,0
404,2024-12-12 06:51:29.017850550,electronics,web,164.87,0
404,2025-04-02 11:42:06.752133303,beauty,web,32.7,0
404,2025-04-03 18:46:17.008132106,apparel,mobile_app,147.14,0
404,2025-04-16 05:22:45.450611334,apparel,store,37.44,0
404,2025-04-18 09:51:18.739018478,sports,mobile_app,9.99,0
404,2025-07-26 05:24:13.645824884,beauty,mobile_app,87.76,0
404,2025-07-27 04:54:02.260247634,grocery,mobile_app,25.58,0
404,2025-10-28 10:47:21.832918464,home,store,23.91,0
404,2025-12-07 13:19:26.533345616,home,web,147.46,0
404,2025-12-23 07:13:34.349726122,sports,web,30.62,0
404,2026-01-16 09:32:08.413020788,electronics,web,31.18,0
404,2026-02-18 14:41:17.457068285,beauty,web,41.63,0
404,2026-03-20 00:47:54.996946144,electronics,mobile_app,14.67,0
405,2025-11-26 01:11:05.514408137,electronics,store,116.32,0
405,2025-12-15 17:57:21.049569631,home,mobile_app,33.56,0
405,2026-01-23 03:47:33.262769544,grocery,web,85.18,0
405,2026-03-04 00:26:28.605383768,home,mobile_app,39.68,0
405,2026-03-15 16:22:19.139112083,sports,web,3.13,0
405,2026-04-07 23:48:37.895276929,grocery,web,9.74,0
405,2026-05-26 18:36:13.744950757,sports,web,54.38,0
405,2026-07-03 06:09:49.736566011,electronics,web,21.66,0
406,2025-06-15 00:12:15.239107875,grocery,web,11.49,0
406,2025-08-03 08:06:41.716989421,beauty,mobile_app,19.59,0
406,2025-08-11 04:30:24.776926592,apparel,web,228.33,0
406,2025-10-19 16:41:38.326243385,sports,web,28.22,0
406,2025-11-10 20:06:19.500922006,beauty,web,89.65,0
406,2025-12-28 08:35:27.633683832,sports,web,59.71,0
406,2026-01-20 17:16:44.314058280,home,store,26.38,0
406,2026-02-03 19:18:34.798125825,apparel,web,36.15,0
406,2026-02-04 12:06:26.883517260,sports,mobile_app,15.02,0
406,2026-03-21 17:15:17.501868193,home,store,24.69,0
406,2026-03-22 18:01:54.895575438,beauty,web,27.04,0
406,2026-04-26 21:36:27.685536204,home,mobile_app,75.66,0
407,2025-10-11 18:35:50.252102581,sports,mobile_app,28.72,0
407,2025-11-30 14:55:30.177889513,sports,mobile_app,10.43,0
407,2026-01-24 01:40:11.136946536,sports,store,56.89,0
407,2026-01-27 12:44:34.463633626,home,store,34.88,0
407,2026-02-04 02:52:29.434257192,sports,web,21.44,1
407,2026-02-06 05:07:56.325789907,electronics,store,16.39,0
407,2026-03-04 15:47:19.893693875,home,mobile_app,84.25,0
407,2026-03-05 23:38:39.449663564,beauty,mobile_app,7.33,0
407,2026-03-28 08:06:30.475985979,apparel,mobile_app,31.14,0
407,2026-04-05 22:37:11.642595730,home,web,9.28,0
407,2026-06-02 04:04:07.137522780,grocery,web,39.47,0
408,2026-05-07 03:09:46.565671833,apparel,web,29.94,0
409,2024-05-19 15:57:49.846300946,home,web,41.07,0
409,2024-06-17 16:40:24.354636410,beauty,web,33.74,0
409,2024-07-17 06:34:45.451716537,grocery,mobile_app,67.9,0
409,2024-09-17 15:59:42.207829426,grocery,store,16.04,0
409,2024-12-09 14:31:20.155482564,electronics,web,32.59,0
409,2025-06-07 19:52:39.516447415,sports,web,114.23,0
409,2025-07-21 11:49:54.992698372,sports,web,24.18,0
409,2025-07-21 23:03:26.727782409,grocery,mobile_app,26.4,0
409,2025-07-30 00:45:19.205680799,sports,store,28.79,0
409,2025-09-06 00:43:08.379249215,beauty,web,17.12,0
409,2025-09-29 06:26:53.108681016,grocery,web,20.8,0
409,2025-10-23 07:39:08.000504482,apparel,mobile_app,47.22,0
409,2025-12-23 20:56:37.275816322,home,mobile_app,20.83,0
409,2026-01-13 06:03:05.900756202,sports,web,20.9,0
409,2026-01-15 06:49:04.302389911,grocery,mobile_app,14.08,0
409,2026-02-04 03:03:41.525159576,home,mobile_app,11.01,0
409,2026-04-07 12:24:27.387709558,grocery,store,79.49,0
409,2026-04-23 18:13:38.278196225,apparel,web,20.9,0
409,2026-05-04 13:57:54.449544989,beauty,web,30.12,0
409,2026-06-20 09:38:46.220008218,sports,mobile_app,38.55,0
411,2026-05-25 15:50:52.898480912,home,web,18.2,0
411,2026-06-18 05:59:25.045679948,home,mobile_app,82.18,0
412,2025-12-28 14:01:50.159403501,grocery,web,84.0,0
412,2025-12-29 19:50:47.044406061,apparel,mobile_app,23.25,0
412,2026-02-04 09:29:23.855475345,beauty,store,84.82,0
412,2026-03-12 11:47:13.910038631,sports,web,63.46,0
412,2026-03-25 09:45:00.432279375,beauty,store,81.86,0
412,2026-04-17 16:04:32.488052794,apparel,mobile_app,115.02,0
412,2026-06-03 03:23:06.295819693,beauty,web,48.17,0
412,2026-07-16 04:30:54.767163287,sports,store,60.78,0
413,2026-07-08 03:11:08.930599170,grocery,store,46.17,0
413,2026-07-10 00:08:50.057175671,electronics,mobile_app,320.3,0
414,2026-07-30 12:01:36.661876332,electronics,mobile_app,18.28,0
415,2026-07-11 17:28:07.440770586,apparel,mobile_app,23.3,0
416,2025-11-08 10:51:12.874709365,electronics,mobile_app,46.12,0
416,2026-01-12 10:07:24.346222706,electronics,web,38.58,0
416,2026-02-16 07:19:00.709810836,electronics,web,16.41,0
416,2026-03-25 23:00:15.817287690,electronics,mobile_app,47.35,0
416,2026-04-08 21:49:54.406268959,sports,mobile_app,26.73,0
416,2026-07-24 00:50:10.824391894,electronics,mobile_app,3.7,0
416,2026-07-29 23:05:49.455405814,apparel,store,198.32,0
417,2025-09-13 18:21:03.626451205,beauty,mobile_app,19.41,0
417,2025-09-17 19:36:29.295075569,home,store,89.99,0
417,2025-10-29 04:46:54.618407032,electronics,web,14.57,0
417,2025-11-17 10:37:56.618174318,home,mobile_app,15.19,0
417,2025-11-30 01:52:45.264948624,grocery,web,46.94,0
417,2025-12-04 05:51:25.872814248,electronics,web,5.2,0
417,2026-02-14 11:00:46.951261448,grocery,web,38.66,0
417,2026-02-23 00:11:59.032858805,apparel,web,33.11,0
417,2026-02-24 16:05:10.319347418,grocery,web,38.45,0
417,2026-03-30 13:35:02.636264956,electronics,store,39.3,0
417,2026-04-16 21:56:04.714805303,beauty,mobile_app,84.11,0
417,2026-04-21 00:40:29.334704224,home,mobile_app,34.77,0
417,2026-04-21 04:22:20.185269618,electronics,web,111.92,0
417,2026-06-02 22:14:25.810934551,apparel,mobile_app,146.32,0
417,2026-07-14 16:01:41.982292310,electronics,mobile_app,27.53,0
417,2026-07-14 18:53:28.961494786,sports,web,22.32,0
417,2026-07-30 03:03:37.019563365,sports,mobile_app,13.38,0
419,2026-01-11 16:45:41.913122461,beauty,mobile_app,22.37,0
419,2026-02-28 02:38:19.332116760,home,web,29.85,0
419,2026-03-27 07:38:52.204362801,electronics,mobile_app,33.66,0
419,2026-04-16 20:41:45.212574397,apparel,store,57.2,0
419,2026-04-29 10:11:23.308242804,grocery,web,5.06,0
419,2026-05-06 05:42:29.556791491,beauty,store,12.74,0
419,2026-06-05 17:19:07.509663069,grocery,web,110.16,0
419,2026-06-24 10:28:15.862940890,grocery,web,42.37,0
419,2026-06-29 18:15:23.472082423,grocery,store,31.87,1
420,2025-12-10 02:35:18.682214882,beauty,web,13.51,0
420,2025-12-10 16:34:49.241644868,beauty,web,14.12,0
420,2026-01-14 07:03:04.197949710,apparel,web,80.45,0
420,2026-02-28 05:38:30.221111585,apparel,web,29.62,1
420,2026-03-18 19:36:26.024532426,apparel,web,6.02,0
420,2026-03-23 10:50:32.679377762,grocery,mobile_app,99.81,0
420,2026-04-05 11:24:46.156208737,grocery,web,19.03,0
420,2026-05-18 06:06:51.355876879,apparel,mobile_app,12.12,0
421,2024-12-02 16:41:20.400241964,grocery,store,13.57,0
421,2024-12-28 16:38:27.824325816,sports,web,60.9,0
421,2025-01-03 06:09:00.216616577,apparel,mobile_app,70.89,0
421,2025-01-14 07:25:07.569840962,home,web,12.09,0
421,2025-01-15 18:01:35.781912869,grocery,mobile_app,53.14,0
421,2025-02-28 13:59:21.962387383,electronics,web,22.95,0
421,2025-04-09 02:01:40.109119300,beauty,mobile_app,12.18,0
421,2025-05-09 13:09:59.319218500,apparel,web,52.35,0
421,2025-08-01 06:26:09.291322197,home,mobile_app,44.75,0
421,2025-08-20 12:47:31.588872836,sports,mobile_app,17.91,0
421,2025-10-14 22:26:10.271727079,grocery,mobile_app,101.1,0
421,2025-11-16 19:40:34.040423471,grocery,web,12.2,0
421,2025-11-30 04:15:11.391478647,beauty,store,43.62,0
421,2026-02-02 10:58:43.545549427,grocery,web,99.56,0
421,2026-03-16 07:50:58.178462787,electronics,mobile_app,22.63,0
421,2026-03-26 20:00:18.493314982,apparel,web,10.28,0
421,2026-07-10 14:59:52.895688548,electronics,mobile_app,85.94,0
422,2025-11-08 20:32:05.888769565,apparel,mobile_app,38.14,0
422,2025-12-16 14:26:03.294478295,apparel,web,31.88,0
422,2026-01-01 03:54:24.622832279,grocery,web,27.31,0
422,2026-01-05 22:15:13.068564267,grocery,mobile_app,77.05,0
422,2026-01-08 00:49:20.331337014,home,web,25.94,0
422,2026-03-26 10:03:49.696190410,sports,mobile_app,83.19,0
422,2026-07-15 18:44:37.264965931,grocery,store,10.2,0
423,2026-01-10 13:53:03.263398060,sports,mobile_app,35.33,0
423,2026-02-04 11:16:16.699910284,home,mobile_app,7.4,0
423,2026-02-14 17:51:57.699808203,grocery,web,56.28,0
423,2026-02-28 04:41:46.757752564,beauty,web,25.81,0
423,2026-03-11 11:00:57.106331750,grocery,store,71.23,0
423,2026-03-25 19:53:02.620251900,home,store,44.58,0
423,2026-03-28 19:21:49.810740610,apparel,web,9.7,1
423,2026-04-12 02:49:44.173991373,apparel,web,112.28,0
423,2026-05-24 03:46:28.772384316,home,mobile_app,45.98,0
423,2026-06-11 18:24:04.738137339,home,mobile_app,136.36,0
423,2026-07-07 20:52:53.651525322,apparel,web,44.51,0
423,2026-07-21 08:46:44.464627428,apparel,store,36.13,0
424,2025-06-08 03:12:49.221402725,sports,web,9.88,0
424,2025-06-08 14:43:02.741345472,beauty,web,8.56,0
424,2025-08-27 19:19:47.650286033,sports,mobile_app,11.38,0
424,2025-09-08 07:36:15.778201848,home,web,35.17,0
424,2025-09-16 03:23:11.477103942,home,mobile_app,76.88,0
424,2025-09-17 08:40:08.753842635,electronics,web,75.44,0
424,2025-11-07 12:59:13.536724301,apparel,mobile_app,16.88,0
424,2025-11-19 11:01:24.558217012,apparel,web,52.65,0
424,2026-04-12 15:09:12.940679820,apparel,mobile_app,53.11,0
424,2026-05-07 21:12:12.292600338,home,mobile_app,147.58,0
424,2026-05-08 17:10:27.001146185,home,web,63.8,0
425,2025-10-18 13:45:53.700283544,electronics,mobile_app,38.84,0
425,2026-01-03 20:20:40.751021815,sports,store,142.15,0
425,2026-01-13 18:45:12.009754795,home,store,30.9,0
425,2026-02-16 06:12:22.384302668,apparel,web,12.03,0
425,2026-04-07 16:27:28.529093587,home,mobile_app,6.94,0
425,2026-06-09 22:42:25.154284819,grocery,web,19.12,0
426,2026-05-04 11:58:07.048440694,sports,web,55.69,0
426,2026-05-11 10:45:15.654335766,beauty,web,7.34,0
426,2026-05-11 14:30:38.872273709,apparel,web,286.1,0
426,2026-06-13 12:44:01.153142037,electronics,web,33.24,0
426,2026-07-16 06:02:46.700416574,beauty,store,38.53,0
426,2026-07-17 23:00:48.848628526,grocery,web,57.98,0
427,2025-08-04 09:03:51.436304318,sports,web,15.36,0
427,2026-01-04 16:58:45.328459392,apparel,mobile_app,16.17,0
427,2026-01-28 19:34:22.462885710,beauty,mobile_app,5.88,0
427,2026-02-09 20:48:59.025217548,grocery,mobile_app,179.07,0
427,2026-02-25 01:05:39.584486369,beauty,store,14.58,0
427,2026-03-07 03:24:21.954318282,home,mobile_app,8.36,0
427,2026-05-14 09:22:14.116296430,electronics,web,22.76,0
427,2026-06-26 15:36:54.127788192,grocery,mobile_app,45.4,0
428,2025-12-20 01:07:24.509056337,grocery,web,32.82,0
428,2026-01-21 02:52:16.429878005,apparel,mobile_app,25.72,0
428,2026-03-10 13:08:26.879784922,apparel,web,208.29,0
428,2026-03-12 03:27:57.442375809,grocery,mobile_app,15.96,0
428,2026-03-20 03:11:24.662710830,grocery,web,7.93,0
428,2026-03-24 04:22:58.429635246,beauty,web,3.05,0
428,2026-03-29 17:55:56.379523809,home,web,45.39,0
428,2026-04-10 17:04:45.071319205,sports,mobile_app,35.04,0
428,2026-06-02 01:37:16.025090760,beauty,web,25.49,0
428,2026-06-29 16:34:29.284070696,electronics,web,18.12,0
428,2026-06-30 13:38:11.080928343,electronics,web,26.59,0
428,2026-07-07 20:46:22.264747044,home,store,59.99,0
428,2026-07-26 13:33:58.768364866,grocery,web,90.1,0
430,2026-01-02 13:12:14.440195357,sports,web,31.88,0
430,2026-03-14 04:33:16.080554935,sports,web,20.61,0
430,2026-03-19 19:58:19.642888080,apparel,mobile_app,19.51,0
430,2026-04-01 22:26:01.965788852,beauty,store,64.56,0
430,2026-04-08 05:52:07.166124446,home,mobile_app,7.69,0
430,2026-04-24 02:27:33.836742133,apparel,web,24.09,0
430,2026-06-25 06:26:55.465928690,beauty,mobile_app,17.81,0
430,2026-07-07 13:26:08.043595772,grocery,mobile_app,167.08,0
430,2026-07-18 03:54:30.591117574,sports,web,53.7,0
432,2026-04-27 03:33:00.977224110,grocery,web,71.3,0
432,2026-05-13 07:23:05.529473477,home,mobile_app,17.95,0
432,2026-06-11 13:07:50.624235440,apparel,web,218.66,0
432,2026-07-01 06:54:59.524547985,grocery,store,24.77,0
433,2025-06-02 22:35:58.548633916,electronics,mobile_app,80.98,0
433,2025-06-04 17:35:39.222184480,grocery,mobile_app,82.09,0
433,2025-07-11 02:20:21.368083978,beauty,web,17.47,0
433,2025-07-12 22:05:19.748039442,home,store,174.28,0
433,2025-08-09 20:56:02.931140138,grocery,store,63.08,0
433,2025-08-26 01:50:35.164239516,home,web,12.14,0
433,2025-10-20 07:58:36.399661525,grocery,mobile_app,155.16,1
433,2025-11-03 20:02:53.858116009,electronics,mobile_app,22.79,0
433,2025-12-08 21:05:43.359064343,sports,store,23.07,0
433,2026-01-11 07:07:10.518499065,home,mobile_app,16.48,0
433,2026-02-23 04:05:49.145634215,beauty,web,35.55,0
433,2026-02-28 10:46:43.910387072,beauty,mobile_app,30.94,0
433,2026-03-17 15:25:58.212529588,sports,mobile_app,103.27,0
433,2026-05-10 08:56:36.332151677,apparel,mobile_app,32.99,0
433,2026-06-01 08:44:15.329815291,apparel,web,12.03,0
433,2026-06-25 01:26:20.165157652,grocery,mobile_app,209.89,0
433,2026-06-29 12:18:22.098270520,sports,mobile_app,124.96,0
434,2026-07-30 11:32:49.795840320,sports,mobile_app,33.64,0
435,2025-08-28 09:39:05.380164147,apparel,mobile_app,28.24,1
435,2026-01-27 18:39:28.247911140,apparel,store,69.05,0
435,2026-02-09 23:11:28.078804110,beauty,mobile_app,30.68,0
435,2026-07-24 11:38:55.208781756,grocery,web,99.13,0
435,2026-07-25 23:10:04.045895173,grocery,store,15.77,0
437,2025-08-02 03:39:49.109185144,home,web,76.89,0
437,2025-08-12 10:07:01.505627303,grocery,mobile_app,211.57,0
437,2025-09-11 22:43:02.521520153,sports,web,40.2,0
437,2025-10-21 11:39:19.633953549,apparel,store,7.96,0
437,2025-11-29 11:37:24.900772294,beauty,web,40.51,0
437,2025-12-03 07:13:52.704100281,sports,mobile_app,21.59,0
437,2025-12-07 01:21:07.298463840,electronics,mobile_app,14.97,0
437,2026-02-03 13:55:15.662787220,electronics,web,40.0,1
437,2026-02-04 10:00:31.715629984,electronics,web,38.39,0
437,2026-02-06 01:40:04.004901676,apparel,mobile_app,58.15,0
437,2026-04-17 01:50:24.161143909,beauty,web,16.23,0
437,2026-04-22 10:52:16.553979524,apparel,web,17.62,0
437,2026-05-29 17:32:26.666417061,electronics,mobile_app,52.25,0
438,2024-12-11 15:44:47.224889857,electronics,mobile_app,124.52,0
438,2025-01-21 05:37:01.439310870,sports,mobile_app,32.43,0
438,2025-05-03 15:38:13.290478420,sports,web,4.15,0
438,2025-05-16 00:15:26.755258413,sports,mobile_app,9.62,0
438,2025-08-19 11:01:02.454611483,beauty,mobile_app,36.51,0
438,2025-09-01 18:16:40.837031167,sports,web,34.73,0
438,2025-09-04 17:55:37.819779995,apparel,web,46.83,0
438,2025-09-11 09:52:38.208156079,home,mobile_app,58.67,0
438,2026-01-13 12:44:40.997702141,sports,web,61.0,0
438,2026-05-14 00:10:07.285938393,grocery,store,18.93,0
440,2026-01-30 02:54:44.555865789,sports,web,152.43,1
440,2026-02-10 05:43:39.454360266,electronics,store,51.71,0
440,2026-04-01 22:57:04.062375781,apparel,mobile_app,20.82,0
440,2026-04-12 10:16:04.885678272,beauty,web,133.41,0
440,2026-04-18 16:57:46.982075251,grocery,web,63.96,1
440,2026-05-01 09:18:33.257311751,grocery,web,9.83,0
440,2026-06-08 12:07:32.180300153,beauty,store,12.77,0
440,2026-07-25 18:09:03.348148781,apparel,store,7.15,0
441,2026-06-27 02:46:19.466206574,electronics,mobile_app,13.51,0
441,2026-07-07 19:24:08.698183028,sports,mobile_app,64.49,0
441,2026-07-08 04:08:37.590769896,beauty,mobile_app,23.95,0
441,2026-07-26 16:21:36.923260234,beauty,web,150.82,0
442,2026-04-07 10:11:23.620571771,beauty,store,38.49,0
442,2026-04-10 14:50:40.654216669,beauty,mobile_app,48.25,0
442,2026-05-04 12:54:37.430283410,sports,mobile_app,28.63,0
442,2026-05-28 01:06:17.340921571,beauty,mobile_app,30.08,0
442,2026-06-27 23:30:04.638612687,apparel,mobile_app,48.48,0
442,2026-07-29 21:10:17.429018837,electronics,mobile_app,31.02,0
443,2026-07-01 23:22:21.095522107,beauty,mobile_app,41.87,0
444,2025-06-29 19:40:40.107605022,sports,mobile_app,131.78,0
444,2025-10-02 22:08:24.125965213,grocery,web,7.55,0
444,2025-11-15 18:53:16.669349904,beauty,store,31.5,0
444,2026-02-21 19:25:23.474340927,electronics,mobile_app,14.86,0
444,2026-03-04 12:32:20.923100875,beauty,mobile_app,4.67,0
444,2026-05-13 20:16:46.783541162,beauty,web,12.05,0
444,2026-06-12 11:16:32.595456919,apparel,web,79.11,0
445,2026-02-03 19:41:16.544234942,home,web,24.14,0
445,2026-02-13 22:27:20.743674414,apparel,store,16.42,0
445,2026-02-20 05:35:58.897418373,grocery,mobile_app,30.06,0
445,2026-04-28 14:42:57.686207262,electronics,mobile_app,37.98,0
445,2026-05-27 14:06:10.447483344,sports,web,51.91,0
445,2026-06-12 20:59:30.926128186,beauty,store,18.98,0
446,2025-11-01 13:01:13.528801906,sports,mobile_app,50.53,0
446,2025-11-13 23:38:34.217490812,home,web,91.08,1
446,2025-11-16 04:13:37.075162299,grocery,web,46.4,0
446,2025-12-15 06:19:42.362600950,beauty,web,6.71,0
446,2026-01-04 11:00:04.460794154,apparel,web,87.18,0
446,2026-01-26 00:54:15.265211608,home,store,19.63,0
446,2026-03-13 00:28:05.988331500,beauty,web,15.95,1
446,2026-04-08 17:16:23.281144344,electronics,mobile_app,43.62,0
446,2026-04-18 02:33:15.937300308,beauty,web,47.48,0
447,2025-11-23 20:31:46.375357299,home,web,7.55,1
447,2025-12-18 12:24:24.503293034,grocery,mobile_app,24.66,0
447,2026-01-28 15:57:09.073198919,home,store,29.29,0
447,2026-01-28 17:58:39.573909564,home,mobile_app,33.8,0
447,2026-05-22 07:50:16.619006763,apparel,store,84.95,0
447,2026-05-25 12:07:30.607376817,electronics,mobile_app,40.31,0
448,2024-11-09 18:10:27.217576157,sports,mobile_app,18.19,0
448,2024-11-24 21:26:53.064879741,sports,store,32.66,0
448,2025-01-08 21:25:48.868953073,electronics,web,12.18,0
448,2025-02-09 15:49:53.197846168,grocery,web,21.01,0
448,2025-03-06 02:32:49.785924184,electronics,web,33.35,0
448,2025-03-07 22:22:30.447273614,sports,mobile_app,70.17,0
448,2025-04-22 08:06:44.181731483,beauty,web,11.3,0
448,2025-05-24 05:42:10.439678529,electronics,web,34.3,0
448,2025-06-13 14:46:54.486953357,apparel,store,24.83,0
448,2025-06-23 12:58:28.229582430,sports,web,108.02,0
448,2025-08-23 02:14:40.266501041,grocery,mobile_app,65.96,0
448,2025-09-26 09:57:20.233216815,home,mobile_app,15.51,0
448,2025-10-29 04:04:26.259000920,sports,store,16.92,0
448,2026-03-08 02:50:41.281987992,grocery,web,132.12,0
448,2026-04-19 14:13:24.794371520,sports,mobile_app,5.6,0
448,2026-06-28 05:16:03.022878741,electronics,web,23.93,0
448,2026-07-16 02:24:39.691401417,electronics,web,61.76,0
449,2025-11-15 00:35:57.496255760,electronics,web,299.09,0
449,2025-12-07 21:37:22.891123486,beauty,mobile_app,57.88,0
449,2026-02-15 04:27:47.394345062,beauty,mobile_app,35.91,0
449,2026-02-28 05:03:44.009683546,home,mobile_app,41.34,0
449,2026-05-26 07:23:46.557968799,beauty,web,15.2,0
449,2026-06-04 10:15:37.528451321,sports,store,7.77,0
449,2026-06-20 13:25:35.550823677,beauty,mobile_app,83.01,1
450,2026-05-19 06:28:45.225027714,sports,web,59.99,0
450,2026-06-12 18:31:10.151865478,apparel,mobile_app,36.12,0
450,2026-07-03 23:26:16.837055739,home,web,221.54,0
451,2024-05-30 04:25:53.829312189,electronics,web,14.38,0
451,2024-07-05 14:13:45.052015207,grocery,web,61.19,0
451,2024-07-22 22:58:33.108145309,electronics,web,25.7,0
451,2024-08-21 06:05:27.357026390,beauty,mobile_app,17.38,0
451,2024-10-18 12:09:05.162739216,grocery,mobile_app,41.59,0
451,2024-11-14 21:39:48.854901131,grocery,mobile_app,40.7,0
451,2024-11-22 16:36:40.744877389,electronics,web,13.06,0
451,2025-01-11 02:17:37.341838272,sports,web,81.0,0
451,2025-02-06 17:37:50.220398393,home,web,12.57,0
451,2025-03-30 03:13:30.094068830,apparel,mobile_app,9.63,0
451,2025-05-19 04:05:43.086981397,grocery,web,63.49,0
451,2025-05-26 13:03:07.345717200,apparel,mobile_app,32.84,0
451,2025-08-03 09:55:25.773602472,grocery,web,38.78,0
451,2025-08-10 23:48:35.111848848,home,mobile_app,27.8,0
451,2025-09-09 20:31:57.921672456,electronics,store,9.89,0
451,2025-10-14 01:37:03.368807245,grocery,web,34.41,0
451,2025-10-31 16:44:16.859426649,grocery,web,3.68,0
451,2026-02-27 04:18:16.399383590,apparel,mobile_app,148.36,0
451,2026-04-11 02:11:33.878580150,sports,mobile_app,38.85,0
451,2026-04-14 11:17:41.588941442,apparel,web,17.53,1
451,2026-05-15 13:41:03.203470030,home,mobile_app,62.93,0
451,2026-07-25 11:46:33.053690298,sports,web,4.72,0
451,2026-07-27 09:33:27.893575682,apparel,web,51.26,0
451,2026-07-27 18:07:16.386505718,home,mobile_app,11.19,0
452,2025-03-15 05:01:02.860123559,home,store,11.56,0
452,2025-05-13 23:18:27.153168025,grocery,web,17.48,0
452,2025-05-28 03:43:09.229129744,grocery,mobile_app,11.22,0
452,2025-06-21 15:59:17.257654090,sports,web,13.72,0
452,2025-06-25 06:41:55.569993571,grocery,mobile_app,68.18,0
452,2025-07-12 18:30:22.566897274,electronics,mobile_app,52.54,0
452,2025-08-12 09:24:42.560552904,home,web,46.12,1
452,2025-09-13 14:09:21.378200233,home,web,10.11,0
452,2025-10-17 08:25:52.039972779,grocery,store,18.99,0
452,2026-01-20 19:54:29.216058060,apparel,web,206.55,0
452,2026-01-23 08:22:01.698275488,apparel,mobile_app,8.58,0
452,2026-01-30 10:01:22.597589183,grocery,store,14.1,0
452,2026-02-11 20:42:33.854598467,apparel,store,117.04,0
452,2026-05-07 23:24:01.199099541,electronics,mobile_app,5.43,0
452,2026-05-22 12:40:30.951554192,sports,mobile_app,152.38,0
452,2026-05-29 03:20:11.714846350,home,web,42.94,0
453,2025-08-19 22:55:31.544472660,grocery,web,47.46,0
453,2025-09-19 16:07:33.198603704,beauty,store,171.53,0
453,2025-10-29 09:16:02.812335085,beauty,web,229.93,0
453,2025-11-23 00:19:21.479960511,sports,store,15.12,1
453,2025-12-30 07:20:39.410977097,beauty,mobile_app,81.97,0
453,2026-01-21 23:13:02.571386817,home,mobile_app,65.66,0
453,2026-03-04 10:04:46.461362353,sports,web,103.73,0
453,2026-04-12 07:44:35.868505923,apparel,store,84.22,0
453,2026-06-19 10:06:42.222009324,grocery,store,51.04,0
453,2026-06-20 01:32:12.624871103,beauty,web,96.15,1
453,2026-06-23 01:06:15.864013587,beauty,mobile_app,11.92,0
453,2026-07-30 01:55:44.332390929,grocery,store,10.86,0
455,2025-04-22 08:27:03.192310654,grocery,store,131.84,0
455,2025-11-08 05:19:12.168170726,home,store,57.04,0
455,2026-05-10 21:39:32.506049958,home,web,63.99,0
455,2026-07-10 08:13:59.785255172,home,mobile_app,34.74,0
456,2025-04-13 23:29:51.758134055,electronics,web,16.6,0
456,2025-05-08 20:43:58.757624559,sports,web,13.21,0
456,2025-05-21 20:17:24.093161529,electronics,web,71.86,0
456,2025-07-31 04:42:58.866233084,home,store,8.12,0
456,2025-08-03 05:51:20.912580424,grocery,mobile_app,26.59,0
456,2025-09-07 12:52:28.025647660,grocery,web,15.06,0
456,2025-11-29 14:57:33.997104479,beauty,web,65.26,1
456,2026-03-03 16:43:16.041293743,sports,mobile_app,16.5,0
456,2026-04-16 01:31:54.258628919,grocery,store,22.64,0
456,2026-07-02 08:12:48.027358524,electronics,web,35.21,0
456,2026-07-14 03:31:49.666708192,apparel,store,15.43,1
456,2026-07-30 03:12:54.205110850,home,web,41.74,1
457,2026-03-31 00:33:36.968069212,electronics,mobile_app,44.7,0
457,2026-04-06 00:10:21.961987044,grocery,mobile_app,22.42,0
457,2026-04-09 21:11:19.506940458,apparel,web,114.09,0
457,2026-04-19 03:37:57.768972505,beauty,store,205.24,0
457,2026-04-22 10:29:40.933795379,sports,web,29.49,0
457,2026-07-20 03:53:31.251797927,beauty,mobile_app,27.66,0
458,2025-03-02 16:03:05.238904418,home,mobile_app,17.22,0
458,2025-03-17 04:58:21.198964296,beauty,web,59.18,0
458,2025-03-17 06:36:38.830200432,electronics,web,41.69,0
458,2025-05-17 06:24:32.400804595,sports,store,17.37,0
458,2025-07-06 05:12:21.052073866,beauty,mobile_app,116.07,0
458,2025-08-09 11:29:05.633141871,home,web,178.67,0
458,2025-08-14 15:46:08.625164227,apparel,mobile_app,11.26,0
458,2025-09-24 06:38:10.256770663,beauty,web,104.79,0
458,2025-09-30 20:37:09.941695698,home,mobile_app,172.3,0
458,2025-12-01 07:50:47.912439541,beauty,mobile_app,44.84,0
458,2025-12-31 23:38:12.724184807,electronics,web,37.8,0
458,2026-01-14 04:22:40.285006695,grocery,web,5.92,0
458,2026-01-22 08:21:27.253434384,home,mobile_app,22.21,0
458,2026-02-15 23:07:29.726808422,sports,web,148.86,0
458,2026-06-16 15:52:21.879015408,beauty,store,5.51,0
459,2025-10-07 00:11:52.123656688,sports,store,6.04,0
459,2025-10-27 12:33:30.130046931,home,web,22.98,0
459,2025-10-28 09:08:05.644442608,grocery,store,10.11,0
459,2025-12-27 10:13:01.948182094,grocery,store,33.02,0
459,2026-02-10 06:55:12.293486775,home,mobile_app,37.1,0
459,2026-03-01 22:40:33.201897050,electronics,web,12.0,0
459,2026-03-10 08:33:50.915443891,apparel,mobile_app,14.91,0
459,2026-03-11 16:35:41.107333005,grocery,web,10.23,0
459,2026-03-26 02:57:09.291117056,beauty,mobile_app,32.7,0
459,2026-04-16 13:54:26.646304384,beauty,web,38.65,0
459,2026-05-12 15:07:09.470754005,grocery,mobile_app,33.51,0
459,2026-05-26 05:57:36.367545719,home,mobile_app,53.06,0
459,2026-06-22 08:40:13.004481337,home,mobile_app,29.34,0
459,2026-06-23 00:17:31.965414398,apparel,web,14.69,0
460,2026-05-02 12:31:03.558578247,sports,web,83.56,0
460,2026-06-19 13:22:10.101842611,electronics,store,21.41,0
460,2026-06-22 07:34:37.719965479,electronics,mobile_app,11.97,0
460,2026-07-06 01:08:16.896529833,grocery,web,28.51,0
461,2025-09-15 07:20:00.650158596,grocery,mobile_app,52.87,0
461,2025-10-22 22:07:14.359888149,home,web,14.26,1
461,2026-01-19 09:53:13.402888262,electronics,web,38.47,0
461,2026-03-29 02:29:15.844163465,sports,web,57.09,0
461,2026-04-07 21:04:13.909997759,apparel,mobile_app,41.26,0
461,2026-06-19 15:38:36.269051177,sports,web,32.82,0
461,2026-06-24 00:33:18.102307165,grocery,store,67.33,1
461,2026-07-12 05:39:58.924699823,grocery,web,12.98,0
461,2026-07-23 16:46:46.016884278,beauty,mobile_app,28.15,0
462,2026-05-23 21:04:17.536732937,beauty,mobile_app,112.47,1
463,2025-05-18 18:50:45.551718117,electronics,mobile_app,206.7,0
463,2025-05-26 19:51:28.256640607,home,mobile_app,44.69,0
463,2025-05-27 19:50:54.223022455,grocery,web,59.02,0
463,2025-07-14 13:11:22.938518006,sports,web,54.63,0
463,2025-08-10 16:58:20.186145956,beauty,web,8.01,0
463,2025-09-11 21:41:59.492416273,sports,web,58.74,0
463,2025-11-26 22:34:56.003639711,grocery,web,46.79,0
463,2025-12-16 17:15:09.855958565,grocery,web,324.53,0
463,2026-03-29 19:17:57.281783047,apparel,mobile_app,30.41,0
463,2026-04-02 23:54:58.562139618,sports,web,8.53,0
463,2026-05-16 19:12:11.776317711,sports,web,20.19,0
463,2026-06-14 07:17:06.973967262,sports,mobile_app,38.04,0
463,2026-07-11 00:11:59.880764688,apparel,web,6.6,0
463,2026-07-20 14:29:20.648777877,sports,web,115.23,0
464,2025-08-13 21:31:12.841299259,grocery,store,54.64,0
464,2025-10-04 14:04:00.996008780,home,web,14.27,0
464,2025-11-04 19:55:43.479137543,sports,mobile_app,36.43,0
464,2025-12-11 07:58:31.917026122,electronics,mobile_app,20.41,0
464,2026-01-04 02:11:22.182254748,sports,mobile_app,48.94,0
464,2026-03-26 10:58:16.511241533,home,mobile_app,108.96,0
464,2026-03-31 07:37:52.735460235,beauty,web,13.64,0
465,2026-07-16 00:38:06.675413024,sports,web,18.55,0
466,2024-10-12 23:43:22.243612898,sports,mobile_app,59.47,0
466,2024-10-31 06:25:04.776761410,sports,mobile_app,122.19,0
466,2024-11-04 19:46:57.242282705,beauty,store,123.75,0
466,2025-01-08 00:06:27.330700626,beauty,store,12.86,0
466,2025-01-31 12:47:40.226758204,grocery,web,33.04,0
466,2025-02-06 15:39:42.880052719,grocery,mobile_app,24.9,0
466,2025-02-23 15:04:52.256797706,grocery,mobile_app,6.43,0
466,2025-03-21 11:00:43.065375423,beauty,mobile_app,45.69,0
466,2025-04-15 11:26:39.170445611,grocery,web,23.4,0
466,2025-04-22 15:24:25.933222970,beauty,web,46.34,0
466,2025-06-14 20:42:28.268903025,home,store,56.41,0
466,2025-08-24 14:14:36.131313449,sports,mobile_app,6.12,0
466,2025-09-08 01:19:22.101181750,beauty,mobile_app,12.93,0
466,2025-09-08 03:13:53.777042625,sports,web,118.21,0
466,2025-09-14 22:24:23.417652197,electronics,mobile_app,20.81,0
466,2025-11-15 23:36:16.947037812,apparel,web,24.13,0
466,2025-12-12 20:04:36.789997962,electronics,web,40.09,0
466,2026-04-19 11:43:53.077435277,grocery,store,32.89,0
466,2026-05-15 09:50:27.871040683,apparel,web,58.11,0
466,2026-06-14 17:26:29.071628639,beauty,store,8.59,0
467,2026-04-13 23:41:49.671729572,home,mobile_app,29.25,0
467,2026-05-16 02:18:54.919374976,beauty,mobile_app,21.69,0
467,2026-05-27 21:08:46.695802247,beauty,web,8.96,0
467,2026-06-15 02:04:23.923756304,electronics,store,54.41,0
468,2025-05-30 04:59:00.282397961,beauty,mobile_app,69.2,1
468,2025-05-30 07:08:39.626982024,home,web,38.52,0
468,2025-09-05 18:31:58.823140190,home,mobile_app,114.51,0
468,2025-11-17 00:23:09.412530997,apparel,web,29.79,0
468,2026-01-05 21:36:08.666351707,home,store,96.64,0
468,2026-01-07 06:42:55.210761962,electronics,web,20.11,0
468,2026-02-15 06:00:09.268082321,apparel,mobile_app,45.5,0
468,2026-05-02 23:48:34.711207434,grocery,mobile_app,4.54,0
468,2026-05-19 17:45:17.066381052,apparel,web,19.63,1
468,2026-06-09 02:59:30.026151805,sports,mobile_app,34.2,0
468,2026-07-02 22:10:51.022601447,apparel,web,3.78,0
469,2026-03-12 09:50:23.320114590,sports,web,53.2,0
469,2026-03-19 03:46:13.385736601,grocery,web,24.14,0
469,2026-03-29 12:33:15.797256728,sports,store,39.81,0
469,2026-06-16 23:57:03.576727976,home,web,20.16,0
469,2026-06-20 02:08:44.755609676,home,web,73.22,0
469,2026-06-24 02:07:59.306948501,beauty,mobile_app,65.47,0
469,2026-06-25 14:07:45.569555170,electronics,mobile_app,41.95,0
469,2026-06-27 21:31:13.297221864,beauty,store,4.62,0
469,2026-07-19 12:00:31.008897188,sports,web,9.91,0
469,2026-07-26 23:22:58.638872194,grocery,mobile_app,17.0,0
470,2024-06-05 08:28:08.308162866,apparel,mobile_app,33.52,0
470,2024-06-07 18:45:25.590298767,beauty,web,76.68,0
470,2024-06-23 17:12:43.361749944,apparel,web,13.71,0
470,2024-08-03 04:16:53.027980813,beauty,mobile_app,18.71,0
470,2024-08-08 00:55:12.754378097,beauty,store,131.75,0
470,2024-09-02 23:12:12.601570079,home,web,50.69,0
470,2024-10-24 17:43:59.834934590,beauty,web,49.36,0
470,2024-12-26 15:30:44.817513699,apparel,web,121.67,0
470,2025-01-25 15:43:28.199049445,beauty,mobile_app,156.83,0
470,2025-01-26 18:35:23.705474390,sports,store,57.85,0
470,2025-02-25 05:50:27.760998097,apparel,web,56.31,0
470,2025-03-26 14:44:23.329879677,home,web,77.97,0
470,2025-04-21 06:46:13.091741023,home,mobile_app,42.81,0
470,2025-04-29 01:42:55.919382460,electronics,web,68.65,0
470,2025-05-16 03:36:28.478178574,electronics,web,26.66,0
470,2025-08-02 05:01:28.542137826,sports,web,130.95,0
470,2025-08-08 16:11:01.905570960,electronics,mobile_app,48.2,0
470,2025-08-14 18:03:06.165037368,sports,web,114.2,0
470,2025-08-25 06:37:10.857373485,electronics,mobile_app,31.24,0
470,2025-09-09 06:14:13.499195520,apparel,web,34.3,0
470,2025-09-24 13:04:34.651772089,electronics,web,99.56,0
470,2025-10-03 12:42:03.015629580,sports,web,19.01,0
470,2025-10-17 01:07:21.915089363,home,web,16.82,0
470,2025-11-06 02:27:00.732036258,electronics,store,31.23,0
470,2026-01-03 05:37:07.994042472,electronics,web,97.41,0
470,2026-01-16 22:14:06.846130819,sports,store,34.31,0
470,2026-03-23 23:26:17.508309487,grocery,web,45.81,0
470,2026-03-27 22:15:08.899183201,home,web,11.77,1
470,2026-05-17 14:31:48.684470938,home,web,13.08,0
470,2026-05-30 23:08:58.205324729,grocery,web,8.81,0
470,2026-07-12 08:36:05.989488604,home,mobile_app,72.54,0
470,2026-07-25 20:06:09.780352431,beauty,mobile_app,41.0,0
471,2025-07-12 17:07:53.862402294,sports,mobile_app,57.06,0
471,2025-08-27 04:32:28.716588713,sports,web,31.91,0
471,2025-10-16 17:59:49.205490228,sports,web,29.95,0
471,2025-11-03 09:31:57.764113790,beauty,web,39.15,0
471,2025-11-20 18:39:34.297659340,beauty,store,8.25,0
471,2025-11-25 06:06:17.154890756,sports,store,60.04,0
471,2025-12-05 14:35:16.973393531,grocery,web,22.17,0
471,2025-12-20 17:26:52.452582067,electronics,web,31.73,0
471,2025-12-28 15:39:31.527656937,grocery,web,45.38,0
471,2026-01-12 14:50:23.206519842,apparel,mobile_app,26.08,0
471,2026-01-28 02:30:15.216281001,apparel,mobile_app,147.17,0
471,2026-07-03 02:53:19.326039188,electronics,web,8.58,0
471,2026-07-12 08:47:18.658576418,electronics,store,198.43,0
471,2026-07-17 20:14:13.702186459,apparel,web,78.61,0
472,2025-03-04 04:15:30.066991065,grocery,web,72.4,0
472,2025-03-06 20:20:01.690937906,home,web,88.55,0
472,2025-03-16 02:20:19.326089591,electronics,web,24.58,0
472,2025-04-08 05:19:45.263943766,home,web,222.37,0
472,2025-07-20 15:15:46.947936696,apparel,mobile_app,54.77,0
472,2025-08-07 05:03:27.330773556,grocery,web,73.06,0
472,2025-11-29 07:27:41.269477289,grocery,store,6.3,0
472,2025-12-05 17:04:50.466636671,grocery,mobile_app,81.17,0
472,2025-12-21 13:02:44.518956156,grocery,store,106.28,0
472,2026-03-15 20:02:43.870066109,apparel,web,35.25,0
472,2026-03-25 06:20:46.113687013,home,mobile_app,15.1,0
472,2026-04-24 00:38:01.777914042,grocery,store,45.68,0
472,2026-05-29 03:18:52.881325503,electronics,web,26.0,0
472,2026-06-25 22:00:15.406195027,apparel,mobile_app,27.25,0
472,2026-07-02 17:07:37.316587633,beauty,mobile_app,37.45,0
472,2026-07-14 22:55:08.834873264,grocery,mobile_app,202.32,0
473,2025-08-07 06:22:08.199851230,home,mobile_app,27.34,0
473,2025-08-11 08:33:21.771308840,sports,mobile_app,19.56,0
473,2025-08-18 08:24:31.838470598,apparel,web,31.53,0
473,2025-10-15 06:55:22.605672453,grocery,web,102.49,0
473,2025-10-16 15:28:02.673335669,electronics,store,105.27,0
473,2025-10-17 22:08:16.465304072,apparel,web,10.37,0
473,2025-12-09 14:08:09.728081071,beauty,web,14.31,0
473,2026-01-07 08:24:33.120801133,beauty,mobile_app,17.29,0
473,2026-04-22 11:57:54.968113723,home,web,97.84,0
473,2026-05-05 12:54:30.278494691,grocery,mobile_app,85.33,1
473,2026-05-06 16:05:46.055846697,grocery,web,118.06,0
473,2026-06-12 09:57:55.092676848,apparel,web,22.64,0
473,2026-06-17 21:29:47.880588077,electronics,store,82.55,0
473,2026-07-19 20:48:58.250288803,sports,mobile_app,36.01,0
473,2026-07-22 18:37:44.398158693,sports,store,74.27,0
474,2025-08-16 06:38:55.014088301,sports,web,16.64,0
474,2025-08-26 09:52:31.246443999,beauty,mobile_app,42.64,0
474,2025-10-01 08:30:07.632475373,beauty,store,48.41,0
474,2025-10-22 06:50:13.149940722,beauty,web,99.46,0
474,2025-12-09 12:42:42.349085767,electronics,mobile_app,43.31,0
474,2026-02-18 02:49:11.981278200,sports,mobile_app,23.59,0
474,2026-03-09 02:38:16.337602367,beauty,web,15.49,0
474,2026-05-03 06:28:57.950316308,sports,web,71.32,0
474,2026-06-07 18:00:48.317818119,home,web,82.78,0
474,2026-07-10 01:51:19.309910248,sports,web,27.12,0
475,2025-07-03 21:39:10.018281586,home,web,56.64,0
475,2025-08-04 18:24:30.730491810,electronics,store,12.16,0
475,2025-09-28 21:58:57.784268327,beauty,web,23.02,0
475,2025-10-07 01:47:20.032966323,home,web,7.23,0
475,2025-10-14 19:35:52.768929383,sports,web,17.91,1
475,2025-10-19 21:06:08.778243356,grocery,web,61.35,0
475,2025-11-25 13:38:59.045990589,grocery,web,224.68,1
475,2026-02-08 21:16:17.874588193,apparel,mobile_app,15.89,0
475,2026-06-08 10:21:22.970151073,sports,web,18.0,0
475,2026-06-08 10:50:38.818671882,home,web,35.66,0
476,2025-03-16 15:34:42.212681314,home,store,32.46,0
476,2025-05-15 10:07:07.970813530,sports,store,52.13,0
476,2025-07-16 12:09:45.747495749,grocery,web,100.42,0
476,2025-11-08 19:17:04.717193638,electronics,web,32.56,0
476,2025-12-13 05:52:01.352137351,apparel,web,101.89,0
476,2025-12-20 10:05:16.648355945,apparel,store,22.06,0
476,2026-03-29 22:49:44.436020857,grocery,web,42.41,0
476,2026-06-22 01:03:52.315885567,grocery,web,70.79,0
477,2024-07-16 09:09:47.796595716,grocery,store,31.18,0
477,2024-07-30 04:41:23.337586168,beauty,web,26.58,0
477,2024-09-15 17:47:51.159392647,beauty,web,12.03,0
477,2024-09-21 04:22:31.569307689,sports,web,44.04,0
477,2024-09-29 02:20:20.400647548,grocery,mobile_app,30.39,0
477,2024-11-29 09:36:28.165903918,beauty,store,40.41,0
477,2024-12-30 02:26:05.325503226,grocery,mobile_app,24.43,0
477,2025-02-07 21:26:45.094314941,electronics,web,11.05,0
477,2025-02-16 17:13:51.446856594,apparel,web,73.13,0
477,2025-04-30 07:00:31.196001937,grocery,mobile_app,88.96,0
477,2025-06-17 08:49:29.042522706,beauty,store,13.31,0
477,2025-10-02 15:23:16.880669886,apparel,web,85.45,0
477,2025-10-15 02:52:48.975553226,electronics,web,52.45,0
477,2025-12-04 12:22:22.281895751,grocery,web,19.37,0
477,2025-12-11 13:32:35.478985031,electronics,web,15.76,0
477,2026-01-13 09:49:28.173290886,home,web,17.89,0
477,2026-02-02 03:25:05.025946328,electronics,store,120.2,0
477,2026-02-11 02:43:21.231150759,home,web,26.24,0
477,2026-04-06 14:06:01.012062739,beauty,mobile_app,19.4,0
477,2026-04-06 19:05:55.921578018,home,store,51.46,0
477,2026-05-09 13:30:04.605645935,grocery,web,17.7,0
477,2026-05-10 11:45:54.338086723,beauty,web,90.93,0
477,2026-06-25 17:47:54.811659267,apparel,mobile_app,20.02,0
477,2026-07-18 02:25:18.979689862,grocery,web,13.66,0
478,2026-07-05 20:17:10.512392761,grocery,web,41.02,0
479,2025-02-14 07:49:47.739843008,home,web,14.38,0
479,2025-04-10 20:58:16.603354684,home,web,24.67,0
479,2025-07-07 20:50:03.817295618,apparel,store,23.92,0
479,2025-07-21 09:02:07.534959666,grocery,mobile_app,35.53,0
479,2025-10-03 07:43:03.398830410,grocery,mobile_app,52.99,0
479,2025-10-31 08:48:51.443732667,grocery,mobile_app,57.69,0
479,2025-11-07 20:16:22.736234033,electronics,mobile_app,6.34,0
479,2026-02-11 13:13:29.051916456,beauty,web,32.19,0
479,2026-02-28 13:55:45.943490105,electronics,web,96.72,0
479,2026-03-01 20:27:01.438713340,home,mobile_app,133.94,0
479,2026-07-13 22:10:20.961760201,electronics,store,25.39,0
480,2026-04-21 17:27:08.771349796,beauty,web,8.47,0
480,2026-04-25 15:22:45.692907048,electronics,mobile_app,33.84,1
480,2026-05-10 00:29:15.982476234,electronics,mobile_app,21.09,0
481,2026-03-05 02:00:52.624245186,grocery,store,9.63,0
481,2026-03-18 13:12:12.607838206,grocery,store,11.47,0
481,2026-05-29 12:04:55.425981026,grocery,store,18.54,0
482,2024-10-08 16:18:55.222177217,home,web,41.68,0
482,2024-10-24 06:40:51.365270545,grocery,mobile_app,39.28,0
482,2024-11-25 05:52:20.939908567,electronics,web,58.07,0
482,2024-12-12 21:52:13.785795630,beauty,store,4.88,0
482,2024-12-21 01:40:22.543738764,home,mobile_app,26.71,0
482,2025-01-26 07:38:03.419185094,sports,mobile_app,102.53,0
482,2025-03-31 10:11:05.862064189,home,mobile_app,32.93,0
482,2025-05-13 21:21:33.791802936,beauty,web,30.6,0
482,2025-06-17 06:46:01.590224397,electronics,store,153.38,0
482,2025-08-01 02:36:18.312307742,beauty,web,39.65,0
482,2025-08-11 20:22:53.330880124,sports,web,14.42,0
482,2025-09-24 15:22:21.586824547,electronics,web,89.04,0
482,2025-10-03 23:48:22.736442341,electronics,web,31.92,0
482,2025-10-25 13:28:30.961335810,grocery,store,40.45,0
482,2026-02-01 03:41:01.914807918,beauty,mobile_app,20.38,0
482,2026-04-06 00:21:40.215259613,apparel,mobile_app,36.83,0
482,2026-05-28 23:45:38.848401781,electronics,mobile_app,21.17,0
483,2026-02-23 06:55:17.859649423,sports,web,17.88,0
483,2026-04-17 11:21:27.810459193,sports,store,88.49,0
483,2026-04-26 02:12:05.986653282,grocery,web,32.98,0
483,2026-06-05 12:38:37.499612888,sports,mobile_app,41.77,0
483,2026-06-20 04:00:12.401883504,apparel,mobile_app,35.29,0
483,2026-06-28 07:20:00.488288144,electronics,web,62.72,0
484,2025-01-25 19:55:39.118590506,grocery,store,31.94,0
484,2025-02-20 23:12:42.578623792,apparel,web,83.16,0
484,2025-03-29 00:40:49.371417970,grocery,store,42.78,0
484,2025-05-12 03:10:25.046795399,grocery,mobile_app,10.97,0
484,2025-07-05 15:30:06.006360079,grocery,web,45.11,0
484,2025-08-07 15:07:52.996753975,grocery,web,35.43,0
484,2025-09-22 16:59:09.584699450,apparel,web,15.36,0
484,2025-09-23 01:17:27.397387269,sports,mobile_app,36.44,0
484,2025-11-10 16:40:00.896935521,beauty,mobile_app,18.19,0
484,2025-11-17 06:25:15.794053107,beauty,mobile_app,12.73,0
484,2025-12-03 07:33:35.751716243,home,web,13.96,0
484,2025-12-29 03:37:20.551820374,beauty,mobile_app,48.44,0
484,2026-01-19 21:43:43.836458541,electronics,mobile_app,21.58,0
484,2026-01-20 20:19:22.493301603,grocery,store,77.22,0
484,2026-06-03 16:13:24.576883234,electronics,web,40.8,0
485,2026-05-26 12:24:44.103784032,electronics,web,54.2,0
485,2026-05-30 00:12:33.316327734,grocery,store,10.0,0
485,2026-06-02 20:59:10.893943588,grocery,mobile_app,66.21,0
485,2026-07-03 23:39:24.544980516,grocery,web,46.16,0
485,2026-07-22 01:43:38.050120477,beauty,web,89.1,0
486,2026-04-19 00:50:49.823984605,grocery,web,55.22,0
486,2026-04-30 20:59:20.058802584,sports,store,86.68,0
486,2026-05-01 14:48:59.904582043,beauty,web,74.47,0
486,2026-06-29 04:21:15.157340059,beauty,web,32.72,0
487,2025-10-27 13:14:25.841170153,electronics,web,59.44,0
487,2025-11-06 19:50:53.969175384,grocery,web,41.41,0
487,2025-12-13 06:22:55.685746722,sports,store,80.14,0
487,2025-12-26 09:16:43.805610492,apparel,mobile_app,31.14,0
487,2026-01-24 04:37:20.381203704,sports,store,55.65,0
487,2026-04-13 03:33:26.077880806,sports,mobile_app,157.28,0
487,2026-04-14 17:09:57.608940413,home,web,13.33,0
487,2026-07-13 17:09:35.321720663,beauty,mobile_app,43.3,0
487,2026-07-21 04:35:50.272725486,sports,web,20.06,0
488,2025-08-17 13:36:19.221253175,apparel,mobile_app,41.98,1
488,2025-08-23 15:17:28.877206782,apparel,web,48.68,0
488,2025-08-30 11:54:34.552568328,home,store,20.42,0
488,2025-09-17 11:47:26.420285400,grocery,web,16.78,0
488,2025-10-03 11:27:53.876027074,beauty,mobile_app,30.22,1
488,2025-11-06 13:56:24.118648599,home,mobile_app,55.88,0
488,2026-02-04 05:12:34.253092896,electronics,mobile_app,193.98,0
488,2026-02-04 17:15:39.652345248,grocery,web,26.95,0
488,2026-04-07 21:31:26.001200485,electronics,web,18.76,0
488,2026-06-11 11:54:21.542421405,beauty,mobile_app,65.47,0
489,2025-03-01 20:01:21.928963700,sports,mobile_app,10.69,0
489,2025-03-03 19:30:50.503383421,sports,web,15.15,0
489,2025-06-29 15:37:54.529542901,grocery,web,65.31,0
489,2025-06-29 23:57:28.368783078,home,web,41.51,0
489,2025-07-19 14:16:13.682909263,home,web,47.76,0
489,2025-10-16 20:42:10.533479717,sports,store,42.32,0
489,2025-10-28 04:29:43.161989655,grocery,web,19.53,0
489,2025-11-21 03:57:25.385472625,sports,mobile_app,37.77,0
489,2025-11-27 00:57:11.945356854,electronics,store,68.51,0
489,2026-01-03 06:43:59.699458563,sports,web,6.39,0
489,2026-01-09 15:29:43.117463075,apparel,web,34.03,0
489,2026-01-19 00:28:57.812747955,electronics,store,15.54,0
489,2026-05-09 03:11:11.870531832,electronics,mobile_app,34.19,0
490,2025-07-16 17:59:05.498721508,sports,web,88.75,0
490,2025-08-16 19:19:16.553808768,home,store,10.56,0
490,2025-09-21 01:54:21.631745152,apparel,store,83.76,0
490,2025-10-28 02:07:56.384551195,apparel,mobile_app,4.46,0
490,2025-12-08 09:03:05.905889399,beauty,mobile_app,92.52,0
490,2025-12-28 22:47:27.652792284,grocery,mobile_app,112.3,0
490,2026-04-23 15:49:07.314850448,beauty,store,13.77,0
490,2026-07-09 16:31:13.678524653,grocery,web,36.13,0
490,2026-07-22 04:00:05.659791567,beauty,store,5.83,0
491,2025-01-18 12:00:48.683578729,apparel,web,13.35,0
491,2025-02-26 22:22:39.116108404,sports,store,18.27,0
491,2025-05-15 21:44:31.380061984,beauty,web,22.17,1
491,2025-05-17 22:02:52.501873848,sports,web,74.96,0
491,2025-07-24 20:30:58.305373831,sports,web,49.31,0
491,2025-08-09 22:35:14.784710422,beauty,mobile_app,63.43,0
491,2025-10-01 11:57:21.278081302,electronics,store,18.05,0
491,2025-10-21 09:27:12.828774670,grocery,mobile_app,14.26,0
491,2025-11-08 18:13:38.498012789,sports,store,9.8,0
491,2026-02-02 19:20:15.150862819,beauty,web,30.43,0
491,2026-02-08 13:51:35.917604874,home,web,22.41,0
491,2026-02-19 11:23:32.760995327,electronics,web,23.18,0
491,2026-05-07 17:47:04.282388817,sports,store,80.64,0
491,2026-07-30 14:04:15.984291807,electronics,web,26.1,0
492,2024-06-17 20:40:47.223742685,electronics,store,15.96,0
492,2024-07-12 19:17:42.568646453,apparel,web,38.97,0
492,2024-07-29 23:46:16.106512826,home,store,69.38,0
492,2024-08-10 20:13:50.362936099,sports,mobile_app,10.63,1
492,2024-09-30 15:49:17.964739581,electronics,mobile_app,14.73,0
492,2024-11-10 15:11:35.676032689,beauty,web,60.24,0
492,2025-02-04 15:52:50.164217835,grocery,mobile_app,14.02,0
492,2025-03-17 09:35:31.762999657,beauty,web,57.78,0
492,2025-04-29 10:31:49.848912835,grocery,store,32.16,1
492,2025-08-01 10:07:13.590983151,sports,mobile_app,16.75,0
492,2025-08-27 09:50:59.362760614,grocery,web,3.0,0
492,2025-10-18 23:24:31.405057180,apparel,store,7.06,0
492,2025-12-13 21:53:15.391158862,apparel,mobile_app,15.52,0
492,2026-01-29 20:06:21.943524154,apparel,store,33.22,0
492,2026-02-25 19:08:00.465340800,grocery,store,38.5,0
492,2026-03-20 06:42:18.646971927,electronics,mobile_app,3.0,0
492,2026-04-07 23:13:15.488080441,beauty,web,18.04,0
492,2026-05-08 01:31:26.658035804,beauty,web,33.47,0
492,2026-05-09 15:53:01.977738954,home,web,17.79,0
492,2026-06-05 20:22:00.314529039,apparel,web,11.07,0
492,2026-07-15 03:26:18.947045893,sports,web,53.9,0
493,2025-01-14 15:59:18.315010015,sports,mobile_app,5.88,0
493,2025-02-19 00:24:34.692003703,grocery,mobile_app,4.81,0
493,2025-03-05 04:52:01.385915921,grocery,mobile_app,28.14,0
493,2025-05-09 21:37:57.546989962,home,web,24.1,0
493,2025-05-24 05:56:59.872676894,grocery,mobile_app,37.24,1
493,2025-06-28 16:27:12.287556951,electronics,mobile_app,63.24,0
493,2025-07-03 19:42:22.785394355,sports,web,7.01,0
493,2025-11-07 07:04:44.059780428,home,web,18.79,0
493,2025-11-15 17:44:58.332694935,grocery,mobile_app,114.19,0
493,2026-02-21 16:20:14.357634960,home,mobile_app,110.63,0
493,2026-03-13 00:26:41.828430624,sports,mobile_app,24.37,0
494,2025-11-10 02:48:08.910550648,home,web,177.33,0
494,2025-12-08 16:36:06.887608056,home,mobile_app,16.11,0
494,2025-12-17 18:15:09.749344873,electronics,web,87.75,0
494,2026-05-24 20:13:57.101286839,grocery,store,21.59,0
494,2026-06-25 12:44:55.311835794,grocery,web,19.32,0
494,2026-07-13 09:11:30.033276847,electronics,store,22.77,0
494,2026-07-17 02:59:43.889321910,electronics,web,179.93,0
495,2026-01-07 15:56:46.022671283,home,web,102.07,0
495,2026-04-17 01:40:38.816034042,beauty,web,76.92,0
496,2026-05-17 20:00:12.901864920,home,mobile_app,30.51,0
496,2026-05-22 20:00:58.491235752,electronics,web,102.66,0
496,2026-06-14 10:57:25.122248557,electronics,web,44.73,0
496,2026-07-01 05:30:54.297368335,electronics,web,55.15,0
496,2026-07-03 17:38:29.384147881,grocery,web,46.46,1
497,2026-05-21 16:51:30.251846077,beauty,store,63.89,1
497,2026-05-23 01:55:28.658189033,sports,store,9.01,0
497,2026-06-28 21:38:48.890018372,apparel,web,23.75,0
497,2026-07-05 03:49:15.723705781,beauty,web,165.97,0
497,2026-07-11 22:15:25.371155238,electronics,mobile_app,65.67,0
498,2026-06-05 19:08:14.396564210,electronics,mobile_app,31.84,0
498,2026-06-12 20:15:32.897707088,home,web,87.57,0
498,2026-06-21 01:14:48.570585977,beauty,mobile_app,75.5,0
498,2026-06-30 01:06:08.878467834,home,web,23.9,0
498,2026-07-04 15:44:05.306066382,electronics,web,60.56,0
498,2026-07-13 17:49:20.999187437,sports,web,52.71,0
499,2024-05-17 22:44:30.024505698,apparel,web,37.79,0
499,2024-05-26 10:40:10.529379627,grocery,web,94.26,0
499,2024-06-13 00:10:07.315935575,sports,mobile_app,66.9,0
499,2024-07-06 00:21:59.305680876,home,web,10.03,0
499,2024-09-22 05:09:09.503160207,grocery,web,10.62,0
499,2024-10-07 11:06:16.748458802,home,web,17.67,0
499,2024-11-28 22:34:57.192264979,sports,web,128.5,0
499,2025-03-13 05:56:20.056894201,grocery,store,41.53,0
499,2025-03-14 02:20:45.370640314,home,web,119.73,0
499,2025-04-24 10:23:38.108839834,sports,web,62.93,0
499,2025-05-15 16:26:34.090951056,home,mobile_app,28.59,0
499,2025-05-29 03:47:19.106847624,electronics,web,32.0,0
499,2025-07-09 21:05:46.289994945,sports,mobile_app,51.24,0
499,2025-08-15 20:06:55.291171839,grocery,web,46.2,1
499,2025-09-18 00:22:10.111653803,home,mobile_app,16.3,0
499,2025-10-02 02:37:13.032675319,electronics,store,8.16,0
499,2025-10-05 00:51:52.445231882,home,mobile_app,63.91,0
499,2025-10-20 00:57:51.790445571,electronics,mobile_app,74.91,0
499,2026-01-03 08:31:53.395614633,beauty,web,3.0,0
499,2026-02-27 17:45:45.078775895,apparel,mobile_app,13.31,0
499,2026-03-26 08:02:59.599905718,apparel,web,72.28,0
499,2026-07-09 11:13:58.188163449,apparel,mobile_app,24.77,0
499,2026-07-25 09:41:49.959156472,home,store,79.84,0
500,2025-12-25 15:49:15.373841656,beauty,web,25.23,0
500,2026-02-05 14:28:16.167581409,apparel,web,14.5,0
500,2026-02-22 14:46:48.727778129,home,web,9.79,0
500,2026-04-29 17:39:32.635815031,home,web,64.54,0
500,2026-05-11 14:21:00.478377692,sports,web,39.28,0
500,2026-05-24 06:27:28.926377062,electronics,web,9.73,0
500,2026-07-20 18:46:57.088484853,beauty,web,35.15,0
501,2026-06-06 18:26:12.851544996,home,mobile_app,15.87,0
502,2025-03-14 21:29:23.916874909,electronics,store,48.4,0
502,2025-03-30 22:55:19.161540308,apparel,mobile_app,71.52,0
502,2025-04-16 08:02:38.311356264,beauty,store,82.48,0
502,2025-06-20 12:51:20.520672100,electronics,mobile_app,38.65,0
502,2025-07-05 05:56:16.143421831,apparel,mobile_app,24.94,0
502,2025-08-08 14:38:35.592033872,electronics,web,87.27,0
502,2025-09-23 19:40:33.917941422,electronics,web,34.35,0
502,2025-10-25 06:00:03.221403696,sports,store,94.63,0
502,2025-11-09 16:14:11.811908714,home,store,18.02,0
502,2025-11-26 00:29:14.917420617,home,mobile_app,28.83,0
502,2025-12-17 07:32:49.982366133,apparel,store,18.2,0
502,2026-01-17 10:56:13.889141544,home,store,27.23,0
502,2026-03-02 19:44:30.550667822,home,web,24.7,0
502,2026-04-26 01:46:35.212699494,electronics,web,63.6,0
502,2026-05-30 03:47:12.428407767,home,web,27.25,0
502,2026-06-03 04:59:21.330255676,grocery,mobile_app,118.23,0
502,2026-06-07 12:44:03.047060190,apparel,web,21.35,0
502,2026-06-07 23:54:14.214848965,sports,web,63.53,0
502,2026-06-26 09:35:02.656982412,sports,web,59.43,0
503,2025-08-19 05:25:34.087065914,apparel,mobile_app,29.51,0
503,2025-09-04 08:24:08.703686365,apparel,mobile_app,41.47,0
503,2025-09-04 16:36:37.276314855,home,web,26.63,0
503,2025-09-16 04:37:06.526491356,home,store,36.68,0
503,2025-10-14 04:43:54.689665245,grocery,store,69.37,0
503,2025-10-28 10:55:35.673371049,electronics,web,42.4,0
503,2025-11-12 06:54:46.056239177,beauty,store,15.67,0
503,2025-11-23 20:17:35.939097361,electronics,store,168.44,0
503,2026-03-04 21:38:57.362153911,apparel,mobile_app,5.77,0
503,2026-04-20 01:30:41.980249944,grocery,web,18.65,0
503,2026-05-17 21:35:37.404586413,home,mobile_app,23.56,0
503,2026-05-25 21:08:01.425481204,apparel,mobile_app,22.39,0
503,2026-06-12 21:42:13.145712898,beauty,web,37.94,0
504,2025-06-30 09:52:45.412202819,sports,web,19.85,0
504,2025-07-10 13:37:41.725887497,sports,web,54.63,0
504,2025-11-04 13:45:55.426054355,sports,web,37.24,0
504,2025-11-06 00:51:50.495276944,sports,web,26.58,0
504,2025-12-27 03:38:10.809001983,sports,store,85.46,0
504,2026-01-08 01:47:38.780842958,electronics,web,6.97,0
504,2026-01-24 12:21:40.995701033,electronics,store,34.69,0
504,2026-04-06 19:35:22.870701811,apparel,store,23.37,1
504,2026-04-19 17:30:44.242748401,electronics,mobile_app,93.39,0
504,2026-05-26 19:47:00.485281968,home,store,62.32,0
504,2026-07-29 20:56:38.577344376,beauty,store,15.78,0
505,2026-01-20 16:38:41.160717056,apparel,mobile_app,166.91,0
505,2026-01-25 05:24:17.476678904,apparel,mobile_app,18.16,0
505,2026-02-24 00:16:23.810731470,electronics,web,44.57,0
505,2026-03-02 08:42:03.656836887,electronics,web,9.23,0
505,2026-04-17 16:01:55.849984799,beauty,mobile_app,133.24,1
505,2026-05-03 15:08:56.677868212,beauty,web,104.04,0
505,2026-06-22 11:29:27.637914233,grocery,store,47.27,0
505,2026-07-17 21:06:47.600812809,apparel,web,110.07,0
506,2025-12-28 19:06:32.498791235,sports,web,43.54,0
506,2026-02-19 19:41:27.336231459,electronics,mobile_app,8.7,0
506,2026-03-03 22:55:26.191861306,beauty,web,60.75,0
506,2026-04-11 03:28:37.050327760,electronics,mobile_app,6.52,0
506,2026-05-04 11:00:59.656062649,electronics,web,35.73,0
506,2026-05-17 02:23:25.885585441,sports,mobile_app,12.26,0
506,2026-06-24 05:13:22.266580536,grocery,web,20.02,1
506,2026-07-05 19:30:06.691381843,apparel,web,15.78,0
506,2026-07-24 19:28:35.386458361,beauty,web,65.63,1
507,2026-01-26 21:38:57.762611725,electronics,web,16.61,0
507,2026-01-28 00:03:33.467946092,sports,store,49.02,0
508,2026-02-07 09:23:23.926468762,home,mobile_app,41.5,0
508,2026-04-29 01:03:12.674385818,sports,web,82.75,0
508,2026-05-28 00:06:28.547655072,electronics,web,54.44,0
508,2026-07-17 09:39:02.931132370,home,web,17.94,0
509,2026-04-12 06:20:41.966151936,electronics,web,29.24,0
509,2026-04-22 17:29:47.543035535,apparel,web,4.09,0
509,2026-05-06 13:46:02.385345084,sports,web,11.97,0
509,2026-05-15 00:37:15.338185295,sports,web,66.04,0
509,2026-06-17 17:51:40.723246196,home,mobile_app,46.57,0
509,2026-07-19 15:42:50.742164209,beauty,web,81.13,0
509,2026-07-25 06:45:19.550264087,electronics,store,99.95,0
509,2026-07-30 20:29:01.107133167,home,web,29.31,0
510,2026-01-26 19:40:25.282715256,electronics,web,8.41,0
510,2026-02-24 07:44:41.643541038,sports,web,17.5,0
510,2026-03-17 12:23:44.919809624,grocery,web,59.08,0
510,2026-04-12 05:54:40.581399874,electronics,web,11.32,0
510,2026-07-14 22:52:43.212283153,home,store,24.68,0
511,2025-02-28 18:20:17.341339310,beauty,web,23.46,0
511,2025-03-07 14:41:23.475981777,beauty,mobile_app,47.08,0
511,2025-03-24 06:52:19.463353211,home,mobile_app,118.51,0
511,2025-05-02 09:27:20.242990083,grocery,mobile_app,33.0,0
511,2025-05-31 13:37:09.877553804,home,mobile_app,50.91,0
511,2025-06-09 02:22:56.277094230,beauty,web,18.81,0
511,2025-08-18 07:31:39.282281948,beauty,web,32.28,0
511,2025-08-18 20:42:56.651587255,home,store,30.07,0
511,2025-08-20 21:29:29.870678735,electronics,store,37.12,0
511,2025-09-22 07:25:01.276170485,beauty,web,13.46,0
511,2025-09-22 14:24:03.729863152,home,mobile_app,19.28,0
511,2026-04-03 02:30:54.297433792,beauty,mobile_app,9.05,0
512,2025-03-26 18:31:28.381265061,beauty,store,59.68,0
512,2025-04-30 06:34:55.492058387,grocery,web,10.73,0
512,2025-05-20 18:35:54.646681834,electronics,web,28.28,0
512,2025-08-04 04:25:51.762643879,home,web,91.94,0
512,2025-08-28 21:30:11.640658830,electronics,web,31.27,0
512,2025-12-02 22:37:18.272350198,sports,web,37.74,0
512,2025-12-08 23:30:10.978714757,electronics,web,23.27,0
512,2026-02-19 06:19:20.347955003,home,mobile_app,56.22,0
512,2026-03-16 15:08:57.378011969,home,web,41.84,0
512,2026-04-08 20:55:58.573099532,beauty,mobile_app,21.01,1
512,2026-06-24 07:44:05.869598687,apparel,mobile_app,88.61,0
513,2025-08-08 03:25:34.012244459,apparel,mobile_app,37.81,0
513,2025-10-16 22:23:44.744365312,apparel,store,26.34,0
513,2025-10-21 10:28:06.243370660,sports,mobile_app,14.37,0
513,2025-12-19 13:52:21.568618183,sports,web,23.13,0
513,2025-12-30 19:35:08.591615592,apparel,mobile_app,73.76,0
513,2026-01-17 01:38:46.269415931,home,mobile_app,12.94,0
513,2026-02-11 15:08:57.637569855,sports,store,44.35,0
513,2026-03-10 17:27:27.405734121,beauty,mobile_app,68.3,1
513,2026-03-29 05:29:09.164226815,beauty,web,19.49,0
513,2026-05-07 06:32:37.362662181,home,mobile_app,87.87,0
513,2026-05-14 16:53:29.721625219,home,web,22.02,0
513,2026-05-17 06:50:24.791819056,grocery,store,72.87,0
513,2026-06-08 04:13:24.852588287,home,mobile_app,106.66,0
514,2025-04-11 04:41:41.265966440,apparel,web,52.5,0
514,2025-04-15 11:28:17.242724753,apparel,store,15.18,0
514,2025-05-10 00:24:31.940902536,grocery,mobile_app,70.18,0
514,2025-07-19 05:14:23.460272011,apparel,web,20.49,0
514,2025-08-12 13:04:54.412212375,grocery,mobile_app,32.38,0
514,2025-09-19 15:10:07.329962304,apparel,mobile_app,83.52,0
514,2025-09-29 16:06:10.045819867,electronics,web,119.06,0
514,2025-11-02 18:17:56.418592872,sports,store,23.93,0
514,2025-12-10 20:17:40.727513147,grocery,store,367.86,0
514,2026-01-03 01:19:54.939881733,sports,web,23.48,0
514,2026-02-21 03:33:57.350188602,beauty,mobile_app,164.04,0
514,2026-04-04 22:53:46.398944101,grocery,web,74.17,0
514,2026-04-14 07:49:07.128999722,electronics,web,9.26,0
514,2026-05-24 08:58:55.160569745,home,web,49.65,0
514,2026-05-27 12:37:17.918631446,sports,web,59.75,0
514,2026-07-10 01:05:52.688523558,beauty,mobile_app,118.71,0
514,2026-07-27 12:13:39.324091129,home,mobile_app,6.65,0
515,2024-08-05 18:15:22.377665883,beauty,web,17.54,0
515,2024-08-20 00:18:33.554105289,grocery,web,14.91,0
515,2024-08-26 06:04:59.822321535,grocery,web,43.05,0
515,2024-09-27 08:15:40.053813112,home,web,72.46,0
515,2025-02-11 18:45:37.060199257,beauty,web,68.74,0
515,2025-04-14 20:19:12.312578018,sports,mobile_app,167.77,0
515,2025-04-23 21:29:35.425901233,home,store,31.6,0
515,2025-06-22 19:52:27.391242072,electronics,web,55.74,0
515,2025-09-20 22:50:29.193500945,beauty,web,164.52,0
515,2025-10-10 08:54:25.252452119,grocery,web,27.48,0
515,2025-10-13 11:06:19.180759738,sports,mobile_app,57.31,0
515,2025-10-14 00:39:57.408027581,apparel,web,98.61,0
515,2025-11-08 03:20:38.774147750,grocery,mobile_app,16.96,0
515,2025-12-08 04:08:32.041692960,electronics,web,9.69,0
515,2026-01-25 23:38:04.688081918,grocery,web,15.91,0
515,2026-04-15 15:41:44.735906464,grocery,web,22.2,0
515,2026-05-19 20:49:40.552652134,grocery,web,20.63,0
515,2026-05-21 03:38:04.972348505,home,mobile_app,158.71,0
516,2026-07-27 05:40:45.851013869,grocery,mobile_app,9.07,0
517,2026-05-03 21:20:59.359700985,apparel,mobile_app,123.92,1
517,2026-06-03 02:32:07.456226658,home,store,6.8,0
517,2026-07-07 23:18:44.751443913,beauty,web,38.86,0
518,2026-05-24 10:47:21.929252122,apparel,web,16.28,1
519,2025-10-18 18:24:00.689819841,apparel,web,25.99,0
519,2026-01-02 02:45:23.641903665,beauty,mobile_app,63.29,0
519,2026-03-20 05:41:39.157416831,beauty,mobile_app,20.9,1
519,2026-03-31 00:49:53.806088759,apparel,web,24.91,0
520,2025-06-01 17:09:38.856443789,beauty,web,55.13,0
520,2025-09-11 15:14:21.570792634,grocery,mobile_app,19.37,0
520,2026-01-03 20:32:31.549112336,grocery,mobile_app,9.83,0
520,2026-01-09 21:48:14.290730905,sports,web,16.58,0
520,2026-02-15 10:20:19.970122687,electronics,web,110.79,0
520,2026-03-22 04:10:25.717370935,apparel,store,52.13,1
520,2026-04-06 22:09:50.878006238,beauty,web,59.27,0
520,2026-05-19 07:28:21.642379873,beauty,mobile_app,109.9,0
520,2026-05-31 17:23:42.159399804,sports,web,21.4,0
520,2026-07-25 03:28:30.081801432,grocery,mobile_app,40.21,0
521,2026-05-15 15:12:48.218256951,beauty,mobile_app,31.95,0
521,2026-05-21 04:29:11.477504758,beauty,mobile_app,31.72,0
521,2026-05-25 16:27:13.508067871,beauty,web,13.96,0
521,2026-06-13 09:19:18.104107138,electronics,web,38.24,0
521,2026-07-07 05:52:34.875861125,home,web,32.2,0
521,2026-07-25 00:30:19.207219416,apparel,store,69.7,0
522,2026-05-30 20:16:51.406869107,beauty,web,11.58,0
522,2026-07-04 20:07:06.579298186,electronics,store,30.64,0
523,2026-03-19 10:42:44.011075228,sports,web,42.45,0
523,2026-03-20 00:37:57.641165331,home,mobile_app,21.52,0
523,2026-03-24 21:47:26.002923326,sports,web,39.08,0
523,2026-07-08 07:21:02.414289068,beauty,mobile_app,56.57,0
524,2025-07-23 14:13:32.923282697,grocery,web,10.44,0
524,2025-10-30 07:22:49.466157854,grocery,web,20.34,1
524,2025-10-31 21:55:39.812901785,sports,store,29.55,0
524,2025-11-09 13:57:18.301855194,electronics,mobile_app,38.15,0
524,2025-12-24 09:26:22.084836559,electronics,web,5.18,0
524,2026-02-04 11:49:38.684325565,grocery,store,75.43,0
524,2026-06-08 12:47:37.166123334,grocery,web,13.98,0
525,2026-04-02 12:42:40.996268738,apparel,mobile_app,73.08,0
525,2026-04-02 15:29:21.773061759,beauty,store,21.36,0
525,2026-05-01 13:25:58.600626114,home,web,50.04,0
526,2026-05-01 15:00:54.167571634,home,store,17.17,0
526,2026-05-14 23:26:22.912579565,apparel,web,119.99,0
526,2026-05-22 08:49:44.677142377,electronics,mobile_app,22.7,0
526,2026-07-12 00:22:26.660580842,beauty,mobile_app,12.15,0
526,2026-07-17 09:46:58.623164930,beauty,web,14.1,0
526,2026-07-30 16:46:00.953969339,apparel,mobile_app,192.84,0
527,2026-05-05 05:52:35.364276031,beauty,mobile_app,18.21,0
527,2026-05-12 01:01:08.843631373,grocery,web,66.47,0
527,2026-05-17 02:22:33.090728290,sports,mobile_app,128.82,0
527,2026-05-19 03:34:23.065047146,sports,web,39.17,0
527,2026-06-09 11:39:44.923683675,beauty,web,29.65,0
527,2026-06-10 03:40:11.291697996,home,store,5.22,0
527,2026-06-30 18:50:16.776555052,electronics,web,109.6,0
527,2026-07-15 13:48:58.475746896,sports,store,46.55,0
527,2026-07-31 10:08:03.282514415,grocery,web,7.52,0
527,2026-07-31 11:30:26.012987148,beauty,web,19.03,0
528,2026-06-27 16:04:21.317324892,grocery,web,16.63,0
528,2026-07-04 08:48:21.842486381,electronics,store,26.18,0
529,2024-11-17 11:23:26.383494973,home,web,45.73,0
529,2025-03-04 03:19:20.018577553,beauty,mobile_app,16.0,0
529,2025-04-05 10:22:09.675133920,sports,web,83.3,0
529,2025-04-27 16:39:23.050323179,electronics,mobile_app,104.96,0
529,2025-05-04 15:46:21.324986015,beauty,web,166.72,0
529,2025-07-10 16:49:57.951519410,grocery,web,6.4,0
529,2025-11-11 10:19:09.928858556,apparel,web,156.39,0
529,2025-11-21 12:52:04.435919743,home,mobile_app,7.42,0
529,2026-02-05 22:33:19.829173436,apparel,web,25.11,0
529,2026-05-30 08:57:33.073539696,apparel,web,39.44,0
530,2024-07-29 08:04:58.622786743,sports,web,93.79,0
530,2024-10-30 06:34:40.574279410,beauty,web,20.51,0
530,2025-05-19 22:54:44.770542449,home,store,55.41,0
530,2025-08-15 10:50:34.348061743,home,web,13.62,0
530,2025-09-24 09:36:45.208865068,beauty,mobile_app,44.9,0
530,2025-10-12 05:02:27.707924740,grocery,store,141.1,0
530,2025-10-23 15:04:58.598701969,beauty,mobile_app,18.97,0
530,2025-10-27 19:46:45.754593612,electronics,mobile_app,57.99,0
530,2025-11-02 17:47:04.913762476,electronics,web,102.39,0
530,2025-11-17 15:08:30.310161384,electronics,mobile_app,26.45,0
530,2025-12-26 07:58:00.642922761,grocery,store,58.39,1
530,2026-06-28 09:08:52.375927039,sports,web,68.47,0
531,2025-07-10 15:51:37.521184819,grocery,web,61.96,0
531,2025-07-14 13:50:32.070928546,beauty,mobile_app,110.15,0
531,2025-07-19 09:36:40.122712230,beauty,web,77.76,1
531,2025-08-15 01:50:22.571595580,beauty,store,92.61,0
531,2026-01-01 02:32:41.397701594,sports,web,63.22,0
531,2026-03-04 06:38:55.434872847,home,web,47.22,0
531,2026-04-16 07:32:49.993534171,sports,store,51.24,0
531,2026-05-03 00:21:03.316213550,beauty,store,10.64,0
532,2026-05-10 09:35:29.443739868,sports,web,98.8,0
532,2026-05-26 21:15:48.741946278,home,web,13.6,0
533,2026-04-30 19:47:21.605415280,sports,web,31.58,0
533,2026-05-02 14:46:53.964798206,beauty,web,10.96,0
533,2026-06-16 01:45:46.346609440,grocery,mobile_app,166.16,0
534,2026-04-19 16:47:36.792567261,beauty,web,52.46,0
535,2025-11-14 23:28:32.633392150,sports,mobile_app,17.72,0
535,2025-11-27 17:26:22.066960033,sports,mobile_app,8.44,0
535,2025-12-03 00:11:47.705237221,home,store,22.27,0
535,2026-01-11 13:36:38.191551403,apparel,store,156.24,0
535,2026-02-04 15:03:21.739234427,beauty,store,8.07,0
535,2026-04-07 08:56:46.181903283,electronics,web,6.45,0
535,2026-05-13 16:57:07.494599365,home,web,22.25,0
535,2026-05-17 01:17:03.868563636,electronics,web,128.47,0
535,2026-06-27 10:35:59.498443848,sports,mobile_app,14.87,0
535,2026-07-05 10:37:10.741418389,electronics,mobile_app,70.39,0
535,2026-07-06 04:03:50.827302335,home,mobile_app,75.16,0
536,2026-04-10 01:56:10.261933481,electronics,web,34.04,0
537,2025-11-24 09:30:09.701147431,electronics,mobile_app,97.3,0
537,2026-01-17 06:10:13.364314050,grocery,web,48.89,0
537,2026-06-05 14:57:16.078812426,grocery,web,202.91,0
538,2026-05-04 00:34:04.370871879,beauty,web,10.1,0
539,2025-10-15 09:49:27.057060290,sports,web,35.54,0
539,2025-12-29 20:20:42.133367193,beauty,mobile_app,59.42,0
539,2026-02-10 20:05:58.256441736,beauty,store,37.64,0
539,2026-02-15 01:46:38.121274477,apparel,web,71.22,0
539,2026-04-14 10:38:10.475370425,sports,store,91.48,1
539,2026-06-02 09:35:06.727174930,apparel,store,66.12,0
541,2025-06-03 16:21:57.915410893,apparel,store,13.31,0
541,2025-06-15 15:21:41.587339142,grocery,web,49.67,0
541,2025-08-02 17:13:42.683996070,electronics,mobile_app,954.21,0
541,2025-08-21 19:52:19.776609581,beauty,store,22.1,0
541,2025-11-03 23:02:14.116770667,grocery,store,9.62,0
541,2025-12-03 01:22:09.026932236,electronics,web,38.9,0
541,2025-12-08 11:31:55.053725595,sports,mobile_app,13.34,0
541,2026-03-02 14:50:09.329613631,grocery,web,43.92,0
541,2026-03-20 05:58:06.376125919,sports,mobile_app,29.65,0
541,2026-05-19 10:15:32.606201935,grocery,web,48.09,0
542,2026-06-10 09:41:04.281498793,apparel,web,32.04,0
543,2026-06-29 17:37:43.793267857,apparel,mobile_app,87.35,0
543,2026-07-02 20:48:42.791870794,apparel,web,79.36,0
544,2026-07-04 04:12:58.959856498,sports,web,40.1,0
544,2026-07-26 23:23:06.309843792,apparel,web,23.99,0
545,2024-09-06 22:33:45.006157040,home,store,12.5,0
545,2024-10-08 03:48:20.941728938,home,web,125.89,0
545,2024-10-20 14:28:43.972626481,home,mobile_app,42.53,0
545,2024-11-20 21:23:46.096002001,home,mobile_app,32.32,0
545,2024-12-18 01:08:33.689447855,apparel,web,20.4,0
545,2024-12-22 17:22:49.039799198,beauty,store,15.71,0
545,2024-12-24 06:05:54.213032781,grocery,web,46.99,0
545,2025-01-04 23:08:45.985552616,beauty,web,60.35,0
545,2025-04-26 10:21:22.636144354,beauty,web,44.62,0
545,2025-10-25 18:24:40.018958949,home,mobile_app,28.71,0
545,2025-11-15 13:08:08.615830661,apparel,web,25.94,0
545,2025-11-21 22:58:19.520358857,electronics,web,45.62,0
545,2025-12-06 15:00:50.778678713,sports,web,40.53,0
545,2025-12-11 00:41:30.691619019,electronics,web,47.1,0
545,2026-05-21 02:23:43.316930775,grocery,web,7.45,0
545,2026-06-11 14:31:48.830362902,apparel,web,47.62,0
545,2026-07-03 11:09:13.452569871,sports,web,51.69,0
545,2026-07-17 15:06:15.546099566,home,mobile_app,17.47,0
547,2026-05-16 05:43:15.998494063,sports,mobile_app,37.78,0
547,2026-05-21 17:06:52.062720633,sports,web,51.31,0
547,2026-05-25 16:48:29.648950595,apparel,web,7.34,0
547,2026-05-30 20:05:19.320647727,home,mobile_app,19.86,0
547,2026-06-03 08:19:39.536911247,beauty,web,39.85,0
547,2026-06-07 07:09:28.121273612,home,mobile_app,23.65,0
547,2026-06-07 11:48:06.556061284,sports,mobile_app,11.74,0
547,2026-06-27 00:47:25.012649112,grocery,mobile_app,113.39,0
547,2026-07-01 11:11:53.140923978,electronics,mobile_app,3.38,0
547,2026-07-15 22:58:43.272025534,beauty,web,27.15,0
547,2026-07-21 18:24:13.529333728,beauty,mobile_app,10.13,0
548,2025-07-22 17:19:31.353708366,apparel,web,54.71,0
548,2025-11-13 06:33:01.739375047,home,web,27.47,0
548,2026-02-11 11:07:18.292216043,grocery,mobile_app,16.99,0
548,2026-03-06 16:19:02.986748121,electronics,web,91.3,0
548,2026-04-23 06:35:59.862716353,sports,web,25.89,0
548,2026-06-11 10:58:15.752275698,home,web,13.56,0
548,2026-07-18 05:15:29.416357596,apparel,web,10.94,0
549,2025-05-30 03:05:44.049527523,beauty,web,53.87,0
549,2025-11-27 16:38:53.878866513,apparel,web,8.31,0
549,2026-04-27 06:33:39.404617805,apparel,store,5.77,0
550,2025-10-23 04:15:00.460526046,apparel,mobile_app,15.61,0
550,2025-12-21 04:05:58.546015334,home,web,26.73,0
550,2026-02-19 01:25:17.420019117,home,store,14.0,0
550,2026-03-01 11:01:14.240028219,apparel,store,46.61,0
550,2026-03-08 20:02:15.549658826,beauty,mobile_app,44.73,0
550,2026-03-29 04:28:58.235910128,sports,mobile_app,27.15,0
550,2026-04-10 13:39:08.512983386,apparel,store,45.63,0
550,2026-05-11 03:26:42.262980971,electronics,web,36.42,1
550,2026-06-17 02:11:36.490486823,beauty,mobile_app,18.82,0
550,2026-07-30 02:56:52.848615144,sports,web,21.3,0
551,2024-12-24 00:59:31.303439304,sports,web,36.34,0
551,2025-01-02 18:32:42.954851455,sports,web,22.6,0
551,2025-02-22 19:30:25.503525009,beauty,mobile_app,14.79,0
551,2025-04-03 04:49:23.686061348,apparel,mobile_app,15.27,0
551,2025-05-11 20:01:33.439781640,grocery,mobile_app,38.57,0
551,2025-07-20 00:33:17.204729654,grocery,store,19.47,0
551,2025-09-23 21:32:57.940900256,sports,web,49.09,0
551,2025-10-16 04:51:15.157588706,apparel,web,37.1,0
551,2025-10-20 06:29:12.552912897,apparel,mobile_app,26.71,0
551,2025-10-25 08:25:32.255050898,sports,store,13.85,0
551,2025-11-09 15:55:17.735078975,apparel,store,33.93,0
551,2026-01-10 12:32:57.271667819,electronics,web,58.51,0
551,2026-01-12 07:41:28.451958075,home,web,10.3,0
551,2026-04-16 17:50:36.896250639,sports,mobile_app,102.34,0
551,2026-06-16 06:31:41.272117067,sports,web,90.48,0
552,2025-12-18 12:58:18.270964906,beauty,web,20.3,0
552,2026-02-18 16:18:18.772353784,grocery,mobile_app,32.86,0
552,2026-05-01 12:37:24.588448185,apparel,web,11.41,0
553,2024-11-15 01:37:41.833931016,electronics,mobile_app,6.79,0
553,2024-11-18 02:38:57.860876879,grocery,store,42.08,0
553,2025-02-20 21:59:56.238416483,apparel,store,4.57,0
553,2025-04-20 01:08:13.710503282,beauty,store,49.44,0
553,2025-05-19 14:13:19.612342935,home,store,19.32,0
553,2025-07-05 14:51:32.894560659,grocery,mobile_app,15.05,1
553,2025-08-09 05:57:51.411914615,sports,web,7.67,0
553,2025-10-05 21:11:02.632812372,beauty,web,25.48,0
553,2025-11-13 07:24:15.880084298,grocery,store,58.49,0
553,2026-01-18 18:51:06.046639601,home,mobile_app,98.48,0
553,2026-03-29 07:04:11.210234022,sports,web,7.08,0
553,2026-07-04 05:49:31.847111029,grocery,mobile_app,14.65,0
553,2026-07-09 17:24:12.284899180,home,web,38.28,0
554,2026-01-06 17:55:50.480937100,grocery,mobile_app,124.14,0
554,2026-03-16 17:52:29.460929944,grocery,mobile_app,21.77,0
554,2026-04-17 17:31:32.627322685,beauty,web,32.07,0
554,2026-04-28 00:49:25.601814411,sports,web,22.62,0
554,2026-07-21 19:00:18.752891398,beauty,web,6.68,1
555,2025-01-23 23:22:59.462854842,home,mobile_app,32.47,0
555,2025-02-21 21:50:57.249218326,electronics,mobile_app,25.55,0
555,2025-02-27 20:55:14.115218927,grocery,mobile_app,19.49,0
555,2025-03-15 06:54:53.487266925,grocery,web,13.92,0
555,2025-03-23 08:01:33.820415588,electronics,store,43.77,0
555,2025-05-09 04:47:27.098270725,sports,mobile_app,37.39,0
555,2025-05-24 21:35:48.000089190,apparel,web,89.81,0
555,2025-05-28 01:16:18.431061721,grocery,mobile_app,27.78,0
555,2025-08-27 13:07:05.629361313,grocery,mobile_app,35.22,0
555,2026-02-08 11:08:27.021299027,grocery,store,74.6,0
555,2026-02-24 14:34:27.099874612,beauty,store,33.11,0
555,2026-04-04 10:17:36.948418003,apparel,store,85.27,0
555,2026-05-12 06:17:26.621225705,apparel,store,23.67,0
555,2026-05-17 02:33:52.435443606,grocery,mobile_app,28.0,0
555,2026-06-26 04:41:32.435782864,home,mobile_app,72.55,0
556,2026-05-08 01:54:51.422101028,grocery,store,26.47,0
556,2026-05-08 20:22:18.818820590,beauty,web,18.1,0
556,2026-05-11 13:34:19.499611302,home,store,23.47,0
556,2026-05-26 17:27:13.741153984,grocery,mobile_app,10.51,0
556,2026-06-14 04:46:11.943200658,apparel,web,28.55,0
556,2026-06-27 10:45:13.134850837,electronics,mobile_app,63.59,0
556,2026-07-13 19:40:53.052789142,home,web,43.45,0
557,2025-10-24 04:55:43.601269368,apparel,web,81.25,0
557,2025-12-23 06:23:06.219928767,grocery,web,58.42,0
557,2025-12-26 09:04:28.800639023,electronics,mobile_app,36.85,0
557,2026-03-19 13:37:01.032857136,apparel,mobile_app,46.0,0
557,2026-05-05 16:17:17.162721304,grocery,web,174.65,0
557,2026-07-01 17:58:54.186704965,electronics,store,44.13,0
558,2025-07-12 02:08:18.663372053,beauty,mobile_app,9.11,0
558,2025-07-14 23:51:41.165396373,home,mobile_app,53.85,0
558,2025-07-16 14:49:30.087208650,electronics,store,132.65,0
558,2025-08-02 01:59:07.476741713,beauty,web,4.8,0
558,2025-08-31 12:42:36.160873877,beauty,mobile_app,255.7,0
558,2025-09-09 07:08:13.731724194,home,web,66.38,0
558,2025-09-24 05:38:43.085695995,electronics,web,103.28,0
558,2025-10-08 06:04:51.300065476,grocery,mobile_app,16.04,0
558,2025-11-26 19:20:39.626499884,sports,web,28.04,0
558,2025-12-12 01:00:31.943994031,grocery,mobile_app,68.94,0
558,2025-12-22 03:23:53.460610138,sports,mobile_app,28.1,0
558,2026-01-22 22:09:44.070957864,sports,mobile_app,53.75,0
558,2026-02-05 22:24:54.126109299,apparel,web,372.81,0
558,2026-07-03 16:24:38.607947661,sports,web,93.99,0
559,2025-02-14 12:10:58.835674457,sports,store,27.31,0
559,2025-03-07 13:21:12.614866604,home,store,84.32,0
559,2025-03-16 23:01:27.367941375,apparel,mobile_app,67.68,0
559,2025-06-10 00:17:35.408796464,apparel,web,74.64,0
559,2025-07-18 14:05:11.490929901,home,mobile_app,34.11,1
559,2025-09-02 22:28:47.645116790,grocery,web,10.22,0
559,2025-09-05 07:36:19.988628504,home,mobile_app,483.2,0
559,2025-10-16 09:09:30.923100312,beauty,web,17.74,0
559,2026-01-14 15:32:14.606817504,sports,web,130.44,0
559,2026-05-31 14:50:01.043550851,grocery,web,37.99,0
559,2026-06-07 10:32:31.450450264,apparel,web,86.94,0
560,2025-12-03 18:22:08.140708347,electronics,mobile_app,59.73,0
560,2025-12-25 19:22:22.296281932,home,web,111.11,0
560,2026-05-13 02:28:05.934963107,beauty,mobile_app,9.54,0
560,2026-05-13 07:25:29.892144539,sports,store,7.31,0
560,2026-06-27 16:08:52.590183793,grocery,mobile_app,186.65,0
560,2026-07-02 03:02:59.723829128,home,web,25.52,0
561,2025-08-08 17:41:53.953593216,electronics,store,28.6,0
561,2025-11-15 02:03:35.219611593,electronics,store,73.43,0
561,2025-12-25 20:05:47.841824867,beauty,web,26.61,0
561,2025-12-29 02:03:19.266413556,apparel,web,31.84,0
561,2026-01-17 15:25:54.780413780,sports,mobile_app,27.47,0
561,2026-04-23 04:20:22.780963977,electronics,web,88.86,0
561,2026-07-06 10:08:21.493446369,apparel,web,260.86,0
561,2026-07-15 01:31:42.404326361,grocery,mobile_app,33.98,0
562,2026-06-27 22:54:47.420807809,beauty,web,15.51,0
563,2025-10-06 19:48:33.936945141,beauty,mobile_app,25.73,0
563,2025-12-01 12:39:01.652868847,beauty,web,244.24,0
563,2026-02-21 23:49:28.650535859,electronics,store,57.2,0
563,2026-04-27 15:39:35.847675029,grocery,web,27.9,0
563,2026-05-25 15:40:25.984509534,apparel,mobile_app,16.4,0
563,2026-06-08 23:38:16.734585181,grocery,web,112.53,0
563,2026-06-09 11:58:33.346585362,grocery,web,15.83,0
563,2026-06-12 23:55:25.794965473,sports,store,20.51,0
563,2026-07-15 14:26:02.106717018,apparel,mobile_app,23.71,0
564,2026-04-06 12:39:41.147913192,beauty,web,81.96,0
564,2026-05-15 07:19:44.007476385,beauty,web,15.2,0
564,2026-06-06 03:51:58.459726273,sports,web,46.1,0
564,2026-06-06 12:17:58.260802215,sports,store,5.14,0
564,2026-07-03 01:28:28.271448221,apparel,web,38.86,0
565,2025-02-15 11:33:42.996788574,beauty,mobile_app,16.61,0
565,2025-02-19 07:05:51.566141887,electronics,store,123.23,0
565,2025-03-15 15:55:19.210184447,grocery,store,21.1,0
565,2025-03-16 21:49:37.077946338,sports,store,59.43,0
565,2025-05-04 22:55:55.621626531,sports,store,7.8,0
565,2025-08-30 00:31:24.116967218,electronics,mobile_app,151.47,0
565,2025-11-02 14:33:47.804714456,apparel,web,22.96,0
565,2025-11-16 15:47:14.744196592,sports,web,21.39,0
565,2025-12-10 18:13:59.205888527,electronics,web,30.22,0
565,2026-03-11 19:08:45.066425819,sports,web,20.5,0
565,2026-03-21 11:39:54.897206919,grocery,web,154.5,0
565,2026-05-11 09:24:56.282875275,grocery,store,109.44,0
565,2026-06-17 23:35:52.757670135,grocery,mobile_app,34.08,0
565,2026-07-31 13:06:47.636552086,apparel,store,230.85,0
566,2026-06-22 09:34:24.830392259,grocery,web,18.86,0
566,2026-06-29 05:53:48.372993419,apparel,web,31.24,0
566,2026-07-03 19:38:32.211132274,apparel,mobile_app,147.7,0
566,2026-07-03 23:36:33.995718954,sports,mobile_app,52.33,0
566,2026-07-18 05:44:13.663295492,electronics,web,4.72,0
566,2026-07-19 22:02:20.764192272,apparel,web,38.45,0
567,2026-02-03 20:14:33.890621568,beauty,web,102.52,0
567,2026-02-10 08:36:10.400160963,beauty,mobile_app,10.92,0
567,2026-02-11 19:12:37.674120523,sports,web,16.98,0
567,2026-02-19 06:00:45.665009911,beauty,web,49.04,0
567,2026-02-25 02:11:46.912290720,grocery,mobile_app,32.75,0
567,2026-03-09 18:43:13.962932591,sports,web,33.35,0
567,2026-04-01 10:38:09.496130995,beauty,web,104.21,0
567,2026-04-08 01:07:15.777426951,grocery,store,6.35,0
567,2026-06-16 13:41:25.893469395,grocery,web,6.42,0
568,2026-05-10 05:30:16.333750469,beauty,mobile_app,89.18,0
568,2026-05-22 11:17:01.678315059,electronics,web,57.32,0
569,2025-04-09 23:32:31.144980829,apparel,store,11.18,0
569,2025-05-30 14:06:29.603325572,apparel,web,82.07,0
569,2025-08-09 17:42:27.857264161,sports,web,55.48,0
569,2025-12-21 15:44:37.689475811,apparel,web,192.96,1
569,2026-06-15 01:38:22.326892276,sports,store,8.52,0
570,2025-10-16 13:18:25.743389478,beauty,web,48.73,0
570,2025-10-19 01:16:31.227145888,electronics,mobile_app,7.11,0
570,2025-11-24 13:09:15.838677320,beauty,web,29.28,0
570,2025-12-27 01:20:36.815555190,beauty,store,20.54,0
570,2026-02-15 04:31:08.014832251,apparel,store,18.84,0
570,2026-02-24 16:22:21.085580652,apparel,web,48.8,0
570,2026-03-03 18:08:43.685456592,grocery,web,25.93,0
570,2026-05-17 00:39:21.235396508,grocery,mobile_app,104.7,0
570,2026-05-29 20:58:44.149916479,beauty,web,48.39,0
570,2026-06-24 21:15:05.642418445,sports,store,37.39,0
570,2026-07-31 14:08:03.203416185,home,mobile_app,51.03,0
571,2024-12-23 10:52:15.348704673,home,store,89.45,0
571,2025-01-16 23:25:02.509281596,sports,mobile_app,36.16,0
571,2025-03-01 07:18:42.676296357,apparel,store,21.78,0
571,2025-05-04 08:27:34.919231481,home,mobile_app,7.27,0
571,2025-07-16 14:34:30.462407887,sports,web,129.79,0
571,2025-08-03 13:57:56.508105963,beauty,web,19.72,0
571,2025-08-21 13:21:31.811181529,home,store,107.07,0
571,2025-11-02 14:40:26.580961313,electronics,mobile_app,76.82,0
571,2025-12-02 11:36:02.345493592,home,store,45.41,0
571,2025-12-10 09:03:56.899212702,electronics,mobile_app,39.6,0
571,2025-12-17 13:31:20.731228272,electronics,mobile_app,82.82,0
571,2026-02-15 07:19:10.534672771,electronics,store,16.06,0
571,2026-04-20 23:41:18.428970031,grocery,web,35.85,0
571,2026-06-10 03:43:56.509380207,home,web,177.71,0
571,2026-06-10 11:25:03.015912326,grocery,mobile_app,113.34,0
571,2026-07-24 14:15:18.146412738,sports,store,15.87,0
572,2025-12-14 11:16:14.209055265,grocery,web,376.21,0
572,2025-12-22 13:56:47.102022880,home,mobile_app,18.59,0
572,2026-02-01 17:53:51.955166562,home,mobile_app,139.93,0
572,2026-05-02 10:55:41.807312619,apparel,web,23.73,0
572,2026-05-19 09:09:05.279239109,grocery,mobile_app,65.83,0
572,2026-06-01 20:20:45.574453050,grocery,mobile_app,42.1,0
572,2026-06-07 00:41:01.616337796,apparel,store,14.01,0
572,2026-07-06 22:36:27.353998420,home,store,23.06,0
572,2026-07-11 05:24:27.438709479,grocery,mobile_app,8.34,0
573,2026-02-08 23:03:57.800602878,beauty,web,17.02,0
573,2026-03-25 17:37:22.338118451,home,web,46.17,0
573,2026-05-14 14:34:10.087862088,grocery,mobile_app,3.62,0
573,2026-07-27 14:50:14.928201811,home,mobile_app,33.92,0
576,2026-05-13 10:38:10.173480980,beauty,web,52.68,0
576,2026-05-17 02:22:41.013914932,home,web,93.9,0
576,2026-07-29 23:45:37.663908999,apparel,mobile_app,118.59,0
577,2024-09-28 17:32:37.429434914,sports,mobile_app,106.21,0
577,2024-11-12 22:46:31.954823654,home,web,133.28,0
577,2024-12-09 16:17:58.059322559,grocery,web,11.6,0
577,2024-12-22 19:29:01.359224094,beauty,web,140.87,0
577,2025-01-21 18:38:56.599780399,grocery,web,66.74,0
577,2025-03-13 00:38:20.004993180,beauty,store,81.57,0
577,2025-04-26 04:45:46.378757541,apparel,store,30.61,0
577,2025-08-01 03:26:14.851634692,beauty,web,88.18,0
577,2025-09-06 11:28:34.650158316,apparel,mobile_app,32.99,0
577,2025-09-06 15:02:30.984764079,sports,web,14.94,0
577,2025-09-08 10:12:58.831835622,home,web,31.29,0
577,2025-09-17 02:54:03.619131889,grocery,web,43.43,1
577,2025-12-13 13:40:32.344299947,apparel,mobile_app,26.24,0
577,2026-01-23 21:10:11.631482985,apparel,web,54.55,0
577,2026-02-26 21:06:52.011965863,electronics,mobile_app,6.22,0
577,2026-03-01 21:13:47.712374484,electronics,mobile_app,162.6,0
577,2026-05-01 23:05:48.909160087,home,mobile_app,3.79,0
577,2026-06-15 03:45:46.323482403,sports,mobile_app,41.84,0
577,2026-07-05 04:25:16.336829730,home,web,40.18,0
578,2025-08-17 17:02:51.644422367,sports,store,52.0,0
578,2025-12-18 01:56:11.430433562,beauty,store,16.45,0
578,2026-01-14 11:23:06.200156444,home,web,105.97,0
578,2026-01-29 14:11:01.969137422,electronics,mobile_app,34.76,0
578,2026-02-15 06:02:20.025584970,beauty,store,52.41,0
578,2026-02-25 18:58:22.535298803,grocery,web,34.18,0
578,2026-03-07 15:54:01.929008520,beauty,mobile_app,83.76,0
578,2026-05-23 13:06:53.444336369,sports,web,122.13,0
578,2026-05-29 10:34:25.828439961,home,web,48.76,0
578,2026-07-06 00:29:53.002645351,beauty,store,10.05,0
579,2025-04-03 10:12:08.348937547,grocery,store,8.93,0
579,2025-06-25 00:08:53.250403247,grocery,mobile_app,17.94,0
579,2025-10-17 19:34:26.685929877,home,web,22.99,0
579,2025-10-18 23:14:01.304446641,apparel,web,17.66,0
579,2025-10-26 11:04:41.012651808,beauty,mobile_app,12.83,0
579,2025-11-01 23:59:37.958712674,apparel,web,172.38,0
579,2026-01-24 17:07:28.224352944,sports,web,9.96,0
579,2026-03-13 01:15:18.742993771,electronics,web,9.02,0
579,2026-04-04 01:06:21.008156723,home,web,432.21,0
579,2026-04-21 10:15:38.102939479,home,store,120.47,0
579,2026-06-26 15:48:50.265267005,apparel,mobile_app,15.26,0
579,2026-07-26 05:01:09.069639727,beauty,web,43.63,0
580,2026-07-21 08:36:48.466950504,electronics,mobile_app,63.49,0
581,2026-06-13 22:37:16.487924777,sports,web,9.85,0
581,2026-06-23 10:48:10.499972614,apparel,mobile_app,4.74,0
581,2026-07-19 16:29:17.761680030,electronics,mobile_app,50.99,1
582,2025-03-21 14:14:27.843785221,electronics,web,39.86,0
582,2025-04-18 12:54:22.054978651,beauty,store,15.06,0
582,2025-07-12 19:11:04.979527855,electronics,mobile_app,28.24,0
582,2025-08-23 03:07:50.132994076,beauty,store,16.18,0
582,2025-08-29 04:04:55.212495027,grocery,web,47.51,0
582,2025-09-28 05:05:49.805802897,beauty,mobile_app,14.63,0
582,2025-10-15 19:27:51.544442270,beauty,web,3.33,0
582,2025-10-18 19:07:08.209224126,beauty,mobile_app,46.14,0
582,2025-11-06 16:21:55.677302952,electronics,mobile_app,93.9,0
582,2025-12-21 12:28:14.670355285,beauty,mobile_app,47.36,0
582,2026-07-03 08:51:58.182586529,grocery,mobile_app,24.29,0
582,2026-07-16 16:04:10.448602237,electronics,web,14.94,0
583,2026-06-14 07:09:44.299951768,apparel,web,103.1,0
583,2026-07-02 19:25:04.520859603,sports,mobile_app,18.12,1
584,2026-07-22 23:51:17.113856455,beauty,store,21.38,0
585,2025-09-02 21:40:53.226676560,beauty,mobile_app,53.36,0
585,2026-06-01 00:13:53.967919993,sports,mobile_app,42.63,0
585,2026-06-25 01:56:58.834714681,grocery,web,15.66,0
586,2024-06-28 12:57:00.201696227,beauty,mobile_app,65.01,0
586,2024-09-13 22:04:07.686409867,grocery,mobile_app,40.38,0
586,2024-12-25 09:20:38.132058944,home,web,56.27,0
586,2025-04-18 05:00:08.219321024,grocery,web,25.94,0
586,2025-04-29 22:54:43.977024510,apparel,mobile_app,54.99,0
586,2025-05-25 02:55:11.157170630,sports,web,249.14,0
586,2025-08-12 02:03:04.847897921,electronics,web,16.14,0
586,2025-08-12 07:22:13.641540088,apparel,web,20.58,0
586,2025-09-18 01:48:10.387957588,grocery,web,154.96,0
586,2025-10-07 19:30:36.695445959,home,mobile_app,13.77,0
586,2025-10-13 17:17:44.627331820,beauty,web,49.03,0
586,2026-01-07 06:32:10.402547548,beauty,mobile_app,46.52,0
586,2026-02-09 13:38:05.206955067,electronics,store,8.94,0
586,2026-03-07 23:07:42.977079167,electronics,web,20.94,0
586,2026-03-10 19:45:30.390196709,apparel,mobile_app,10.79,0
586,2026-03-27 23:44:26.413564900,home,web,17.11,0
586,2026-04-20 15:04:24.229682775,electronics,store,89.28,0
586,2026-05-21 21:06:30.044537767,home,web,58.56,0
586,2026-06-02 06:01:17.758850639,apparel,web,5.66,0
587,2025-05-22 09:46:24.057748376,grocery,web,19.89,0
587,2025-10-27 18:47:58.053489343,electronics,mobile_app,170.81,0
587,2026-02-26 22:30:31.148791903,grocery,web,35.55,0
587,2026-03-22 01:32:32.580771844,grocery,store,49.32,0
587,2026-05-06 22:49:54.780469479,grocery,web,147.38,0
587,2026-05-12 17:08:03.575277759,beauty,web,48.09,0
587,2026-05-15 03:02:51.410087970,apparel,web,41.35,0
587,2026-06-23 03:35:10.515703526,apparel,mobile_app,132.12,0
587,2026-07-12 17:40:55.984243728,home,web,67.83,1
588,2026-06-09 10:04:25.669559946,apparel,mobile_app,54.58,0
589,2025-10-20 13:21:31.703659874,sports,web,13.02,0
589,2025-10-25 05:55:56.777840277,electronics,web,12.97,0
589,2026-03-22 01:57:20.884053114,sports,mobile_app,78.18,0
589,2026-04-02 19:06:54.151222263,beauty,mobile_app,11.63,0
589,2026-04-16 00:14:55.778013122,electronics,web,25.14,0
589,2026-04-26 17:57:27.078642484,grocery,web,54.44,0
590,2025-01-29 02:59:07.407296584,home,web,40.32,0
590,2025-02-24 10:59:02.997427422,home,mobile_app,56.6,1
590,2025-03-22 21:04:37.353708155,electronics,mobile_app,19.79,0
590,2025-06-01 02:21:35.483342400,sports,mobile_app,13.65,0
590,2025-06-11 19:42:45.074493418,home,web,67.7,0
590,2025-07-17 18:15:32.176302074,beauty,web,102.87,0
590,2025-08-08 05:29:53.176294159,apparel,mobile_app,25.93,0
590,2025-08-22 21:59:13.344870086,beauty,store,85.2,0
590,2025-10-16 01:27:50.626502689,apparel,mobile_app,30.07,0
590,2025-10-19 11:47:19.509853293,beauty,web,17.97,0
590,2025-11-09 08:05:34.089747908,grocery,web,9.67,0
590,2025-12-21 19:49:16.090871103,apparel,store,10.52,0
590,2026-04-25 12:43:08.634775219,beauty,web,11.06,0
590,2026-06-02 10:38:03.868626092,electronics,store,32.36,0
591,2024-09-21 05:46:59.286991489,apparel,web,145.62,0
591,2025-06-18 12:00:06.160922502,sports,web,57.63,1
591,2025-08-07 10:32:01.298265409,apparel,mobile_app,21.45,0
591,2025-10-15 15:32:45.984184927,beauty,mobile_app,7.97,0
591,2025-11-28 18:26:46.016934723,electronics,mobile_app,152.11,0
591,2025-12-08 06:56:03.384976385,beauty,web,24.38,0
591,2026-04-10 18:07:02.776118814,grocery,web,24.18,0
591,2026-04-29 18:39:25.528936853,sports,mobile_app,18.06,0
591,2026-05-14 08:03:32.519955310,home,web,55.2,0
591,2026-07-08 09:51:29.733618010,grocery,store,15.23,0
591,2026-07-14 14:36:23.815526288,beauty,store,12.62,0
591,2026-07-25 09:05:56.969008671,grocery,web,88.46,0
592,2025-08-16 06:05:57.395413303,apparel,store,42.59,0
592,2025-09-11 15:27:43.726898486,beauty,web,71.42,0
592,2025-09-27 09:22:36.584269076,electronics,mobile_app,26.47,0
592,2026-01-10 11:42:54.527239930,grocery,mobile_app,65.14,0
592,2026-03-06 15:14:25.201061279,beauty,mobile_app,36.93,1
592,2026-03-29 13:22:14.266938193,sports,mobile_app,50.45,0
592,2026-04-07 18:31:05.494974010,beauty,store,20.04,0
592,2026-04-16 17:15:35.840200413,electronics,mobile_app,10.54,0
592,2026-05-13 01:01:03.986445551,apparel,mobile_app,43.62,0
592,2026-05-19 16:29:19.487962960,electronics,mobile_app,39.71,0
592,2026-05-26 19:12:31.209693587,grocery,web,17.03,0
592,2026-05-28 04:27:43.639174322,electronics,store,26.14,0
592,2026-06-22 08:51:18.450893777,home,mobile_app,77.2,0
592,2026-07-30 12:35:34.986927063,home,mobile_app,44.42,0
592,2026-07-31 13:27:24.055758323,electronics,mobile_app,33.35,0
593,2026-04-05 10:24:30.400584403,sports,store,23.92,0
594,2024-05-09 16:08:55.237068788,beauty,web,69.26,0
594,2024-05-18 06:03:06.734221992,beauty,store,40.51,0
594,2024-05-25 23:58:11.577214975,grocery,web,16.46,0
594,2024-08-26 09:43:56.036651670,electronics,store,47.23,0
594,2024-10-16 04:18:57.963978409,sports,store,16.95,0
594,2024-11-05 01:14:55.711023905,electronics,mobile_app,62.57,0
594,2025-03-08 10:45:53.944116717,grocery,mobile_app,9.54,0
594,2025-04-18 01:47:50.000218449,sports,web,53.25,0
594,2025-05-11 12:42:08.088164344,home,web,51.07,0
594,2025-06-12 20:08:17.426032521,apparel,web,29.92,0
594,2025-08-28 00:04:22.648245704,grocery,web,10.26,0
594,2025-09-10 19:45:15.888277599,home,web,84.39,0
594,2025-11-07 18:55:02.132773767,apparel,web,58.2,0
594,2025-11-27 06:43:15.525903182,electronics,mobile_app,22.95,0
594,2026-01-21 20:38:24.306576948,apparel,mobile_app,28.73,0
594,2026-05-28 02:58:17.336600856,electronics,mobile_app,54.8,0
594,2026-06-06 01:29:07.162038943,apparel,mobile_app,6.89,0
594,2026-06-10 02:39:20.108514482,sports,mobile_app,56.07,0
595,2026-04-09 01:51:35.608977749,grocery,web,62.3,0
595,2026-05-01 05:27:05.871310200,sports,web,38.69,0
595,2026-05-22 10:15:36.470780329,home,web,116.0,0
595,2026-05-25 02:10:43.053254294,beauty,web,35.64,0
595,2026-05-25 22:44:58.772447319,grocery,mobile_app,26.62,0
595,2026-06-17 22:37:45.460510943,beauty,web,13.57,0
596,2024-11-23 17:39:18.555590846,home,mobile_app,25.67,0
596,2024-12-04 11:11:51.484588276,apparel,store,35.95,0
596,2025-02-06 03:30:08.279643145,sports,store,102.82,0
596,2025-02-23 13:57:47.728858306,apparel,store,15.17,0
596,2025-05-22 11:14:39.704466743,grocery,web,15.1,0
596,2025-07-08 19:25:39.229079546,sports,mobile_app,11.33,0
596,2025-08-19 18:47:22.790878262,home,store,4.66,0
596,2025-11-01 21:04:40.009509630,beauty,store,24.75,0
596,2025-11-24 14:46:31.824835712,electronics,store,29.15,0
596,2026-03-27 17:01:39.307880044,electronics,mobile_app,72.74,0
596,2026-04-25 06:57:00.954165819,grocery,mobile_app,44.76,0
596,2026-05-22 07:48:30.014676144,home,web,13.82,0
596,2026-07-25 18:38:54.240570494,sports,mobile_app,65.57,0
596,2026-07-26 00:32:25.619633535,sports,web,146.65,0
597,2025-04-27 17:18:34.683514189,grocery,web,50.51,0
597,2025-05-05 12:15:33.488248879,sports,mobile_app,27.62,0
597,2025-05-11 03:24:33.665102828,beauty,mobile_app,19.72,0
597,2025-08-09 22:51:21.712658772,grocery,mobile_app,93.19,0
597,2025-10-04 03:45:29.506470342,apparel,store,51.34,0
597,2025-12-24 22:57:03.071615187,sports,web,119.26,0
597,2026-02-02 17:39:00.949463868,beauty,web,11.25,0
597,2026-05-11 07:57:58.593240839,beauty,web,26.01,0
597,2026-06-20 18:25:58.770605341,electronics,store,66.11,0
597,2026-07-17 12:02:50.911183611,home,web,27.98,0
598,2025-04-02 00:41:33.646234912,beauty,web,13.95,0
598,2025-04-25 15:48:31.015074197,grocery,web,24.81,0
598,2025-05-20 10:22:43.276010483,electronics,mobile_app,55.56,0
598,2025-08-08 04:04:48.840988838,beauty,mobile_app,34.29,0
598,2025-10-11 18:20:06.454822134,home,web,92.36,0
598,2026-02-16 12:17:08.747699885,home,store,142.18,0
598,2026-03-15 07:00:21.082584367,beauty,mobile_app,120.32,0
598,2026-06-01 02:52:50.730113200,beauty,mobile_app,54.46,0
599,2025-09-25 21:41:44.493932127,beauty,web,82.64,0
599,2025-11-16 23:54:57.978535318,home,store,106.81,0
599,2025-12-09 22:39:13.441638468,grocery,web,31.99,0
599,2025-12-18 03:50:21.427639697,apparel,store,59.11,0
599,2025-12-18 18:00:27.037552568,home,mobile_app,12.85,0
599,2026-01-11 03:27:17.097479534,apparel,mobile_app,65.2,0
599,2026-03-13 20:24:54.934226672,apparel,web,56.6,0
599,2026-05-16 14:31:15.602093484,sports,mobile_app,101.79,0
600,2026-05-20 07:21:02.495199436,home,web,15.08,0
600,2026-05-23 17:16:27.145903011,electronics,web,56.96,0
600,2026-06-02 04:21:39.386456496,apparel,web,33.13,0
600,2026-06-13 12:17:31.490841671,electronics,store,133.31,0
600,2026-06-30 16:42:02.561457943,sports,mobile_app,60.53,0
601,2025-06-09 19:00:42.717500603,sports,store,45.09,0
601,2025-11-09 04:22:19.138340358,apparel,mobile_app,89.97,0
601,2025-12-02 04:05:40.347039498,home,mobile_app,11.45,0
601,2026-01-22 04:07:03.703952865,electronics,web,22.05,0
601,2026-04-05 11:54:19.169603534,grocery,mobile_app,29.03,0
601,2026-04-09 04:30:10.580242283,electronics,store,19.95,0
601,2026-04-11 21:50:54.393726898,electronics,mobile_app,85.32,0
601,2026-05-23 17:35:10.893676454,home,web,101.56,0
601,2026-07-04 12:16:48.717778639,grocery,web,27.88,0
602,2024-12-10 12:13:38.189953572,apparel,store,57.59,1
602,2025-01-02 05:16:24.944104800,sports,web,21.04,0
602,2025-03-03 03:57:08.830117011,apparel,mobile_app,31.05,0
602,2025-03-26 07:52:53.499816207,apparel,mobile_app,98.37,0
602,2025-05-04 01:18:37.663623323,home,web,108.49,0
602,2025-05-06 04:55:36.683910175,home,mobile_app,30.53,0
602,2025-09-30 14:04:37.827429909,apparel,mobile_app,11.15,0
602,2025-10-10 06:45:33.160924178,home,store,37.31,0
602,2025-10-28 00:25:43.520271295,electronics,mobile_app,30.53,0
602,2025-10-31 00:48:39.766258832,grocery,web,9.2,0
602,2026-01-07 05:59:31.420678183,sports,mobile_app,15.05,0
602,2026-01-22 19:42:07.467162446,home,web,170.41,1
602,2026-02-24 08:29:55.393603582,beauty,store,40.14,0
602,2026-03-07 23:54:36.539300489,home,web,71.63,0
602,2026-06-18 10:31:21.829918008,apparel,mobile_app,11.4,0
603,2025-07-07 14:03:12.902856106,electronics,mobile_app,10.56,0
603,2025-07-22 16:16:27.615920313,beauty,web,29.11,0
603,2025-07-22 22:57:03.118488941,beauty,mobile_app,12.18,0
603,2025-08-28 04:55:55.032755978,apparel,mobile_app,8.49,0
603,2025-09-16 19:39:41.238594427,sports,web,129.89,0
603,2026-02-23 20:30:45.000801896,electronics,web,45.58,0
603,2026-03-12 03:58:18.779256244,apparel,web,99.04,0
603,2026-04-18 22:14:08.054144739,sports,web,6.08,0
603,2026-06-14 20:25:16.918348708,home,web,46.61,0
604,2026-07-16 08:13:09.909081751,apparel,mobile_app,57.78,0
605,2025-09-12 02:25:57.268480798,electronics,mobile_app,14.23,0
605,2025-11-01 13:52:34.129297324,apparel,web,165.65,0
605,2025-12-17 19:38:07.837508648,electronics,mobile_app,57.9,0
605,2026-01-19 06:58:52.226683643,apparel,mobile_app,12.57,0
605,2026-02-04 00:47:53.394395592,beauty,web,28.04,0
605,2026-03-10 00:24:43.344904528,electronics,web,73.11,0
605,2026-03-25 01:17:19.713862476,grocery,mobile_app,28.0,0
605,2026-04-01 22:09:15.370915488,beauty,store,32.28,0
605,2026-04-15 08:39:55.652449571,electronics,web,36.65,0
605,2026-04-22 01:37:05.089966007,apparel,store,46.17,0
605,2026-04-25 20:01:22.306358615,grocery,mobile_app,20.74,0
605,2026-07-27 21:59:37.301573760,home,mobile_app,11.24,1
606,2025-06-11 03:40:05.187690656,home,web,15.29,0
606,2025-08-05 06:52:25.414500332,home,web,39.42,0
606,2025-08-10 09:14:59.343227544,beauty,mobile_app,22.51,0
606,2025-10-10 10:03:20.077751474,home,mobile_app,34.78,0
606,2025-11-17 11:37:16.689565471,electronics,mobile_app,21.29,0
606,2025-12-31 21:16:57.776557236,apparel,store,29.8,0
606,2026-03-21 09:18:19.802221080,electronics,store,108.63,0
606,2026-05-18 06:48:37.676683083,electronics,mobile_app,4.65,0
607,2026-03-30 22:42:12.325614745,apparel,store,22.95,0
607,2026-04-24 00:00:41.967955596,electronics,web,27.61,0
607,2026-05-27 19:44:40.233713540,grocery,web,79.07,0
607,2026-06-29 10:03:43.632768261,home,store,31.25,0
607,2026-07-29 06:06:55.305519780,home,web,67.71,0
608,2025-09-11 13:48:53.533689282,electronics,store,48.95,0
608,2026-04-02 22:54:57.148843701,sports,web,8.82,1
608,2026-05-09 19:15:37.964741375,electronics,mobile_app,9.93,0
609,2024-07-27 21:24:18.041763687,beauty,web,95.77,0
609,2024-09-18 00:29:09.566052084,apparel,mobile_app,21.12,0
609,2024-11-18 07:12:51.226756578,apparel,store,15.8,0
609,2024-12-07 10:18:09.289398189,electronics,web,26.12,0
609,2025-01-11 07:31:18.679973299,home,store,42.05,1
609,2025-04-10 08:44:00.031671131,apparel,store,6.64,0
609,2025-04-20 12:56:50.905134410,sports,store,288.07,0
609,2025-06-01 15:09:57.094810270,electronics,mobile_app,55.27,0
609,2025-06-02 13:40:26.417877586,beauty,mobile_app,6.11,0
609,2025-06-07 15:50:21.531307558,electronics,mobile_app,15.53,0
609,2025-07-26 01:30:17.120139861,beauty,mobile_app,10.5,0
609,2025-11-14 08:29:58.509027266,beauty,web,85.0,0
609,2026-03-24 22:47:45.419617119,apparel,mobile_app,32.99,0
609,2026-06-25 03:05:04.247359717,electronics,web,15.71,0
609,2026-07-28 22:36:05.995732470,electronics,store,13.46,0
610,2024-09-06 18:28:37.643511297,sports,web,27.87,1
610,2024-09-15 01:09:36.500914720,grocery,store,14.21,0
610,2024-09-21 23:34:47.597394015,home,mobile_app,42.08,0
610,2024-11-16 02:33:53.198465602,electronics,mobile_app,127.49,0
610,2025-04-19 08:08:54.567134777,electronics,store,8.33,0
610,2025-05-18 09:42:03.178353361,apparel,mobile_app,13.84,0
610,2025-07-10 11:11:16.403967649,sports,mobile_app,108.37,0
610,2025-07-12 16:54:28.130200589,sports,store,123.27,0
610,2025-09-08 21:07:05.652637894,apparel,mobile_app,31.75,0
610,2025-09-26 20:46:36.010910632,grocery,mobile_app,42.75,0
610,2025-10-27 23:06:58.017233656,beauty,web,33.68,0
610,2026-01-12 15:32:28.615121172,grocery,web,145.65,0
610,2026-02-18 06:14:01.123128477,home,web,19.2,0
610,2026-04-05 21:30:11.653956024,sports,web,52.61,0
610,2026-04-12 18:15:46.969879790,grocery,mobile_app,175.45,0
610,2026-04-25 19:25:05.305249771,grocery,store,51.2,1
610,2026-05-21 08:29:31.489195261,grocery,web,97.79,0
610,2026-05-29 06:41:09.495842283,sports,mobile_app,53.14,0
610,2026-06-15 20:29:09.533013248,home,web,14.56,0
610,2026-07-10 19:00:26.587621659,apparel,web,76.09,0
611,2024-09-30 18:33:56.594668139,sports,mobile_app,79.27,1
611,2024-10-03 06:38:47.070548048,sports,store,27.18,0
611,2024-10-08 18:26:19.692974461,grocery,mobile_app,35.26,0
611,2025-04-16 14:44:41.454269209,beauty,web,15.7,0
611,2025-06-03 09:43:33.110510469,grocery,web,14.49,0
611,2025-06-04 13:46:04.315609264,electronics,web,24.55,0
611,2025-06-24 05:46:06.991529137,beauty,store,39.3,0
611,2025-07-14 11:30:13.207408416,electronics,web,243.61,0
611,2025-08-08 05:49:19.367348892,home,web,39.33,0
611,2025-11-27 11:07:39.494039025,sports,store,32.37,0
611,2025-12-01 21:21:12.530392984,grocery,mobile_app,43.46,0
611,2025-12-03 20:22:30.770648832,electronics,store,15.26,0
611,2025-12-06 11:04:31.583855594,apparel,store,33.54,0
611,2026-03-05 01:33:31.467407945,sports,mobile_app,11.72,0
611,2026-03-27 00:34:29.588742875,electronics,mobile_app,265.84,0
611,2026-05-11 02:44:30.996359520,grocery,web,9.5,0
611,2026-06-02 22:07:17.301055873,beauty,mobile_app,44.86,0
612,2025-11-11 19:03:15.297288074,beauty,web,28.7,0
612,2026-01-24 05:39:56.140539190,electronics,web,109.09,0
612,2026-03-31 03:00:47.494569301,electronics,web,15.32,0
612,2026-04-27 12:02:31.321213541,home,mobile_app,56.91,0
613,2025-01-13 04:20:17.138990323,grocery,store,54.15,0
613,2025-05-23 05:30:56.658558641,apparel,web,46.7,0
613,2025-06-03 05:39:52.978696457,grocery,mobile_app,3.43,1
613,2025-08-06 04:15:42.179453488,electronics,web,76.33,0
613,2025-09-09 03:14:11.395846280,electronics,web,43.02,0
613,2025-10-12 09:50:47.437239348,sports,web,17.25,0
613,2025-11-15 03:07:32.209094041,grocery,mobile_app,37.47,0
613,2025-12-12 02:49:46.365422785,beauty,web,93.77,0
613,2026-03-31 12:23:05.337887825,apparel,web,18.95,0
613,2026-05-03 08:29:07.298140373,electronics,web,17.88,0
613,2026-07-10 08:32:11.622184962,electronics,web,204.24,0
614,2026-05-18 14:49:44.281571028,beauty,web,51.84,0
614,2026-05-31 20:42:08.439328829,home,mobile_app,86.16,0
614,2026-06-04 16:03:15.726201607,apparel,web,31.76,0
615,2025-06-10 14:59:19.590578598,grocery,mobile_app,18.15,0
615,2025-06-25 00:53:43.767994451,electronics,web,41.89,0
615,2025-07-17 04:16:58.370527673,electronics,store,6.79,0
615,2025-10-05 04:27:22.143888513,apparel,web,72.97,0
615,2025-11-02 18:22:03.104666291,grocery,store,72.18,0
615,2025-11-26 03:21:38.340704045,sports,store,112.4,0
615,2025-12-09 12:53:27.142983451,home,mobile_app,112.23,0
615,2025-12-13 13:33:59.744876579,sports,web,11.39,0
615,2026-02-12 20:49:46.934291661,apparel,mobile_app,46.63,0
615,2026-02-24 03:07:32.982626217,electronics,store,18.19,0
615,2026-03-12 13:16:55.632074878,apparel,mobile_app,24.24,0
615,2026-04-05 12:49:47.114304577,grocery,mobile_app,17.07,0
615,2026-05-24 19:49:30.360761700,beauty,mobile_app,38.74,0
616,2025-07-30 15:59:51.747905470,grocery,web,119.25,0
616,2025-12-18 08:45:22.041644951,sports,web,10.43,0
616,2026-02-09 06:45:42.885429325,apparel,store,56.04,0
616,2026-02-24 06:43:38.393843158,sports,mobile_app,73.24,0
616,2026-05-05 11:41:50.508889749,electronics,web,29.25,0
617,2026-03-25 08:00:35.420038316,sports,mobile_app,9.05,0
617,2026-05-20 03:51:47.524648297,apparel,web,83.98,0
617,2026-05-23 01:02:45.863201138,sports,mobile_app,11.31,0
617,2026-05-25 11:40:50.355309113,apparel,web,50.04,0
617,2026-05-27 11:39:12.706055275,home,mobile_app,60.48,0
617,2026-06-07 06:14:23.613754529,beauty,mobile_app,56.78,0
617,2026-06-19 13:01:09.403746451,apparel,web,3.84,0
617,2026-06-28 15:15:20.610493074,home,store,18.93,0
618,2025-12-15 01:14:34.473591776,apparel,web,8.35,0
618,2025-12-31 20:37:42.710156118,beauty,web,63.63,0
618,2026-01-02 00:10:04.418272696,sports,web,56.79,0
618,2026-04-01 01:45:03.587756798,home,web,4.13,0
618,2026-05-06 07:15:01.099700520,beauty,mobile_app,29.27,0
618,2026-05-25 05:54:33.744150545,home,web,22.81,0
618,2026-07-01 05:28:54.292265576,apparel,web,27.3,0
619,2026-07-04 09:14:07.578347946,sports,web,60.55,0
619,2026-07-30 19:02:02.049777952,apparel,store,29.18,0
621,2026-01-13 21:14:42.700795106,grocery,mobile_app,312.39,0
621,2026-02-02 05:18:57.676123446,apparel,store,19.28,0
621,2026-02-06 21:06:50.965992533,beauty,store,27.31,1
621,2026-02-11 10:29:30.826221136,sports,web,60.96,0
621,2026-04-20 21:46:35.327368742,home,mobile_app,42.44,0
621,2026-05-04 14:06:58.816454962,grocery,store,30.74,0
621,2026-05-14 12:42:20.647678796,apparel,web,30.14,0
622,2026-01-31 04:48:31.024955837,electronics,web,28.68,0
622,2026-03-01 11:24:47.055060052,grocery,web,88.8,0
622,2026-04-02 17:48:20.646135769,beauty,web,64.38,0
622,2026-04-13 19:40:05.167073822,home,web,13.64,0
622,2026-04-17 02:02:09.774469410,home,web,35.58,0
622,2026-05-27 20:03:29.162363458,sports,store,9.23,0
622,2026-06-15 20:21:49.883823746,grocery,store,16.17,0
622,2026-06-16 02:43:21.359371495,sports,web,186.17,0
622,2026-07-24 05:56:14.425830327,apparel,web,19.12,0
623,2026-03-17 16:39:08.330044701,home,web,28.69,0
623,2026-05-12 03:10:59.165322917,grocery,mobile_app,8.76,0
623,2026-05-21 07:28:11.985725623,grocery,mobile_app,56.92,0
623,2026-06-24 23:05:22.786605059,beauty,mobile_app,103.09,1
624,2026-03-10 10:35:07.917564290,sports,web,13.58,0
624,2026-03-23 07:02:14.690763353,apparel,web,114.29,0
624,2026-04-29 09:21:16.823346622,apparel,mobile_app,124.58,0
624,2026-05-04 06:42:57.756335311,apparel,web,28.94,0
624,2026-05-27 16:12:05.664637118,beauty,web,11.73,0
624,2026-06-26 09:13:19.749289746,electronics,store,90.22,0
624,2026-07-04 09:18:10.477076665,beauty,mobile_app,21.13,0
625,2025-09-17 12:48:45.611404454,sports,mobile_app,98.26,0
625,2025-10-13 18:20:47.831049842,apparel,web,191.02,0
625,2025-11-06 03:01:03.388423688,beauty,web,40.63,0
625,2026-01-29 22:37:27.879972102,beauty,store,93.93,0
625,2026-04-08 09:01:26.584756810,grocery,store,47.34,0
625,2026-07-03 10:50:53.545875458,grocery,web,26.32,0
625,2026-07-30 10:12:49.649613311,grocery,web,54.34,0
626,2026-02-03 00:21:39.502354404,electronics,store,437.06,0
626,2026-03-11 21:06:44.518256505,sports,store,36.32,0
626,2026-04-01 10:37:06.492161396,apparel,web,24.57,0
626,2026-04-07 00:00:43.059191363,sports,mobile_app,49.37,0
626,2026-04-25 22:39:35.108420588,grocery,mobile_app,17.28,0
626,2026-05-20 01:10:43.671686924,electronics,store,89.05,0
626,2026-05-20 19:05:01.408173458,sports,web,17.82,0
627,2026-01-27 23:46:59.148191894,beauty,mobile_app,7.65,0
627,2026-04-10 22:34:30.967861415,home,mobile_app,65.46,0
628,2026-05-03 18:27:09.083810474,sports,web,32.83,0
628,2026-05-11 14:00:48.255894769,beauty,mobile_app,68.3,0
628,2026-07-07 11:34:30.522005510,sports,web,84.59,0
628,2026-07-23 08:05:20.784569989,beauty,web,4.41,0
628,2026-07-23 16:56:37.550519849,beauty,mobile_app,18.15,0
628,2026-07-29 14:43:20.754264317,beauty,mobile_app,33.78,0
629,2025-08-22 13:00:49.743556673,electronics,mobile_app,49.86,0
629,2025-08-24 02:27:58.743623379,beauty,store,9.52,0
629,2025-09-04 18:57:51.221318110,apparel,web,20.68,0
629,2025-12-02 06:43:25.066105482,home,web,34.86,0
629,2025-12-27 17:50:26.989755608,grocery,store,24.19,0
629,2026-01-31 19:49:28.426441973,electronics,web,47.55,0
629,2026-04-02 16:17:36.589681704,home,mobile_app,28.89,0
629,2026-05-04 11:35:38.431090588,grocery,web,20.35,0
629,2026-05-27 22:27:37.037628401,home,store,13.42,1
629,2026-06-05 09:46:03.847191989,apparel,web,21.44,1
629,2026-07-24 11:46:22.407072779,electronics,mobile_app,92.15,0
629,2026-07-29 21:21:32.448677913,sports,mobile_app,42.85,0
630,2025-09-21 05:11:54.386191436,home,web,71.8,0
630,2025-11-15 22:16:04.918895746,grocery,web,30.99,0
630,2025-12-24 18:33:02.981097427,sports,web,21.71,0
630,2026-01-05 20:45:08.805472232,home,mobile_app,54.96,0
630,2026-03-14 16:26:43.786956887,home,web,10.63,0
630,2026-03-29 09:04:47.293770294,beauty,web,18.85,0
630,2026-04-21 01:39:48.328723570,beauty,web,24.8,0
630,2026-05-08 03:49:45.011348026,electronics,mobile_app,23.99,1
630,2026-06-03 00:53:56.134867108,grocery,mobile_app,14.19,0
630,2026-06-05 11:01:05.156466629,apparel,web,30.78,0
630,2026-06-06 00:58:23.463748797,grocery,store,25.49,0
631,2025-03-26 07:25:53.284012611,apparel,mobile_app,8.95,0
631,2025-04-05 01:35:53.252001278,grocery,mobile_app,106.16,0
631,2025-04-29 02:38:52.842199200,sports,web,56.35,0
631,2025-06-09 18:05:20.705470377,home,mobile_app,14.66,1
631,2025-08-08 12:34:23.937374655,electronics,web,20.39,0
631,2025-09-03 02:36:09.256534552,home,web,15.58,0
631,2025-12-28 06:06:18.665061927,apparel,mobile_app,32.92,0
631,2026-01-26 22:18:16.909782164,electronics,web,66.97,0
631,2026-03-05 10:46:35.978906099,sports,mobile_app,76.22,0
631,2026-04-08 23:12:15.600235525,sports,web,105.38,0
631,2026-04-15 00:24:58.135818816,beauty,store,24.21,0
631,2026-05-11 23:44:22.788769774,electronics,web,69.13,0
631,2026-06-12 03:46:18.079898100,grocery,web,26.62,0
631,2026-06-12 18:34:47.948239897,electronics,web,51.53,0
632,2026-03-11 14:29:13.856900462,beauty,mobile_app,58.22,0
632,2026-04-25 07:03:56.939950357,electronics,web,28.38,0
632,2026-04-26 02:09:05.268852003,beauty,web,10.39,0
633,2025-12-02 21:12:05.458259509,apparel,mobile_app,51.78,0
633,2026-03-20 21:16:43.396535592,grocery,mobile_app,53.29,0
633,2026-05-09 21:01:28.632312869,grocery,web,14.12,0
633,2026-07-23 21:42:36.300365882,sports,web,7.16,0
634,2026-03-02 19:24:29.935271630,home,web,5.97,0
635,2026-05-04 15:03:51.944519944,beauty,store,26.7,0
635,2026-07-31 00:47:21.602600132,grocery,mobile_app,22.77,0
636,2026-02-13 14:56:14.651562743,apparel,web,66.06,0
636,2026-02-14 16:27:40.872818008,grocery,web,9.66,0
636,2026-03-29 10:30:34.992770550,home,mobile_app,95.58,0
636,2026-04-07 16:13:12.618682525,home,web,32.81,0
636,2026-04-16 14:11:30.627579892,grocery,store,5.68,0
636,2026-04-18 13:06:17.613089589,electronics,web,42.59,1
636,2026-05-05 03:33:44.986712043,grocery,store,42.69,0
636,2026-05-15 15:40:43.717055774,apparel,web,23.22,0
636,2026-05-20 16:30:28.085761403,beauty,web,49.41,0
636,2026-06-12 05:21:37.441603032,electronics,web,4.78,0
636,2026-06-20 19:00:49.795396457,sports,mobile_app,21.77,0
637,2026-05-25 22:03:50.308300973,beauty,store,19.84,0
638,2026-03-05 23:41:17.030968386,beauty,web,195.55,0
638,2026-03-19 21:51:55.853306139,apparel,mobile_app,49.31,0
638,2026-05-04 08:51:35.652700515,apparel,mobile_app,66.97,0
638,2026-07-12 08:46:37.171171670,sports,mobile_app,13.3,0
639,2025-01-25 01:00:45.330674478,home,mobile_app,17.16,0
639,2025-02-03 22:18:46.412879043,grocery,web,36.71,0
639,2025-02-09 18:07:36.299056115,apparel,mobile_app,23.8,0
639,2025-06-16 16:50:52.758622488,apparel,mobile_app,43.42,0
639,2025-07-01 07:09:56.466618233,home,web,46.49,0
639,2025-07-09 11:57:27.138463166,beauty,store,7.91,0
639,2025-10-04 07:45:10.979510830,sports,web,19.23,0
639,2025-11-08 03:07:49.137777066,home,web,7.91,0
639,2025-12-07 13:07:56.701281634,grocery,web,55.99,0
639,2026-01-24 16:34:15.444158166,sports,mobile_app,13.28,0
639,2026-02-17 03:11:00.259751821,grocery,web,29.67,0
639,2026-03-08 06:21:33.238005676,beauty,web,25.36,0
639,2026-03-10 17:08:02.839523240,apparel,web,10.28,0
639,2026-04-30 18:33:57.886613715,beauty,store,32.88,0
639,2026-06-12 01:06:51.200384409,electronics,web,242.23,0
639,2026-07-08 12:14:14.516410324,electronics,mobile_app,76.86,0
639,2026-07-24 01:03:28.465057533,grocery,store,45.97,0
640,2026-03-25 10:14:11.672574355,apparel,web,25.68,0
640,2026-03-27 20:42:21.515562464,beauty,web,12.04,0
640,2026-04-14 03:54:19.751351542,beauty,web,22.88,0
640,2026-04-21 21:19:42.667165641,beauty,web,114.97,0
640,2026-04-25 14:20:36.825181760,sports,web,20.37,0
640,2026-05-15 17:26:00.002144475,beauty,web,27.82,0
640,2026-05-23 20:15:44.858795130,electronics,web,19.4,0
640,2026-06-14 08:59:05.713286128,electronics,mobile_app,47.66,0
640,2026-06-25 22:34:01.265951292,apparel,web,60.69,0
640,2026-07-15 08:09:33.328302066,beauty,store,190.79,0
641,2025-06-20 02:48:11.197808266,apparel,web,21.05,0
641,2025-07-13 19:58:06.823270532,home,mobile_app,9.03,0
641,2025-07-18 10:08:40.314430727,home,mobile_app,20.92,0
641,2025-07-20 12:10:47.643652514,electronics,store,44.81,0
641,2025-08-25 11:43:01.856260460,apparel,web,49.17,0
641,2025-10-13 15:41:07.700135589,home,mobile_app,13.96,0
641,2025-10-29 03:42:05.952327089,sports,web,42.32,0
641,2025-12-15 07:41:48.917316236,home,web,84.54,0
641,2026-02-01 04:01:29.522899975,electronics,mobile_app,24.75,0
641,2026-02-17 20:10:51.470398091,sports,mobile_app,25.25,0
641,2026-03-16 17:17:23.596487284,grocery,mobile_app,174.98,0
641,2026-04-21 13:53:09.507906739,grocery,store,32.36,0
642,2024-09-24 23:09:35.264168491,home,mobile_app,49.44,0
642,2024-12-19 23:26:56.127484355,home,store,32.16,0
642,2025-01-06 20:31:30.297739599,apparel,web,53.25,0
642,2025-01-11 15:08:11.722431564,beauty,web,27.88,0
642,2025-01-29 17:36:43.608142512,home,store,95.43,0
642,2025-02-09 14:43:58.006801111,beauty,web,6.65,0
642,2025-04-22 20:24:26.346012437,home,web,14.51,0
642,2025-05-27 06:46:42.227819092,grocery,web,19.24,1
642,2025-06-24 14:15:05.087920142,sports,mobile_app,9.37,0
642,2025-07-06 20:03:59.113792711,grocery,web,22.26,0
642,2025-08-10 20:39:52.584876384,beauty,store,56.66,0
642,2025-08-15 15:00:30.940252794,beauty,mobile_app,20.13,1
642,2025-10-31 18:52:06.192733426,home,web,20.01,0
642,2026-01-20 04:05:42.556521054,sports,mobile_app,90.78,0
642,2026-03-25 23:24:58.853609874,electronics,web,95.64,1
642,2026-04-16 05:33:53.615749099,home,mobile_app,64.21,0
642,2026-04-24 00:16:52.520535466,sports,mobile_app,67.01,0
642,2026-05-13 12:18:29.745653432,beauty,mobile_app,36.43,0
642,2026-05-23 19:38:05.322934090,apparel,web,72.06,0
642,2026-07-19 17:45:37.787930514,grocery,mobile_app,84.1,0
643,2025-10-02 06:36:32.940111716,electronics,store,89.06,0
643,2025-11-10 09:21:24.727243997,sports,mobile_app,56.44,0
643,2025-12-03 03:38:24.123448721,apparel,mobile_app,34.06,0
643,2025-12-09 18:22:06.824510516,sports,mobile_app,11.05,0
643,2026-05-09 00:40:32.513464664,electronics,web,30.04,0
643,2026-05-14 04:35:59.399947562,sports,mobile_app,15.34,0
643,2026-07-31 08:46:44.843291602,home,store,47.88,0
644,2026-02-16 16:24:51.775495235,home,web,208.38,0
645,2026-02-08 00:43:56.412675763,electronics,store,10.48,0
645,2026-02-15 09:23:33.306153997,home,web,110.22,0
645,2026-03-14 13:03:10.791660258,beauty,web,10.5,0
645,2026-04-20 15:46:01.352476635,sports,mobile_app,49.59,0
645,2026-05-22 03:15:58.802083630,sports,web,8.92,0
645,2026-06-12 15:28:25.072834216,beauty,web,45.25,0
645,2026-06-26 14:05:52.357814783,grocery,web,41.41,0
645,2026-07-09 05:06:57.046144709,beauty,store,59.09,0
646,2026-04-04 09:12:45.635676659,sports,web,124.71,0
646,2026-04-11 04:01:46.250915016,home,web,119.66,0
646,2026-04-13 15:42:26.608696779,apparel,web,92.52,0
646,2026-07-08 06:11:05.714547150,sports,mobile_app,76.65,0
647,2025-08-03 08:13:46.298380956,home,web,15.03,0
647,2025-10-31 15:35:35.666089858,home,web,80.9,0
647,2025-11-19 12:28:25.506490512,electronics,web,17.17,0
647,2025-11-26 10:26:55.103490050,grocery,web,60.48,0
647,2026-01-14 09:36:42.787488609,electronics,store,3.17,0
647,2026-02-17 05:57:33.267384948,apparel,web,35.22,0
647,2026-04-11 03:44:22.350707382,home,store,75.84,0
647,2026-07-20 10:56:48.386680893,home,web,54.84,0
647,2026-07-28 09:59:05.509140340,grocery,store,12.96,0
648,2026-01-05 15:49:38.061452943,beauty,web,58.81,0
648,2026-02-26 14:11:56.511048391,apparel,web,23.1,0
648,2026-03-13 23:20:13.394003485,apparel,mobile_app,21.59,0
648,2026-03-16 23:02:30.223354002,apparel,web,12.1,0
648,2026-03-25 02:32:27.312834092,electronics,web,44.83,1
648,2026-05-13 14:44:06.173503907,home,mobile_app,131.19,0
648,2026-06-16 02:22:43.227314426,sports,mobile_app,22.49,0
648,2026-06-29 01:11:31.621356266,apparel,mobile_app,18.82,0
648,2026-07-03 08:04:14.939296309,home,web,78.78,0
649,2024-06-16 11:48:34.679050321,electronics,mobile_app,13.3,0
649,2024-06-22 14:32:17.903411506,grocery,mobile_app,6.92,0
649,2024-08-17 11:01:02.771528480,home,web,41.12,0
649,2024-08-20 11:36:43.320861890,beauty,web,25.44,0
649,2024-08-21 22:53:26.482298318,apparel,store,26.12,0
649,2025-02-26 16:30:38.125063826,electronics,web,89.81,0
649,2025-04-16 01:55:58.958381269,apparel,store,30.85,0
649,2025-05-21 01:44:28.219876190,beauty,web,59.34,0
649,2025-05-21 10:29:03.023994527,electronics,web,24.34,0
649,2025-08-11 14:29:24.150862436,home,web,41.49,0
649,2025-08-12 11:18:06.117876542,electronics,web,15.43,0
649,2025-10-09 09:12:40.663300819,home,web,6.88,0
649,2025-10-10 05:56:45.483941490,grocery,mobile_app,17.85,0
649,2025-12-02 21:30:52.795573725,electronics,mobile_app,88.8,0
649,2026-05-01 14:54:56.402255463,apparel,mobile_app,38.59,0
649,2026-06-08 20:22:13.752037422,home,mobile_app,6.8,0
649,2026-06-25 05:03:18.142633760,apparel,web,88.82,0
649,2026-06-25 17:23:11.643027899,grocery,mobile_app,25.63,0
650,2025-02-11 04:13:30.749566893,sports,web,99.89,0
650,2025-03-04 05:50:09.307444895,electronics,web,44.47,0
650,2025-03-30 01:58:42.714074456,sports,store,24.82,1
650,2025-04-07 08:08:07.037595223,sports,store,48.91,0
650,2025-04-24 02:32:33.130597549,sports,web,35.4,0
650,2025-05-15 01:37:30.759488303,home,store,36.48,0
650,2025-06-08 10:17:09.717976822,beauty,mobile_app,34.24,0
650,2025-08-10 06:55:58.814714612,sports,mobile_app,21.33,0
650,2025-10-04 10:11:13.490356425,beauty,store,13.66,0
650,2026-02-05 21:59:28.518367981,beauty,mobile_app,23.44,0
650,2026-02-22 21:59:37.902773032,sports,mobile_app,32.85,0
650,2026-03-12 01:36:49.911091008,beauty,web,88.39,0
650,2026-04-02 17:23:26.337386879,grocery,mobile_app,46.43,0
650,2026-04-15 03:34:32.307091678,sports,mobile_app,47.04,0
650,2026-04-29 17:11:38.691129400,home,mobile_app,93.85,0
650,2026-05-09 20:50:40.842983743,beauty,web,33.86,0
650,2026-05-11 08:31:50.197238352,beauty,mobile_app,12.69,0
650,2026-05-18 19:21:24.175752679,grocery,web,43.61,0
650,2026-06-25 08:35:07.943337629,grocery,web,29.64,0
650,2026-06-25 10:14:13.037849140,grocery,mobile_app,17.95,0
650,2026-07-20 16:32:56.014533350,apparel,web,49.99,0
651,2025-09-08 04:31:00.888564631,apparel,mobile_app,33.21,0
651,2025-10-02 14:27:43.309026006,home,web,18.71,0
651,2025-11-21 21:39:24.146125874,apparel,mobile_app,115.46,1
651,2025-12-02 04:03:25.200464326,apparel,web,6.47,0
651,2025-12-11 21:55:54.352660924,beauty,web,12.53,0
651,2026-01-16 17:04:01.462448891,sports,store,18.01,0
651,2026-07-05 21:52:42.401291546,apparel,mobile_app,12.3,0
652,2025-03-04 04:14:35.225573770,home,web,24.36,0
652,2025-03-05 23:16:22.829692593,beauty,web,13.17,0
652,2025-03-27 04:06:12.294431067,beauty,mobile_app,42.28,0
652,2025-03-29 17:27:51.597658124,electronics,mobile_app,20.72,0
652,2025-04-29 07:32:40.401285116,sports,web,56.47,0
652,2025-05-14 19:40:24.523639882,grocery,mobile_app,40.7,0
652,2025-06-13 04:43:02.698445191,beauty,store,40.18,0
652,2025-06-21 16:11:46.292554430,home,web,17.51,0
652,2025-08-07 06:44:05.222202525,beauty,web,34.46,0
652,2025-08-24 10:32:10.962258303,beauty,mobile_app,96.39,0
652,2025-10-06 06:07:27.609771464,beauty,mobile_app,7.04,0
652,2025-11-24 12:37:50.233938442,beauty,mobile_app,52.73,0
652,2026-01-27 08:06:20.925768166,grocery,mobile_app,20.99,0
652,2026-03-14 16:22:15.264437417,home,web,26.57,0
652,2026-05-07 13:50:31.922676462,beauty,web,40.96,1
652,2026-06-18 23:31:01.689144096,home,web,39.6,0
652,2026-06-22 23:22:51.800294517,beauty,mobile_app,15.43,0
652,2026-07-19 05:20:40.355709104,apparel,mobile_app,24.49,0
653,2026-07-20 17:55:06.021606833,grocery,web,32.97,0
653,2026-07-25 21:54:10.637983092,grocery,mobile_app,35.96,0
654,2025-05-20 01:15:19.363136277,apparel,web,106.43,0
654,2025-09-21 05:25:47.744015160,sports,mobile_app,10.72,0
654,2025-10-18 06:16:55.577488547,sports,mobile_app,35.56,0
654,2025-11-25 21:46:57.180110428,electronics,web,86.71,0
654,2025-12-06 04:52:36.631107250,electronics,mobile_app,47.13,0
654,2025-12-14 03:25:40.468344249,grocery,store,51.65,0
654,2025-12-17 08:25:01.978467618,beauty,web,19.41,0
654,2026-05-06 13:44:20.100180567,electronics,web,15.52,0
654,2026-06-14 22:22:12.982894666,home,mobile_app,11.9,0
654,2026-07-08 03:27:56.447285858,grocery,web,41.47,1
654,2026-07-24 18:06:48.059980036,grocery,web,51.48,0
655,2025-12-11 10:56:46.459620459,apparel,web,16.5,0
655,2025-12-26 02:20:52.814485269,beauty,web,20.55,0
655,2025-12-30 05:43:18.105789432,home,store,41.83,0
655,2026-03-06 21:53:14.456100685,electronics,store,45.55,0
655,2026-03-31 18:21:39.263724101,beauty,web,13.1,0
655,2026-05-23 13:44:27.406434852,beauty,mobile_app,17.08,0
655,2026-05-29 11:42:16.203590828,grocery,store,3.0,0
655,2026-07-13 07:52:46.630014036,grocery,mobile_app,51.34,0
655,2026-07-18 23:34:52.084528871,sports,store,11.22,0
655,2026-07-20 16:18:57.087577098,beauty,mobile_app,24.45,0
656,2025-11-08 14:24:31.905980257,home,mobile_app,96.73,0
656,2025-11-27 12:39:22.607209665,home,mobile_app,40.2,0
656,2025-12-23 08:52:56.220596239,beauty,web,14.02,0
656,2026-02-22 14:30:00.007088821,grocery,mobile_app,103.82,1
656,2026-05-01 17:21:27.192710244,beauty,store,52.44,0
656,2026-05-11 00:29:15.211596512,beauty,web,22.53,0
656,2026-05-23 22:36:05.508682952,grocery,web,12.4,0
657,2025-05-24 01:17:20.308995906,sports,web,23.12,0
657,2025-06-28 05:29:13.848021756,electronics,web,75.09,0
657,2025-07-26 16:01:52.571505427,home,web,44.02,1
657,2025-09-20 05:17:16.442748819,apparel,web,31.75,0
657,2025-11-02 04:40:27.400022760,grocery,web,36.0,0
657,2025-12-29 03:44:20.032639645,apparel,web,65.9,0
657,2026-03-21 08:10:46.781599475,apparel,web,34.93,0
657,2026-05-22 19:44:01.283377296,sports,mobile_app,5.33,0
657,2026-05-23 23:14:55.279550568,grocery,web,17.67,0
657,2026-05-30 05:11:08.615172241,apparel,web,102.09,0
657,2026-06-22 12:52:56.684950761,electronics,mobile_app,33.35,0
657,2026-07-28 09:41:21.814331597,electronics,web,18.88,0
658,2025-12-26 06:21:08.143678481,beauty,web,22.22,0
658,2025-12-29 11:55:30.166090833,apparel,store,45.25,0
658,2026-02-04 22:41:12.044457814,home,web,33.77,0
658,2026-02-06 12:11:15.216353532,sports,mobile_app,51.75,0
658,2026-02-11 08:45:47.091858138,sports,web,22.26,0
658,2026-02-17 17:05:57.266235969,apparel,mobile_app,16.36,0
658,2026-05-17 18:47:59.031917650,home,web,123.06,0
658,2026-06-05 03:49:18.152644392,electronics,mobile_app,22.56,0
659,2026-07-11 07:47:31.555070420,apparel,web,3.0,0
659,2026-07-29 16:08:46.632347506,beauty,store,75.91,0
660,2026-01-04 19:31:13.353342831,sports,web,75.23,0
660,2026-02-04 11:09:30.067127387,grocery,web,188.02,0
660,2026-04-03 15:41:46.140288093,home,mobile_app,22.35,0
660,2026-04-04 08:37:02.195353120,apparel,mobile_app,147.47,0
660,2026-04-18 10:31:40.928148319,home,mobile_app,37.12,0
660,2026-05-09 11:14:24.480954410,sports,mobile_app,27.71,0
660,2026-06-17 23:59:54.902440764,sports,web,26.06,0
660,2026-07-27 18:53:10.512324508,grocery,web,18.02,0
661,2026-04-11 21:30:37.015794709,sports,mobile_app,119.69,0
662,2025-04-05 15:08:34.658485697,sports,web,24.89,0
662,2025-04-23 21:29:43.613963466,sports,store,99.48,1
662,2025-06-03 23:49:39.590053948,sports,mobile_app,146.84,0
662,2025-08-14 04:48:42.190113678,sports,web,45.56,0
662,2025-11-14 23:34:31.808814840,apparel,mobile_app,46.75,0
662,2026-05-15 23:51:29.826403771,grocery,mobile_app,20.6,1
662,2026-07-20 08:01:34.978771082,beauty,mobile_app,31.88,0
663,2026-07-16 07:06:06.928206512,home,web,16.21,0
663,2026-07-22 23:06:38.495422014,beauty,web,55.72,0
663,2026-07-31 21:19:19.568299055,home,web,187.25,0
664,2026-02-21 23:27:57.639191982,sports,web,63.51,0
664,2026-02-24 19:23:49.016757815,grocery,web,27.72,0
664,2026-03-02 14:32:09.246598083,apparel,store,28.42,0
664,2026-04-12 08:03:48.257370954,apparel,store,6.32,0
664,2026-04-20 10:51:11.751781464,beauty,web,17.84,0
664,2026-05-15 07:04:54.561854030,beauty,mobile_app,70.93,0
664,2026-06-04 03:32:09.910333496,sports,web,63.09,0
665,2025-05-18 23:14:28.411638144,beauty,web,39.24,0
665,2025-08-19 14:27:38.122634757,apparel,mobile_app,4.13,0
665,2025-09-16 20:08:28.842903318,home,web,80.17,0
665,2025-11-04 16:40:13.270583139,beauty,mobile_app,44.5,0
665,2025-12-14 06:20:55.845416496,sports,mobile_app,81.87,0
665,2026-03-02 13:36:18.592083458,sports,store,35.89,0
665,2026-03-05 23:34:35.322143736,apparel,mobile_app,80.14,0
665,2026-06-28 08:28:20.260701964,grocery,web,5.28,0
666,2025-01-03 21:56:17.841831052,grocery,mobile_app,71.29,0
666,2025-01-15 21:10:26.042694261,home,store,17.46,0
666,2025-02-21 18:30:13.160917694,electronics,store,51.13,1
666,2025-04-04 14:58:18.313627478,electronics,mobile_app,409.7,0
666,2025-05-22 22:47:22.741967735,home,mobile_app,17.27,0
666,2025-05-27 01:57:09.297451089,grocery,mobile_app,9.99,0
666,2025-06-09 09:34:39.657628149,grocery,web,3.24,0
666,2025-06-23 22:02:41.564269450,apparel,web,105.47,0
666,2025-06-25 03:13:18.344237739,grocery,store,14.29,0
666,2025-07-03 10:06:38.276429435,home,web,20.83,0
666,2025-08-15 05:20:28.424071617,apparel,web,26.04,0
666,2025-09-17 15:59:14.795871150,electronics,store,30.56,0
666,2025-10-10 09:24:04.590796983,home,mobile_app,39.37,0
666,2025-11-13 07:29:21.375331043,grocery,web,100.15,0
666,2026-01-11 13:55:04.277455793,home,store,58.36,0
666,2026-02-25 09:07:56.449798974,sports,web,27.17,0
666,2026-04-07 10:23:30.132207163,beauty,mobile_app,164.95,0
666,2026-04-18 13:52:32.129870290,home,web,7.29,0
666,2026-05-31 09:34:45.852097783,home,mobile_app,10.2,0
666,2026-06-04 20:23:52.443976275,electronics,store,12.37,0
666,2026-07-11 17:32:28.478326114,grocery,mobile_app,29.53,0
667,2025-11-03 13:32:40.570127477,home,mobile_app,96.49,0
667,2026-01-25 02:42:44.046196114,beauty,mobile_app,12.63,0
667,2026-02-11 15:07:38.987434010,apparel,web,40.16,0
667,2026-03-13 22:57:48.696542220,apparel,mobile_app,42.79,1
667,2026-04-24 13:40:41.905026817,grocery,store,59.79,1
667,2026-05-19 22:25:44.145014924,grocery,mobile_app,35.48,0
667,2026-06-24 01:03:30.146275760,beauty,store,37.1,0
667,2026-06-25 19:36:07.695457111,beauty,web,30.8,0
668,2025-08-08 00:19:36.024723938,sports,mobile_app,24.26,0
668,2025-09-01 13:50:27.008933200,home,store,13.22,0
668,2025-09-12 21:01:11.395479337,electronics,mobile_app,43.87,0
668,2025-09-14 00:12:59.987018575,beauty,store,29.23,1
668,2025-10-29 07:07:21.739546932,home,store,36.52,0
668,2026-01-04 07:11:54.117825024,sports,store,26.38,0
668,2026-01-25 20:10:56.484004469,beauty,mobile_app,12.85,0
668,2026-02-15 09:38:31.529513953,electronics,mobile_app,17.84,0
668,2026-04-10 11:47:09.445029242,apparel,store,87.51,0
668,2026-05-27 02:47:50.525343482,electronics,web,32.75,0
668,2026-06-26 17:39:05.261456532,home,web,25.09,0
669,2025-05-09 03:47:31.232954352,sports,mobile_app,94.22,1
669,2025-06-09 22:02:45.634922584,apparel,store,33.28,0
669,2025-07-31 22:47:47.846683571,grocery,mobile_app,63.46,0
669,2025-08-11 11:06:37.765655975,electronics,mobile_app,13.29,0
669,2025-09-07 18:06:24.690300789,sports,web,32.75,0
669,2025-10-11 04:42:52.693992337,electronics,store,21.17,0
669,2025-10-14 22:01:51.739980413,electronics,web,47.82,0
669,2025-11-27 05:15:32.785829862,home,mobile_app,58.94,0
669,2025-12-19 13:30:04.930408415,beauty,web,30.43,0
669,2025-12-29 06:34:17.279177765,electronics,store,18.62,0
669,2026-02-10 18:19:56.972211361,apparel,web,11.58,0
669,2026-03-12 10:29:58.372207559,beauty,web,241.08,0
669,2026-06-28 11:49:07.107195562,apparel,store,21.16,0
669,2026-07-16 21:35:04.478576802,home,mobile_app,78.98,0
670,2026-07-02 17:18:22.916520931,apparel,store,13.47,0
671,2024-12-30 02:06:42.896379696,grocery,mobile_app,46.13,0
671,2025-03-18 08:43:22.428021853,home,mobile_app,8.49,0
671,2025-03-23 06:08:37.881895938,apparel,web,97.57,0
671,2025-03-29 08:42:33.376710822,home,web,78.95,0
671,2025-04-07 02:15:56.819899812,electronics,mobile_app,186.24,0
671,2025-05-25 06:59:45.366897492,sports,web,34.82,0
671,2025-07-02 07:46:41.095401373,apparel,web,31.23,0
671,2026-01-07 22:59:38.019755809,home,store,21.19,0
671,2026-03-11 18:50:36.631109398,apparel,web,47.27,0
671,2026-07-08 06:42:29.896995036,grocery,store,151.7,0
671,2026-07-16 02:56:01.954862898,apparel,web,23.46,0
671,2026-07-22 01:05:50.568839440,sports,web,26.5,0
672,2025-10-29 04:39:00.888664384,sports,mobile_app,15.48,0
672,2025-11-06 21:46:02.272501385,beauty,mobile_app,14.22,0
672,2026-01-09 06:32:44.016254400,beauty,mobile_app,5.78,0
672,2026-01-18 12:09:28.707231186,beauty,store,74.35,0
672,2026-03-15 07:34:27.102475785,home,mobile_app,67.63,0
672,2026-05-12 19:37:50.133210716,home,web,29.28,0
672,2026-05-29 05:39:13.588734730,home,mobile_app,48.99,0
672,2026-07-21 16:41:01.562250250,beauty,web,42.92,0
672,2026-07-24 19:20:31.286418856,home,store,156.92,0
673,2025-06-16 10:59:07.477272287,home,mobile_app,80.77,1
673,2025-07-07 10:54:35.394746778,grocery,web,79.96,0
673,2025-09-13 03:45:47.873349553,home,store,186.41,0
673,2025-11-10 10:58:07.738557131,apparel,store,51.6,0
673,2025-12-11 22:07:15.277462508,sports,mobile_app,45.49,0
673,2026-01-03 11:32:13.102046071,apparel,web,50.95,0
673,2026-03-10 18:18:06.391200508,apparel,mobile_app,88.46,0
673,2026-05-01 07:42:32.368104479,electronics,web,28.2,0
673,2026-05-06 12:46:47.118942040,apparel,web,18.84,0
673,2026-06-01 01:00:21.361994338,apparel,mobile_app,30.99,0
673,2026-06-16 00:39:06.625538327,apparel,web,24.14,0
673,2026-07-13 19:37:37.310408956,grocery,web,53.09,0
675,2025-06-25 06:59:07.337757383,sports,mobile_app,14.42,0
675,2025-07-05 02:16:52.849223890,grocery,store,19.76,0
675,2025-11-23 08:26:13.556148666,apparel,mobile_app,63.87,0
675,2025-12-05 21:43:24.428495401,home,mobile_app,92.68,0
675,2026-01-27 15:53:21.040449214,sports,web,30.05,0
675,2026-03-27 12:21:13.638678970,apparel,web,20.55,0
675,2026-04-14 03:04:49.491410212,beauty,mobile_app,16.83,0
675,2026-06-30 14:07:14.487086810,grocery,store,29.87,0
675,2026-07-08 21:39:49.733555591,home,web,53.75,0
675,2026-07-27 12:39:51.683316794,apparel,web,52.34,0
675,2026-07-29 02:10:14.367352417,electronics,web,19.6,0
676,2025-04-01 14:22:03.050492244,grocery,mobile_app,46.64,0
676,2025-05-06 03:44:09.901965290,home,web,116.32,0
676,2025-06-06 18:32:04.700651122,beauty,mobile_app,136.86,0
676,2025-08-02 13:52:23.345322909,beauty,store,10.14,0
676,2025-12-04 01:36:14.005370952,home,store,4.31,0
676,2025-12-09 21:17:01.981315404,electronics,mobile_app,27.27,0
676,2025-12-12 14:54:25.697286994,sports,web,35.2,1
676,2026-01-05 10:06:22.096167912,beauty,store,58.89,0
676,2026-07-13 06:35:45.893737421,beauty,web,93.89,0
677,2025-09-14 00:11:08.534678246,sports,mobile_app,36.58,0
677,2026-01-04 00:03:58.869276455,apparel,web,20.8,0
677,2026-01-16 11:53:53.942646351,electronics,mobile_app,31.72,0
677,2026-01-22 07:21:09.072832551,grocery,web,38.46,0
677,2026-01-29 01:33:33.530861129,electronics,web,210.46,0
677,2026-03-18 07:52:20.906133845,beauty,web,27.22,0
677,2026-05-28 23:30:26.144069642,electronics,mobile_app,37.76,0
678,2026-06-12 11:27:43.477893640,sports,web,137.95,1
678,2026-06-29 09:45:49.607407273,sports,mobile_app,22.36,0
678,2026-07-14 10:03:30.056589458,home,web,35.15,1
679,2025-08-18 09:03:40.818270287,home,web,84.98,0
679,2025-08-30 09:40:45.764354508,grocery,web,176.34,0
679,2025-10-02 07:58:51.997630412,sports,mobile_app,48.45,0
679,2025-12-07 06:40:43.293851570,home,mobile_app,34.11,0
679,2025-12-18 08:02:46.930107576,apparel,mobile_app,102.98,0
679,2026-02-26 23:59:53.227002420,electronics,web,59.51,0
679,2026-03-17 16:00:40.472167038,home,mobile_app,70.91,0
679,2026-04-12 02:26:41.589352776,home,mobile_app,11.43,1
680,2026-05-04 07:15:59.546438165,apparel,web,19.62,0
680,2026-05-17 12:50:34.084759848,grocery,store,19.69,0
680,2026-05-22 16:40:18.506343997,sports,mobile_app,28.05,0
680,2026-05-30 21:09:59.015423060,electronics,web,59.01,0
680,2026-05-31 19:17:05.772250588,grocery,web,23.04,0
680,2026-06-02 18:54:51.955300343,apparel,web,11.59,0
680,2026-07-04 09:14:35.561595385,electronics,web,19.59,0
680,2026-07-14 06:11:34.021197099,home,web,18.04,0
680,2026-07-24 20:36:26.182514647,apparel,mobile_app,68.71,1
680,2026-07-30 16:11:53.927101110,grocery,web,9.77,0
680,2026-07-31 18:27:32.695649422,home,mobile_app,49.57,0
681,2024-12-16 13:08:37.752961195,apparel,store,9.05,0
681,2025-03-27 16:46:14.934905945,grocery,mobile_app,16.7,0
681,2025-04-01 02:36:37.029578170,home,store,23.51,0
681,2025-04-30 07:42:33.718179992,electronics,mobile_app,58.34,0
681,2025-11-29 16:32:33.040295748,sports,mobile_app,195.61,1
682,2026-07-15 13:31:26.901474828,electronics,web,83.42,0
683,2024-08-27 07:44:24.726110776,sports,mobile_app,34.59,0
683,2024-11-10 19:26:22.818861249,sports,mobile_app,58.64,0
683,2025-06-08 10:32:51.782049215,home,mobile_app,27.92,0
683,2025-09-06 09:19:34.351683747,sports,store,82.07,0
683,2025-09-23 18:20:44.983120005,grocery,mobile_app,47.25,0
683,2025-10-27 12:31:00.886374622,home,mobile_app,9.91,0
683,2025-12-16 11:13:29.015908655,apparel,mobile_app,28.54,0
683,2026-03-12 05:48:03.593083971,home,web,61.93,0
683,2026-04-28 19:40:06.555639335,sports,web,41.28,0
684,2024-12-02 08:19:22.750522490,sports,store,55.35,0
684,2024-12-28 11:31:27.174937492,beauty,store,33.44,0
684,2025-04-16 20:36:56.035276759,apparel,web,205.5,0
684,2025-05-04 00:33:05.752080651,sports,mobile_app,62.27,0
684,2025-05-04 06:02:41.849517276,home,mobile_app,29.02,0
684,2025-07-11 17:14:58.646093191,apparel,mobile_app,4.93,0
684,2025-07-31 16:52:26.793863599,beauty,store,63.1,0
685,2026-04-29 18:25:56.788422528,beauty,mobile_app,43.32,0
685,2026-06-12 19:46:17.472068746,grocery,mobile_app,25.71,0
685,2026-06-24 06:05:22.454040074,sports,web,21.86,0
686,2025-06-06 07:13:10.716822855,beauty,mobile_app,13.98,0
686,2025-07-14 11:10:58.381108234,home,store,80.55,0
686,2025-07-18 23:30:57.129746285,sports,store,7.25,0
686,2025-09-12 15:08:01.145353880,apparel,web,90.32,0
686,2025-10-10 10:04:34.732442335,electronics,store,149.37,0
686,2026-01-13 06:06:14.890108197,sports,web,42.71,0
686,2026-04-25 08:39:01.500190488,grocery,web,25.75,0
686,2026-05-23 17:41:24.768142731,sports,mobile_app,24.03,0
686,2026-06-30 18:54:35.982637586,home,mobile_app,27.16,0
686,2026-07-22 10:51:42.040083946,electronics,mobile_app,28.66,0
687,2025-09-09 07:17:43.122469313,apparel,mobile_app,11.3,0
687,2025-09-13 16:51:17.265012648,electronics,web,60.23,0
687,2025-10-06 06:45:25.331561759,sports,mobile_app,52.41,0
687,2025-11-05 13:33:55.445604665,home,store,46.62,0
687,2025-11-14 06:15:19.132342831,home,web,70.32,0
687,2026-01-10 21:27:15.454241079,home,web,84.88,0
687,2026-02-04 10:24:28.008339933,grocery,web,34.47,0
687,2026-02-12 11:03:19.707326200,electronics,store,24.66,0
687,2026-02-22 04:18:02.116550048,sports,web,16.67,0
687,2026-03-11 01:17:26.019172104,sports,web,29.08,0
687,2026-04-21 20:39:46.967336900,electronics,web,15.16,0
687,2026-06-13 22:24:37.223327751,beauty,store,9.11,0
688,2025-08-12 12:44:09.030406656,apparel,web,247.54,0
688,2025-09-03 06:12:18.942077757,electronics,web,166.94,0
688,2025-11-02 04:24:44.821439352,apparel,web,35.43,0
688,2026-01-11 11:31:54.930372600,beauty,web,11.2,0
688,2026-03-13 05:34:20.489209974,electronics,web,65.88,0
688,2026-03-21 23:19:26.943589235,beauty,mobile_app,9.98,0
688,2026-04-19 20:15:54.125606653,grocery,mobile_app,39.81,1
688,2026-05-28 15:19:01.758791255,sports,store,26.06,0
689,2026-05-16 13:28:05.784829116,electronics,mobile_app,13.4,0
689,2026-05-29 02:59:06.269491027,grocery,web,134.07,0
689,2026-06-10 05:26:22.389561114,beauty,mobile_app,21.57,0
689,2026-06-28 08:24:41.748112066,apparel,mobile_app,353.14,0
690,2025-01-10 01:33:12.121225869,electronics,web,14.85,0
690,2025-01-26 00:13:18.934830132,apparel,mobile_app,8.06,0
690,2025-02-06 00:47:37.727061847,sports,mobile_app,129.24,0
690,2025-05-17 02:27:02.563057008,home,store,12.49,0
690,2025-06-12 10:31:54.669188672,grocery,mobile_app,39.98,0
690,2025-08-20 17:41:51.727607662,grocery,mobile_app,19.27,0
690,2025-08-25 10:35:13.721445151,sports,store,106.97,0
690,2026-01-10 13:20:52.604838871,home,mobile_app,15.01,0
690,2026-02-26 15:17:21.281193102,grocery,web,18.67,0
690,2026-06-02 02:16:43.421334816,home,store,12.52,0
690,2026-07-08 03:09:01.264128578,sports,web,8.06,0
691,2024-04-29 07:16:05.314899096,electronics,store,37.76,0
691,2024-05-17 15:39:46.758397753,home,mobile_app,34.86,0
691,2024-06-13 21:43:29.505989378,grocery,store,52.21,0
691,2024-07-16 12:39:30.676595406,electronics,web,27.21,0
691,2024-08-26 14:14:18.718652089,apparel,store,17.1,0
691,2024-10-07 04:49:10.962768663,beauty,mobile_app,28.73,0
691,2024-10-28 16:46:10.821987434,electronics,mobile_app,37.48,0
691,2024-11-19 12:56:26.576766413,beauty,web,122.38,0
691,2025-01-15 19:18:43.934856653,grocery,store,45.57,0
691,2025-01-26 12:27:13.017860188,home,web,47.13,0
691,2025-02-18 18:02:24.447250441,electronics,web,12.19,0
691,2025-05-16 10:19:19.182493915,sports,store,5.79,0
691,2025-06-06 14:42:49.863129794,home,mobile_app,5.02,0
691,2025-07-16 19:36:35.439915030,sports,mobile_app,121.34,0
691,2025-11-09 14:29:44.528768028,home,mobile_app,331.14,0
691,2025-12-03 23:16:10.531026576,apparel,store,112.04,0
691,2026-01-04 02:37:22.142932842,electronics,web,27.32,1
691,2026-01-13 11:51:35.896186550,beauty,web,34.54,0
691,2026-01-31 05:21:53.291150384,beauty,mobile_app,11.19,0
691,2026-06-10 19:35:14.007870940,beauty,web,5.55,0
691,2026-06-15 07:59:42.667252530,apparel,web,26.55,0
692,2024-12-17 13:24:13.445290481,home,store,13.56,0
692,2024-12-21 13:08:30.554777369,beauty,store,23.24,0
692,2025-05-08 21:51:10.120854376,beauty,web,19.9,1
692,2025-11-02 22:34:30.143097858,apparel,mobile_app,30.47,0
692,2026-01-10 06:46:37.142665099,beauty,mobile_app,16.26,0
692,2026-01-29 00:55:35.096484709,apparel,store,70.39,0
692,2026-02-08 21:44:24.261188511,grocery,mobile_app,18.42,0
692,2026-02-20 02:16:46.965239213,sports,web,46.52,0
692,2026-03-02 12:42:39.484847446,apparel,web,45.68,0
692,2026-05-03 23:56:42.662721555,grocery,store,202.54,0
692,2026-05-29 02:23:10.122678825,home,mobile_app,200.41,0
692,2026-06-18 08:36:48.881832460,apparel,store,27.0,0
692,2026-07-04 11:34:33.539207100,grocery,web,83.04,0
693,2024-10-31 15:16:02.653979212,beauty,mobile_app,45.42,0
693,2024-12-20 03:59:34.808801214,grocery,web,33.39,0
693,2025-01-01 04:32:07.059209540,home,web,35.94,0
693,2025-02-10 22:14:25.737296030,apparel,store,63.6,0
693,2025-02-14 15:25:05.268479595,electronics,web,8.99,0
693,2025-02-16 15:11:27.325079319,electronics,mobile_app,54.92,0
693,2025-09-28 02:06:31.163534275,electronics,store,18.78,0
693,2025-10-02 21:03:22.365831704,apparel,store,37.89,0
693,2025-11-04 11:42:49.900165725,grocery,web,17.52,0
693,2025-11-20 06:42:15.961800361,apparel,mobile_app,23.67,0
693,2025-12-02 12:07:23.717968810,apparel,mobile_app,5.48,0
693,2025-12-31 09:26:40.452921016,beauty,web,14.28,0
693,2026-04-18 21:03:49.115539138,grocery,mobile_app,24.17,0
693,2026-04-26 10:30:09.159622206,beauty,web,32.7,0
693,2026-07-08 00:19:36.785607353,home,store,93.49,0
693,2026-07-20 04:09:49.770943486,apparel,web,33.34,0
694,2025-05-12 03:35:17.737204241,beauty,store,33.15,0
694,2025-05-26 01:24:56.109333310,electronics,store,15.44,0
694,2025-06-11 15:09:55.813039650,apparel,mobile_app,79.83,0
694,2025-06-14 07:54:27.934416703,electronics,store,20.12,0
694,2025-07-01 11:33:35.536048480,beauty,mobile_app,36.16,0
694,2025-08-29 11:05:07.290983893,apparel,web,24.09,0
694,2025-09-06 23:18:49.047766615,apparel,store,69.1,0
694,2025-09-07 01:00:08.136910308,grocery,mobile_app,32.54,0
694,2025-09-11 01:51:15.906027816,grocery,mobile_app,100.18,0
694,2025-09-15 09:31:44.103456576,beauty,web,58.36,0
694,2025-11-11 12:06:36.661153102,sports,web,17.8,0
694,2026-01-06 18:53:52.673551115,apparel,mobile_app,54.42,0
694,2026-02-17 23:12:11.887978585,electronics,web,5.38,1
694,2026-03-27 07:57:40.117209648,sports,web,17.68,0
694,2026-05-17 06:15:07.676850431,beauty,mobile_app,8.79,0
694,2026-06-09 18:22:48.827176585,sports,web,22.63,0
694,2026-07-30 03:03:59.001522437,sports,web,25.61,0
695,2026-06-05 09:34:37.507033160,sports,web,18.58,0
695,2026-07-10 05:45:38.675801633,electronics,mobile_app,34.76,0
696,2026-02-28 08:58:29.707314243,home,mobile_app,52.39,0
696,2026-04-23 08:51:41.175851006,home,mobile_app,14.7,0
696,2026-05-27 12:38:41.984295072,apparel,mobile_app,19.27,0
696,2026-06-19 05:06:15.421063272,electronics,store,15.46,0
697,2024-10-17 07:14:09.854116518,sports,web,46.11,0
697,2024-11-04 12:33:16.676401395,home,web,6.65,0
697,2025-02-20 10:59:17.334706010,beauty,mobile_app,9.42,0
697,2025-05-07 23:03:04.375556378,apparel,mobile_app,42.49,0
697,2025-08-17 12:49:29.305078735,home,store,65.79,0
697,2026-03-08 23:27:39.209251035,apparel,mobile_app,47.54,0
697,2026-05-02 17:12:19.254026276,apparel,web,87.98,0
698,2025-06-11 15:27:34.799244659,home,store,42.97,0
698,2025-07-03 09:51:17.059094194,grocery,mobile_app,33.68,0
698,2025-08-02 21:44:44.144632001,apparel,mobile_app,47.24,0
698,2025-10-11 23:02:33.641775937,electronics,mobile_app,46.38,0
698,2026-02-14 20:02:14.257836284,home,web,169.61,0
698,2026-06-27 21:24:26.168154247,grocery,web,159.95,0
698,2026-06-30 14:38:34.589050357,electronics,mobile_app,14.64,0
699,2026-07-29 14:55:05.683200298,sports,mobile_app,31.95,0
700,2026-04-23 11:47:21.157938589,electronics,store,43.37,0
700,2026-06-04 18:35:37.365543454,apparel,mobile_app,19.24,0
700,2026-06-11 19:45:16.593599040,apparel,mobile_app,69.55,0
700,2026-06-19 13:05:43.944245990,sports,store,89.34,0
700,2026-07-01 14:21:28.472089139,apparel,mobile_app,17.46,0
700,2026-07-05 05:02:36.398749272,electronics,web,21.34,0
700,2026-07-08 03:20:10.827558621,sports,store,17.83,0
700,2026-07-13 08:52:14.381024961,electronics,mobile_app,26.81,0
701,2025-05-14 13:43:10.656383477,electronics,mobile_app,55.41,0
701,2025-06-30 23:01:28.510033953,grocery,web,10.75,0
701,2025-09-09 11:43:25.079843718,grocery,store,23.39,0
701,2025-11-23 02:57:31.294309110,sports,mobile_app,40.01,0
701,2025-11-26 15:33:53.157507244,sports,store,7.46,0
701,2025-12-24 12:34:59.253838329,grocery,store,18.9,0
701,2026-01-04 01:00:06.273348155,beauty,mobile_app,54.17,0
701,2026-07-15 20:30:52.089556329,electronics,store,25.64,0
702,2026-01-10 22:24:51.625517061,apparel,mobile_app,48.25,1
702,2026-03-06 00:24:10.545204278,grocery,web,31.96,0
702,2026-05-06 22:47:19.387917955,apparel,web,83.5,0
702,2026-05-10 12:37:49.876415605,home,web,161.89,0
702,2026-06-08 16:23:23.444247478,grocery,store,12.93,0
702,2026-07-04 15:29:52.814796242,home,web,18.9,0
702,2026-07-22 10:11:11.120318932,apparel,mobile_app,29.98,0
702,2026-07-23 02:14:46.430370871,beauty,web,26.89,0
702,2026-07-23 12:10:20.509045254,apparel,web,19.52,0
703,2026-06-03 10:35:42.636730535,electronics,web,16.6,0
703,2026-07-16 15:54:08.240784792,sports,store,40.73,0
703,2026-07-30 05:07:06.634264890,electronics,store,126.2,0
704,2026-04-11 20:54:16.316418528,electronics,mobile_app,18.65,0
704,2026-04-23 15:23:35.968149566,sports,web,23.52,0
704,2026-04-29 00:20:13.573658438,beauty,mobile_app,27.63,0
704,2026-05-03 11:19:06.860249746,electronics,web,27.03,0
704,2026-07-14 13:37:57.402630175,home,store,46.37,0
706,2025-08-19 00:13:16.396419257,home,store,103.9,0
706,2025-09-06 14:02:05.739232275,electronics,mobile_app,84.54,0
706,2025-11-07 21:13:44.084120506,apparel,store,22.7,0
706,2025-11-14 07:29:08.549939625,apparel,mobile_app,178.44,0
706,2026-01-18 17:06:56.307101228,beauty,web,36.53,0
706,2026-01-25 12:16:50.117236021,apparel,web,11.69,0
706,2026-03-07 16:12:20.163276709,grocery,web,36.15,0
706,2026-04-01 21:31:44.236811960,sports,web,119.97,0
706,2026-04-20 22:16:18.750261657,electronics,store,13.55,0
706,2026-05-25 06:12:28.571357990,grocery,web,5.54,0
706,2026-05-28 00:22:29.652816781,home,mobile_app,65.4,0
708,2025-12-10 01:55:01.847046663,apparel,mobile_app,17.99,1
708,2026-01-27 20:10:27.541955520,electronics,store,56.33,0
708,2026-07-01 16:49:05.155476376,sports,web,52.62,0
708,2026-07-28 14:28:57.132776090,sports,mobile_app,23.47,0
709,2026-03-02 02:41:13.214710669,apparel,web,4.29,0
710,2025-07-10 22:48:38.425262665,electronics,mobile_app,31.56,0
710,2025-07-23 18:02:54.338295486,electronics,mobile_app,86.72,0
710,2025-08-17 12:17:17.619426310,beauty,mobile_app,31.07,0
710,2025-08-19 12:11:57.632748585,apparel,web,68.83,0
710,2025-08-22 02:44:05.076303836,apparel,mobile_app,9.05,0
710,2025-12-08 18:17:12.279077613,grocery,mobile_app,22.02,0
710,2026-02-18 06:55:44.859797832,sports,web,57.43,0
710,2026-02-26 09:28:39.410575735,grocery,mobile_app,51.8,0
710,2026-04-13 05:42:52.894284933,grocery,mobile_app,27.85,0
710,2026-04-19 19:54:56.331536965,electronics,mobile_app,17.79,0
710,2026-05-04 19:35:10.757964092,sports,mobile_app,68.61,0
710,2026-05-25 16:12:39.502420486,grocery,web,22.2,0
711,2026-01-10 10:36:35.486145018,sports,web,28.06,0
711,2026-01-26 04:13:10.459707255,electronics,web,8.39,0
711,2026-05-11 09:50:03.753907466,beauty,web,19.0,0
711,2026-06-17 06:13:41.885432547,sports,web,229.9,0
711,2026-07-07 15:11:45.240595953,sports,mobile_app,20.88,0
711,2026-07-20 05:11:07.548894946,apparel,mobile_app,51.86,0
711,2026-07-24 13:03:21.479233511,home,store,38.15,0
712,2025-10-15 07:28:46.785831042,apparel,web,108.54,0
712,2026-01-24 14:38:56.540795911,electronics,web,29.55,0
712,2026-03-05 11:07:12.728034633,home,mobile_app,7.14,0
712,2026-06-28 05:58:20.317689345,beauty,store,37.36,0
713,2026-03-11 16:18:07.329206388,beauty,mobile_app,49.88,0
713,2026-04-15 02:07:16.554452722,grocery,mobile_app,7.84,0
713,2026-05-27 16:05:13.225472892,grocery,mobile_app,22.16,1
713,2026-06-08 17:12:34.370461973,apparel,mobile_app,110.5,0
713,2026-06-12 15:41:55.516803216,sports,web,40.79,0
713,2026-06-15 15:08:00.462113549,home,web,42.5,0
713,2026-06-23 15:51:02.653695565,electronics,web,33.27,0
713,2026-06-25 13:41:54.630345207,grocery,web,42.77,0
713,2026-06-29 13:01:19.578341105,apparel,mobile_app,48.95,0
713,2026-07-28 00:05:32.077205322,beauty,store,100.41,0
714,2025-05-21 01:34:01.041334801,beauty,web,17.04,0
714,2025-06-07 05:15:57.792559528,electronics,web,97.93,0
714,2025-07-28 10:38:35.346024670,apparel,mobile_app,13.47,0
714,2025-08-14 14:14:51.947454224,grocery,store,51.51,0
714,2025-08-15 14:51:54.777799982,home,web,35.18,0
714,2025-08-26 10:26:36.566650168,home,mobile_app,12.97,0
714,2025-10-06 14:36:46.635631414,grocery,web,231.81,0
714,2025-11-23 15:20:37.411694676,apparel,mobile_app,46.27,0
714,2025-12-31 14:57:15.085437204,grocery,mobile_app,56.84,0
714,2026-02-11 22:36:19.407244727,apparel,mobile_app,65.16,0
714,2026-02-16 07:12:56.422821439,sports,web,18.1,0
714,2026-03-03 23:03:14.162355735,electronics,store,7.52,0
714,2026-04-20 10:31:28.034730432,beauty,store,17.67,0
714,2026-07-05 09:09:08.205334690,home,mobile_app,87.11,0
715,2024-12-10 05:06:07.389689072,grocery,mobile_app,115.94,0
715,2025-02-11 12:25:30.165714999,beauty,web,89.86,0
715,2025-03-12 07:43:53.920172347,home,web,34.58,0
715,2025-07-18 11:09:06.034755405,grocery,mobile_app,27.04,0
715,2025-09-14 05:52:33.361265090,sports,web,93.84,0
715,2025-10-10 03:09:44.355941851,grocery,mobile_app,17.59,0
715,2025-11-12 11:11:45.611972880,sports,web,50.7,0
715,2025-12-12 11:25:38.132962225,apparel,web,58.09,0
715,2025-12-13 01:32:32.668516513,sports,web,85.79,0
715,2026-02-14 19:08:13.112013316,grocery,store,42.59,0
715,2026-02-15 11:45:40.236085832,grocery,store,96.33,0
715,2026-02-28 01:10:42.746712422,beauty,mobile_app,16.75,0
715,2026-03-22 22:49:12.119901338,home,store,13.64,0
715,2026-05-16 10:22:20.386958002,apparel,web,48.03,0
716,2025-02-14 03:21:21.035313288,home,store,28.05,0
716,2025-02-28 09:28:31.882603023,beauty,mobile_app,173.33,0
716,2025-03-03 03:01:43.130600061,electronics,mobile_app,42.67,0
716,2025-03-15 21:57:32.273148503,beauty,web,48.15,0
716,2025-03-18 12:13:52.802456137,grocery,store,10.77,0
716,2025-05-22 03:43:58.237133725,beauty,mobile_app,193.72,0
716,2025-07-16 00:01:58.094193985,sports,web,158.64,0
716,2025-12-12 02:43:19.845906082,sports,mobile_app,19.82,0
716,2026-01-16 01:03:17.223108313,sports,store,42.06,0
716,2026-02-20 10:58:50.553977071,beauty,mobile_app,21.7,0
716,2026-03-29 16:20:53.247809147,grocery,web,76.3,0
716,2026-05-08 12:51:21.730569455,grocery,web,14.71,0
716,2026-06-11 19:57:45.396160725,apparel,web,153.16,0
716,2026-06-26 20:03:36.573825580,grocery,mobile_app,44.28,0
716,2026-07-26 08:19:36.811813420,electronics,mobile_app,107.07,0
717,2026-03-21 20:16:48.925550833,beauty,mobile_app,19.42,0
717,2026-03-22 09:27:56.616262632,apparel,web,79.08,0
717,2026-04-25 08:11:52.296074417,electronics,web,60.01,0
717,2026-05-22 09:36:04.778103298,home,web,40.76,0
717,2026-07-11 09:01:05.270778048,beauty,store,62.23,0
717,2026-07-12 11:20:30.426821129,grocery,web,6.56,0
718,2026-01-27 12:59:20.261962597,beauty,mobile_app,53.72,0
718,2026-03-21 16:09:02.162727980,beauty,store,62.16,0
718,2026-06-20 06:05:23.007702403,apparel,web,123.6,0
719,2026-04-11 07:31:26.360487345,grocery,mobile_app,5.06,0
719,2026-05-14 20:50:23.782409702,electronics,mobile_app,52.21,0
719,2026-06-30 22:23:12.490911419,sports,web,16.32,0
720,2025-12-17 03:20:26.464822616,electronics,web,49.14,0
720,2026-01-03 05:55:11.591664670,electronics,store,9.74,0
720,2026-01-14 22:47:19.661052910,home,web,6.54,0
720,2026-02-07 14:39:39.436806886,beauty,store,33.29,0
720,2026-03-21 18:47:35.919475896,apparel,web,52.43,0
720,2026-04-03 22:56:49.208444175,electronics,web,115.27,0
720,2026-04-13 13:01:25.703623062,home,web,120.66,0
720,2026-07-01 04:21:30.485193256,apparel,web,40.99,0
720,2026-07-02 19:59:07.264422940,beauty,store,45.06,0
720,2026-07-25 07:21:48.361891260,home,web,30.51,0
721,2026-04-05 17:33:41.603948318,apparel,mobile_app,15.54,0
721,2026-04-25 07:51:23.242922928,electronics,web,10.85,0
721,2026-06-23 16:08:39.263020443,electronics,web,38.28,0
721,2026-06-24 11:34:00.700571338,electronics,mobile_app,19.8,0
721,2026-07-29 00:07:53.899474861,electronics,mobile_app,91.71,0
722,2024-12-30 22:50:03.792608604,beauty,web,28.78,0
722,2025-03-01 07:01:38.491162891,sports,mobile_app,29.36,0
722,2025-03-21 00:00:33.487505767,electronics,mobile_app,21.04,0
722,2025-04-20 14:41:09.548582888,electronics,mobile_app,19.41,0
722,2025-07-29 08:51:40.818245881,apparel,store,32.96,0
722,2025-08-10 04:41:28.099647992,electronics,web,24.5,0
722,2025-09-21 13:06:11.893487202,sports,mobile_app,69.31,0
722,2025-10-13 01:11:10.851760646,beauty,mobile_app,60.32,0
722,2026-01-10 16:21:54.734726947,electronics,mobile_app,18.17,0
722,2026-02-02 23:21:59.015792613,electronics,mobile_app,16.11,0
722,2026-06-05 06:42:53.542051794,electronics,web,16.81,0
723,2025-01-18 11:08:35.740308699,electronics,mobile_app,29.71,0
723,2025-02-26 23:01:49.628479441,sports,store,31.16,0
723,2025-05-03 23:48:05.618769970,electronics,web,13.98,0
723,2025-09-01 18:21:00.584705414,sports,web,7.64,0
723,2025-09-18 21:11:33.798940590,grocery,mobile_app,12.39,0
723,2025-10-02 08:08:49.234778978,home,store,303.97,0
723,2025-11-23 04:09:30.077350232,grocery,mobile_app,27.22,1
723,2025-12-29 11:15:59.574947161,apparel,web,17.86,0
723,2026-02-20 05:31:49.052469352,grocery,store,128.59,0
723,2026-03-25 16:59:35.586509200,apparel,web,12.07,0
723,2026-06-15 19:14:13.871372223,electronics,store,9.49,0
723,2026-06-20 13:32:02.045362926,grocery,web,54.89,0
724,2026-06-10 11:04:01.033351862,beauty,mobile_app,5.87,0
724,2026-06-12 01:52:43.937124497,grocery,mobile_app,64.3,0
725,2025-03-03 17:42:38.720679835,grocery,mobile_app,16.25,0
725,2025-03-06 06:44:11.136870477,grocery,store,93.95,0
725,2025-04-07 20:32:47.268716689,beauty,store,13.14,0
725,2025-10-11 02:32:29.210364906,home,web,46.74,0
725,2025-10-18 23:48:36.488694338,beauty,store,46.53,0
725,2025-10-29 06:22:32.314835211,sports,web,67.74,0
725,2025-12-25 02:25:26.402647348,grocery,mobile_app,188.0,0
725,2026-01-30 22:57:54.228619593,sports,web,29.46,0
725,2026-03-21 03:56:57.862412218,apparel,store,29.71,0
725,2026-03-21 12:42:12.685869496,apparel,store,63.6,0
725,2026-04-24 19:23:01.158495309,home,mobile_app,39.17,0
725,2026-06-07 21:23:46.193290536,apparel,web,30.37,0
726,2026-05-23 15:32:56.016383784,home,store,40.88,0
726,2026-05-28 13:38:26.288856724,beauty,mobile_app,13.91,0
727,2025-03-24 01:36:52.469519259,apparel,mobile_app,30.75,0
727,2025-05-06 11:51:33.839159297,grocery,web,49.67,0
727,2025-05-13 22:38:30.883360402,electronics,mobile_app,19.94,0
727,2025-05-16 22:06:50.341283877,electronics,mobile_app,4.31,0
727,2025-12-28 07:39:50.620860905,electronics,mobile_app,24.94,0
727,2026-02-08 04:03:05.471153597,home,web,39.99,0
727,2026-02-10 06:25:23.941908711,home,store,50.14,0
727,2026-04-02 04:40:53.002304991,grocery,web,11.72,0
727,2026-04-03 23:12:56.333716319,beauty,web,16.56,0
727,2026-07-12 14:46:31.012859649,sports,store,14.07,0
727,2026-07-21 23:07:37.635568502,electronics,mobile_app,111.56,0
728,2026-04-29 21:28:16.986320124,home,mobile_app,33.4,0
728,2026-06-09 12:40:33.586688217,sports,web,80.59,0
728,2026-06-19 09:23:45.109544931,electronics,mobile_app,59.96,0
728,2026-07-02 19:14:30.062752613,sports,store,74.25,0
729,2025-12-02 22:07:14.788252877,electronics,web,8.79,0
729,2025-12-13 01:21:47.115849641,sports,store,66.36,0
729,2026-01-23 08:26:31.224750680,electronics,mobile_app,35.21,0
729,2026-04-01 06:46:58.292131582,beauty,mobile_app,18.4,0
729,2026-04-12 19:09:42.710486202,beauty,web,17.94,0
729,2026-07-05 06:49:32.202256936,grocery,web,20.1,0
729,2026-07-24 21:02:00.010271467,grocery,web,127.75,0
730,2025-02-08 12:34:43.794146102,beauty,web,37.59,0
730,2025-07-15 21:32:22.512710824,grocery,mobile_app,90.54,0
730,2025-08-05 10:26:08.119483656,beauty,store,19.23,0
730,2025-08-11 22:07:28.514812029,sports,web,30.92,0
730,2025-08-28 11:12:26.639296990,grocery,mobile_app,17.56,0
730,2025-09-03 23:46:31.673366550,beauty,mobile_app,22.19,0
730,2025-10-12 09:49:27.428287196,grocery,web,39.85,0
730,2025-11-18 08:11:30.868643530,apparel,web,76.29,0
730,2025-11-30 23:03:12.822629835,home,mobile_app,8.01,0
730,2026-02-28 05:41:33.400801315,grocery,mobile_app,18.86,1
730,2026-05-21 15:28:47.013819333,sports,store,39.35,0
730,2026-06-04 07:09:30.303612712,sports,web,134.01,0
730,2026-07-30 15:41:37.691284797,sports,store,98.74,0
731,2025-06-24 09:13:32.262645810,electronics,mobile_app,23.43,0
731,2025-08-13 11:51:08.070662811,home,mobile_app,32.38,0
731,2025-10-10 16:00:45.841705846,home,store,35.85,0
731,2025-10-16 07:14:25.638820351,apparel,web,43.35,0
731,2025-11-15 10:00:20.681826581,grocery,mobile_app,21.64,0
731,2025-12-26 19:13:19.968781553,beauty,mobile_app,36.21,0
731,2026-01-09 23:16:48.618984746,sports,web,41.08,0
731,2026-04-16 05:31:04.264310880,beauty,web,32.53,0
731,2026-05-09 07:16:53.291123781,apparel,store,82.57,0
732,2026-03-20 21:00:42.765119183,sports,mobile_app,33.8,0
732,2026-04-06 02:02:37.609130864,grocery,mobile_app,82.46,1
732,2026-04-11 18:27:30.594196014,sports,store,12.29,1
732,2026-05-03 09:03:05.666535504,apparel,web,84.01,0
732,2026-06-20 03:34:11.455924521,home,web,26.03,1
733,2024-12-04 22:44:20.847439496,home,web,41.27,0
733,2025-03-15 22:03:15.784306065,electronics,mobile_app,31.97,0
733,2025-03-21 12:13:26.415292322,sports,store,22.28,0
733,2025-04-06 18:35:30.767647759,electronics,store,22.54,0
733,2025-04-22 20:36:44.363250579,apparel,mobile_app,92.99,0
733,2025-05-03 22:29:36.951306093,sports,web,31.29,1
733,2025-11-27 05:10:30.639912701,grocery,mobile_app,42.93,0
733,2025-12-19 05:30:03.316120961,apparel,store,5.46,0
733,2026-01-11 12:49:24.155745137,home,web,47.16,0
733,2026-02-22 15:58:00.415045800,electronics,web,56.74,0
733,2026-03-08 19:05:18.858120651,home,web,13.18,0
733,2026-04-02 07:35:32.177813473,apparel,mobile_app,44.61,0
733,2026-04-05 05:32:10.623921660,sports,web,33.47,0
733,2026-04-23 06:58:43.220754267,home,web,32.85,0
733,2026-07-02 16:15:20.697822127,grocery,store,70.98,0
734,2025-05-11 13:23:33.600486607,beauty,store,47.94,0
734,2025-05-24 21:33:30.026152642,apparel,web,27.79,0
734,2025-07-11 18:46:45.718039618,beauty,web,20.74,0
734,2025-08-07 05:00:13.604060892,sports,web,13.53,0
734,2025-09-08 09:04:11.338851124,home,store,12.06,0
734,2025-09-16 23:53:20.378220859,sports,web,58.76,0
734,2025-12-06 02:11:35.750292804,beauty,store,75.97,0
734,2026-02-10 09:48:51.058651197,home,web,27.94,0
734,2026-04-15 20:53:56.735551502,beauty,store,169.45,0
734,2026-06-06 18:19:24.212337753,grocery,mobile_app,47.15,0
734,2026-07-02 18:14:58.267694000,beauty,web,21.2,0
735,2026-03-21 11:18:02.764233162,sports,web,113.49,0
735,2026-04-21 02:58:33.763506186,home,store,37.84,0
735,2026-06-08 15:54:09.153436018,beauty,mobile_app,31.19,0
735,2026-07-12 08:29:26.131173513,beauty,mobile_app,54.76,0
735,2026-07-31 21:30:51.136328166,home,mobile_app,35.59,0
736,2025-04-23 07:04:21.322532229,beauty,store,40.13,0
736,2025-04-24 19:20:32.373201800,sports,web,37.39,0
736,2025-05-01 10:56:26.186621410,beauty,web,58.23,0
736,2025-06-14 22:44:31.413955843,home,web,48.35,0
736,2025-07-20 11:37:23.912657121,sports,web,50.91,0
736,2025-08-31 11:10:02.132891354,home,store,47.28,0
736,2025-11-27 21:47:29.056612586,apparel,store,42.51,0
736,2025-11-29 07:33:49.564484312,apparel,mobile_app,36.66,0
736,2026-05-16 06:27:41.113028503,beauty,store,237.22,0
736,2026-05-24 13:09:38.214604193,electronics,web,42.93,0
736,2026-06-07 18:06:28.016159735,beauty,store,63.05,0
736,2026-07-04 19:20:58.990588230,electronics,store,110.53,0
736,2026-07-20 09:49:56.016507738,grocery,web,17.42,0
736,2026-07-28 03:58:40.480030249,grocery,mobile_app,23.26,0
737,2025-01-22 09:00:52.416026597,grocery,mobile_app,12.92,0
737,2025-04-30 22:47:42.154336462,electronics,web,12.76,1
737,2025-07-13 16:52:59.969691889,electronics,store,275.07,0
737,2025-09-21 20:49:28.512806293,home,store,11.79,0
737,2025-09-26 17:53:28.473775112,sports,store,11.76,0
737,2025-10-30 09:09:50.387220211,beauty,web,28.82,0
737,2025-11-16 15:32:18.859765134,sports,web,459.56,0
737,2025-12-11 05:08:12.824530633,sports,web,32.68,0
737,2026-01-18 19:23:40.243842569,beauty,mobile_app,19.33,0
737,2026-02-04 22:16:51.950342851,home,web,15.73,0
737,2026-02-05 20:51:53.271927962,electronics,web,17.64,0
737,2026-06-15 20:54:50.948761119,electronics,web,168.52,0
738,2026-05-21 08:13:39.213099190,sports,web,15.25,0
738,2026-05-26 16:46:51.090332031,grocery,store,64.61,0
738,2026-06-01 00:14:53.872075934,home,web,28.87,0
739,2025-02-01 08:48:14.096549166,beauty,web,305.93,0
739,2025-03-09 23:29:00.082531542,sports,web,14.13,1
739,2025-04-18 00:05:21.837373570,apparel,web,21.05,0
739,2025-06-15 14:39:52.035136460,sports,mobile_app,27.96,0
739,2025-07-16 19:45:48.820148776,beauty,store,32.06,0
739,2025-09-15 10:40:45.038261750,grocery,mobile_app,269.3,0
739,2025-09-27 16:14:42.197237947,home,web,30.71,0
739,2025-10-03 18:29:55.596320639,home,web,97.01,0
739,2025-10-04 11:36:17.304384436,grocery,web,37.19,0
739,2025-10-12 07:01:29.807058352,sports,web,13.68,0
739,2025-10-24 02:48:42.985899697,apparel,mobile_app,60.44,0
739,2025-12-11 03:41:12.368963242,apparel,mobile_app,17.56,0
739,2026-01-26 12:38:06.123318744,apparel,mobile_app,20.03,0
739,2026-04-13 20:13:36.884373554,home,web,34.46,0
739,2026-04-26 20:00:32.182714443,grocery,web,6.21,0
739,2026-07-09 14:56:53.785524440,electronics,mobile_app,77.08,0
740,2025-12-26 20:27:16.972288022,grocery,mobile_app,23.59,0
740,2026-01-12 08:59:03.346928420,electronics,mobile_app,8.98,0
740,2026-01-16 06:19:45.179390992,home,mobile_app,29.3,0
740,2026-01-23 18:23:36.668318949,sports,web,41.04,0
740,2026-02-10 16:43:14.029028809,apparel,store,28.59,0
740,2026-03-19 05:11:04.563272755,electronics,web,22.5,0
740,2026-05-17 19:42:15.977286234,home,web,25.15,0
740,2026-05-26 15:24:31.444790150,beauty,web,36.54,0
740,2026-06-02 21:13:33.559379449,electronics,web,31.34,0
740,2026-06-04 22:00:19.122871162,sports,web,38.18,0
740,2026-06-06 18:44:48.071859631,apparel,store,86.37,0
740,2026-06-23 09:53:00.896188281,apparel,web,133.45,0
740,2026-07-05 11:04:13.011149819,home,web,50.06,0
740,2026-07-07 09:04:04.384086632,apparel,store,20.28,0
740,2026-07-11 09:35:20.267675345,apparel,mobile_app,36.42,0
740,2026-07-13 13:31:21.725717811,electronics,web,54.81,0
740,2026-07-13 20:54:54.533327688,home,store,20.1,0
741,2025-03-21 06:27:27.748256634,home,store,40.51,0
741,2025-09-25 10:14:32.258032705,beauty,store,156.73,0
741,2025-10-29 08:16:26.647031468,beauty,mobile_app,38.51,0
741,2025-11-14 21:13:21.867351894,sports,web,43.62,0
741,2025-11-20 23:54:03.753649017,grocery,mobile_app,10.17,0
741,2025-12-17 12:44:12.101971419,beauty,web,9.34,0
741,2026-04-01 01:04:12.027164564,apparel,mobile_app,139.19,0
741,2026-04-21 03:50:05.701299660,grocery,store,43.6,0
741,2026-04-24 22:28:28.400847428,apparel,store,35.66,0
741,2026-05-26 19:10:51.338191901,beauty,web,76.99,0
742,2025-08-22 11:50:12.792468624,beauty,web,13.2,0
742,2025-09-06 04:08:32.075507968,apparel,mobile_app,29.13,0
742,2025-09-09 07:40:02.272625239,beauty,web,18.63,0
742,2025-09-25 23:38:10.818329586,grocery,mobile_app,66.79,0
742,2025-10-27 20:32:53.699586090,beauty,mobile_app,30.58,0
742,2025-12-31 17:58:46.758787591,home,web,153.92,1
742,2026-01-31 20:10:50.869983565,electronics,mobile_app,48.38,0
742,2026-03-01 10:19:33.481328780,grocery,web,21.65,1
742,2026-03-06 13:08:08.402136211,electronics,web,88.65,0
742,2026-03-19 07:25:54.756464186,home,web,25.25,0
742,2026-04-03 08:09:19.349341022,sports,store,34.32,0
742,2026-04-04 06:21:11.091602590,beauty,web,95.87,0
742,2026-04-20 06:59:56.758076575,beauty,web,22.87,0
742,2026-05-21 08:57:38.021420454,home,web,26.67,0
742,2026-06-02 10:39:24.713060516,electronics,web,7.26,0
742,2026-06-06 10:44:53.373277286,electronics,mobile_app,14.65,0
742,2026-06-07 20:40:32.313158867,electronics,mobile_app,160.45,0
742,2026-06-30 12:39:39.822576063,sports,mobile_app,33.05,0
742,2026-07-23 02:09:20.546342977,apparel,web,45.57,0
743,2025-10-05 18:17:39.350110180,sports,web,46.25,0
743,2025-10-06 01:40:29.420203109,home,web,88.81,0
743,2025-10-24 04:08:12.299307692,apparel,mobile_app,73.02,0
743,2025-11-20 05:55:15.112887969,electronics,web,25.99,0
743,2025-11-24 05:21:48.751974000,electronics,store,183.28,0
743,2025-11-26 05:47:19.505057401,electronics,web,35.11,0
743,2025-12-22 21:05:04.081231421,beauty,mobile_app,67.47,0
743,2026-01-04 22:10:05.783329031,beauty,store,38.29,0
743,2026-02-11 15:38:57.336826563,sports,web,21.69,0
743,2026-03-22 05:13:46.326488042,grocery,mobile_app,31.08,0
743,2026-06-22 19:13:54.402900235,apparel,web,9.69,0
743,2026-06-25 06:42:09.037092986,grocery,store,18.74,0
744,2026-04-30 15:01:32.407391465,apparel,web,52.15,0
744,2026-05-16 10:59:08.366698148,apparel,mobile_app,74.24,0
744,2026-05-19 06:11:33.767771272,grocery,web,19.33,0
744,2026-07-02 00:25:37.813174902,sports,store,5.14,0
744,2026-07-08 06:54:04.264409731,grocery,mobile_app,127.0,0
745,2025-03-05 07:13:21.729591123,apparel,store,12.57,0
745,2025-04-13 03:36:50.962348222,beauty,mobile_app,4.81,0
745,2025-05-17 05:02:47.148710445,apparel,web,23.5,0
745,2025-06-28 21:23:59.275457189,beauty,web,10.37,0
745,2025-07-14 01:46:24.511716305,sports,mobile_app,119.72,0
745,2025-07-19 03:57:08.617065239,grocery,mobile_app,15.87,0
745,2025-07-23 20:45:05.834740882,apparel,mobile_app,17.83,0
745,2025-09-20 12:18:05.225274386,beauty,web,19.3,0
745,2025-10-03 13:04:42.898752581,electronics,mobile_app,114.19,0
745,2025-10-25 15:59:27.300255058,apparel,store,44.56,0
745,2025-11-01 15:54:32.445475163,beauty,mobile_app,110.09,0
745,2025-11-05 21:14:39.082489700,grocery,mobile_app,63.89,0
745,2025-11-10 13:23:18.345575383,beauty,store,24.53,0
745,2026-01-13 06:04:12.094500081,home,web,52.63,0
745,2026-04-03 05:07:55.353305030,apparel,web,169.78,0
745,2026-06-01 13:58:42.124802480,electronics,web,13.64,0
746,2026-03-15 09:59:24.394878698,electronics,web,39.51,0
746,2026-03-24 12:26:56.501678231,electronics,mobile_app,152.36,0
746,2026-05-07 05:39:48.021345792,sports,web,9.31,0
746,2026-05-18 02:27:03.336724495,apparel,store,98.53,0
746,2026-05-25 03:18:53.364479444,grocery,web,63.39,0
746,2026-06-22 05:01:47.105748688,home,store,12.28,0
746,2026-06-27 01:04:46.305179095,beauty,web,28.12,0
747,2025-06-16 16:31:30.982797524,sports,web,29.39,0
747,2025-07-17 22:44:59.779231622,beauty,store,1126.46,0
747,2025-08-22 07:19:56.757910308,sports,store,18.43,0
747,2025-11-30 18:22:50.884407544,sports,mobile_app,115.34,0
747,2025-12-23 21:00:37.915680693,electronics,store,28.25,0
747,2026-01-25 16:33:18.622548378,apparel,web,20.09,0
747,2026-04-07 10:01:07.716251592,home,mobile_app,57.01,0
747,2026-04-24 18:48:57.657611011,home,web,42.27,0
747,2026-04-25 16:42:44.462901549,beauty,store,73.84,0
747,2026-07-24 20:40:51.120306480,grocery,mobile_app,34.82,0
748,2026-05-28 01:47:32.241095258,electronics,web,51.08,0
748,2026-07-13 17:33:51.442874255,apparel,web,17.05,1
748,2026-07-26 19:36:14.095779273,home,mobile_app,7.95,0
749,2026-07-12 18:55:13.191188114,sports,web,14.19,0
749,2026-07-25 11:17:04.755105935,grocery,web,158.93,0
750,2026-06-10 16:47:14.205188328,beauty,mobile_app,127.11,0
750,2026-07-10 13:29:35.163117019,electronics,web,10.88,0
750,2026-07-24 04:55:26.466917304,apparel,mobile_app,26.32,0
751,2025-08-28 10:37:48.021401396,sports,mobile_app,39.76,0
751,2025-10-04 08:15:34.113688463,beauty,store,7.01,0
751,2025-10-18 14:35:34.268338364,grocery,mobile_app,25.48,0
751,2025-10-21 00:13:05.978248211,grocery,store,68.1,0
751,2025-11-09 05:16:57.106585592,home,mobile_app,3.0,0
751,2025-12-04 04:23:41.586411210,home,web,20.19,0
751,2025-12-05 21:33:28.408578624,grocery,mobile_app,18.62,0
751,2026-01-06 17:41:16.659116031,beauty,mobile_app,20.22,0
751,2026-01-08 08:12:51.649205052,grocery,web,9.99,0
751,2026-01-10 23:52:18.144409662,grocery,web,17.13,0
751,2026-01-12 19:31:12.254088340,grocery,store,46.76,0
751,2026-03-28 16:49:31.520295881,apparel,web,5.22,0
751,2026-04-15 02:14:23.458327942,beauty,web,23.05,0
751,2026-06-13 11:36:17.763583813,apparel,web,35.66,0
751,2026-06-16 22:51:49.996428515,electronics,mobile_app,23.45,0
751,2026-06-28 13:22:52.752916428,beauty,web,16.88,0
752,2026-04-14 18:51:43.987398852,beauty,web,12.63,0
752,2026-04-28 05:37:31.887046805,grocery,store,28.26,0
752,2026-05-05 08:35:57.469786988,apparel,web,106.66,0
752,2026-05-11 11:01:41.104505041,apparel,mobile_app,18.87,0
752,2026-05-17 20:03:18.211180833,home,mobile_app,41.33,0
752,2026-05-23 05:30:22.710811168,apparel,web,17.03,0
752,2026-05-26 05:48:06.259570802,sports,web,55.34,0
752,2026-06-25 06:55:53.724631386,beauty,web,19.24,0
752,2026-07-04 19:24:58.233016392,electronics,store,40.83,0
753,2026-07-01 05:05:06.441464084,beauty,web,39.4,0
754,2024-08-28 20:16:03.738829731,apparel,web,39.1,0
754,2024-09-09 09:26:00.825828769,apparel,store,49.05,0
754,2024-09-09 17:09:46.867647390,home,store,96.76,0
754,2024-12-30 03:38:28.719703200,home,store,19.32,0
754,2025-01-04 10:52:20.617020930,beauty,mobile_app,36.12,0
754,2025-02-15 09:15:14.247217970,beauty,web,305.86,0
754,2025-03-13 02:42:05.383707380,grocery,web,15.12,0
754,2025-03-14 13:13:06.621689249,grocery,web,51.75,0
754,2025-04-05 23:15:39.866480960,grocery,mobile_app,18.99,0
754,2025-05-18 08:02:12.161463386,grocery,mobile_app,41.6,0
754,2025-08-31 17:00:59.503057745,apparel,web,25.66,0
754,2025-11-13 22:33:54.506292480,apparel,store,44.49,0
754,2025-11-27 08:06:29.158667099,electronics,mobile_app,44.45,0
754,2026-03-05 07:24:35.409704461,sports,web,41.06,0
754,2026-03-17 22:34:09.624076113,apparel,mobile_app,65.37,0
754,2026-06-20 05:11:17.619684242,electronics,mobile_app,105.71,0
754,2026-07-04 05:37:50.773998764,apparel,web,26.85,0
754,2026-07-17 01:17:00.757131528,beauty,store,16.28,0
755,2026-04-05 11:40:29.492975318,home,web,6.58,0
755,2026-04-14 11:51:32.244398413,sports,web,22.78,0
755,2026-05-17 22:01:33.419688765,apparel,web,66.56,0
755,2026-05-21 02:19:24.644646146,beauty,mobile_app,25.22,0
755,2026-05-31 03:57:47.531123972,grocery,store,19.9,0
755,2026-06-13 17:09:19.239618785,grocery,web,40.4,0
755,2026-07-01 13:13:11.784526364,electronics,web,37.68,0
756,2026-01-06 05:47:59.363571469,sports,mobile_app,12.1,0
756,2026-01-11 02:23:42.657752136,grocery,web,78.89,0
756,2026-02-14 14:39:19.843138049,grocery,web,12.47,0
756,2026-02-16 08:56:22.170797080,home,mobile_app,45.55,0
756,2026-03-10 20:05:50.803631935,apparel,web,50.18,0
756,2026-04-06 03:05:07.942156996,sports,store,14.93,0
756,2026-04-16 19:50:28.958011118,apparel,web,62.25,0
756,2026-04-19 04:33:02.486958947,sports,web,23.12,0
756,2026-06-17 21:16:48.845129276,grocery,web,24.84,0
756,2026-07-26 05:16:33.376622941,electronics,web,82.89,0
756,2026-07-31 03:21:06.490846852,electronics,web,40.28,0
757,2025-06-16 15:07:46.745792210,beauty,mobile_app,11.4,0
757,2025-09-27 06:53:46.499486499,sports,mobile_app,32.38,0
757,2025-10-22 06:57:02.152039153,sports,mobile_app,67.0,0
757,2025-11-04 07:15:14.082642087,electronics,web,217.68,0
757,2025-12-24 12:29:29.328128457,beauty,web,14.36,0
757,2026-03-07 03:11:10.984123758,apparel,web,10.4,0
757,2026-03-21 20:38:38.786061210,home,mobile_app,21.02,0
757,2026-04-25 20:33:57.658617850,sports,web,101.27,0
757,2026-05-12 03:50:06.683843544,grocery,web,36.01,0
757,2026-07-08 15:42:34.171837670,grocery,web,46.58,0
758,2025-08-30 18:32:00.741906595,grocery,mobile_app,117.33,0
758,2025-09-12 07:30:31.242200680,sports,mobile_app,16.43,0
758,2025-10-23 03:25:02.983734956,sports,store,56.47,0
758,2025-11-29 16:21:22.718946425,grocery,store,33.48,0
758,2026-01-05 15:59:13.743966642,grocery,mobile_app,48.23,0
758,2026-02-28 05:33:00.818207128,home,mobile_app,68.56,0
758,2026-03-28 13:28:17.088958152,grocery,web,36.96,0
758,2026-04-21 23:21:47.327596880,sports,mobile_app,106.64,0
758,2026-07-19 02:37:43.176654394,home,web,25.84,0
760,2025-05-12 21:39:06.363044845,electronics,web,40.74,1
760,2025-06-24 16:14:37.724828822,sports,web,33.48,0
760,2025-06-30 02:39:51.245563182,apparel,web,38.28,0
760,2025-09-24 10:59:01.722950163,home,web,48.47,0
760,2026-03-02 17:00:13.428985392,sports,web,17.98,0
760,2026-04-14 08:45:32.760394200,apparel,store,40.24,0
760,2026-04-23 11:16:12.569813596,beauty,web,16.8,0
760,2026-04-25 10:14:30.712300020,apparel,web,14.61,0
760,2026-05-21 12:13:12.436785820,home,web,16.09,0
760,2026-05-25 11:13:57.887669640,home,store,91.34,0
760,2026-07-20 08:37:43.900983092,beauty,web,73.13,0
761,2026-02-23 01:23:35.954314795,grocery,store,26.9,0
761,2026-03-03 23:26:02.030661707,beauty,mobile_app,18.3,0
761,2026-03-12 03:04:11.569608486,sports,web,76.4,0
761,2026-04-02 19:51:33.416030302,home,web,49.23,0
761,2026-05-16 13:32:13.215517815,electronics,web,167.56,0
761,2026-07-13 00:20:21.324405342,grocery,web,55.11,0
762,2025-04-14 21:12:35.284732183,beauty,store,157.5,0
762,2025-04-18 16:37:54.039407065,sports,store,65.72,0
762,2025-04-27 16:45:38.366373482,home,store,22.28,0
762,2025-05-19 07:09:01.184934082,electronics,store,13.16,0
762,2025-07-12 15:57:00.615708170,sports,store,76.23,0
762,2025-08-02 18:35:40.392941868,apparel,mobile_app,77.0,0
762,2025-08-15 19:19:20.535806767,beauty,web,29.21,0
762,2025-08-16 01:13:30.739162406,sports,web,16.25,0
762,2025-12-14 12:31:45.092454341,sports,web,71.88,0
762,2026-01-12 16:01:36.553648749,apparel,web,35.89,1
762,2026-03-01 15:30:31.227896863,beauty,web,28.8,0
762,2026-03-24 09:17:42.264535713,electronics,mobile_app,19.11,0
762,2026-04-05 02:13:54.793998348,electronics,store,87.85,0
762,2026-05-08 22:17:34.988770937,electronics,web,4.14,0
762,2026-07-04 00:49:45.009917406,apparel,web,21.34,0
762,2026-07-15 15:04:24.853547937,apparel,mobile_app,17.32,1
763,2024-07-12 01:14:51.400735092,apparel,store,25.85,0
763,2024-07-27 04:05:12.646648689,electronics,web,82.41,0
763,2024-08-25 03:51:33.461601754,home,web,199.5,0
763,2024-09-25 09:28:31.118197348,grocery,store,13.8,0
763,2024-11-17 12:41:36.293834383,home,store,8.71,0
763,2025-01-17 14:35:20.867119864,electronics,mobile_app,215.05,0
763,2025-01-17 21:42:11.576631641,sports,mobile_app,36.82,0
763,2025-02-25 05:50:26.114355750,beauty,web,12.73,0
763,2025-05-04 10:54:36.269782987,home,web,30.21,0
763,2025-05-25 17:40:03.145799583,electronics,web,14.83,0
763,2025-06-21 19:54:38.264398189,home,store,32.09,0
763,2025-09-15 01:07:21.280912888,beauty,web,55.34,1
763,2025-10-16 18:31:57.420510615,beauty,mobile_app,67.04,0
763,2025-11-20 11:57:31.010888659,home,web,24.76,0
763,2026-02-06 19:40:03.928599357,grocery,store,42.9,0
763,2026-04-03 15:37:35.880772553,sports,web,115.51,0
763,2026-04-10 21:44:48.816530932,grocery,web,61.74,0
764,2026-01-11 13:45:19.243260827,home,web,25.06,0
764,2026-01-31 15:57:16.747734344,sports,mobile_app,26.35,0
764,2026-02-17 03:50:41.227219536,grocery,web,256.93,1
764,2026-03-07 23:47:30.991615777,beauty,web,77.99,0
764,2026-03-21 19:21:04.754485141,beauty,web,8.02,0
764,2026-04-13 07:54:42.700541380,apparel,web,48.96,0
764,2026-05-09 02:21:21.669004901,grocery,mobile_app,34.08,1
765,2026-02-02 16:35:13.195179200,home,mobile_app,171.28,0
765,2026-03-05 02:09:34.538468461,grocery,web,18.55,0
765,2026-03-23 21:41:37.688375449,electronics,mobile_app,44.4,0
765,2026-05-28 04:47:41.412997384,sports,web,10.41,0
765,2026-06-01 14:06:50.826404086,grocery,mobile_app,8.71,0
765,2026-07-22 03:52:59.677524394,sports,web,42.58,1
766,2024-10-06 22:37:57.803992122,electronics,mobile_app,45.03,0
766,2024-11-16 06:48:49.202674653,sports,web,45.49,0
766,2024-12-27 02:16:24.979052545,home,mobile_app,23.06,0
766,2024-12-30 03:06:46.668903930,beauty,mobile_app,22.07,0
766,2025-01-10 21:18:01.048332906,apparel,mobile_app,41.48,0
766,2025-03-01 00:19:24.605217155,home,store,16.88,0
766,2025-03-18 12:43:05.723883092,beauty,store,98.04,0
766,2025-04-07 23:44:57.069971126,grocery,web,38.11,0
766,2025-04-26 12:37:15.484758609,home,store,23.7,1
766,2025-05-27 01:20:04.370463756,sports,mobile_app,22.25,0
766,2025-09-08 13:03:39.590503203,beauty,store,19.63,0
766,2025-09-30 02:56:58.987789927,sports,web,28.22,1
766,2025-11-10 14:23:37.549460766,sports,mobile_app,11.61,0
766,2025-12-18 01:09:46.770448165,apparel,mobile_app,56.14,0
766,2025-12-23 23:45:31.859502282,grocery,store,124.25,0
766,2026-02-18 11:24:51.466291964,grocery,web,30.46,0
766,2026-03-28 09:17:39.562683349,sports,store,65.46,0
766,2026-04-22 14:41:36.935434128,electronics,mobile_app,24.18,0
766,2026-07-24 14:32:16.899446383,sports,mobile_app,15.78,0
767,2025-10-04 13:30:37.870855526,grocery,mobile_app,43.92,0
767,2025-10-08 05:30:36.124089760,grocery,web,35.79,0
767,2025-11-19 03:02:08.950766304,apparel,mobile_app,31.17,0
767,2025-12-08 11:01:48.148132988,grocery,web,7.52,0
767,2026-03-08 14:45:54.486873752,electronics,mobile_app,48.77,0
767,2026-03-17 14:21:12.465760891,beauty,mobile_app,10.35,0
767,2026-03-26 00:18:16.449930507,beauty,web,20.08,0
767,2026-04-05 20:08:27.046320312,apparel,web,5.69,0
767,2026-07-01 05:53:13.795622708,home,store,81.27,0
768,2025-09-13 03:13:35.835728117,apparel,web,69.88,0
768,2025-09-16 19:41:53.188340836,grocery,store,17.29,0
768,2025-10-12 04:50:35.096879856,home,web,47.59,0
768,2025-11-09 15:03:29.103160462,apparel,web,14.31,0
768,2025-12-08 14:54:04.398509621,sports,web,28.15,0
768,2026-01-09 17:51:12.599572810,apparel,web,16.17,0
768,2026-01-15 13:42:14.930332186,beauty,store,26.28,0
768,2026-02-02 06:54:01.642178863,grocery,mobile_app,53.28,0
768,2026-04-30 15:01:49.022342732,beauty,store,70.88,0
769,2026-07-21 12:33:14.495154253,grocery,mobile_app,9.54,0
769,2026-07-24 17:55:01.822544956,beauty,mobile_app,25.46,0
770,2025-09-29 10:06:38.781094081,home,web,27.09,0
770,2025-10-28 13:40:38.109314805,beauty,web,103.95,0
770,2026-03-18 00:11:20.064612792,sports,store,165.21,0
771,2025-08-12 13:07:54.382225921,grocery,web,7.49,0
771,2025-12-13 12:26:09.637918354,beauty,store,12.56,0
771,2025-12-24 01:00:59.243534632,beauty,store,19.25,0
771,2026-01-21 02:07:47.550313713,apparel,mobile_app,41.62,0
771,2026-04-01 08:29:22.497860902,electronics,mobile_app,38.98,0
772,2026-03-08 07:00:18.129777829,home,store,47.96,0
772,2026-03-31 20:11:49.668505507,grocery,mobile_app,40.24,0
772,2026-04-08 05:05:22.855034075,home,store,16.97,1
772,2026-05-08 13:38:47.444431134,home,mobile_app,39.47,0
772,2026-05-15 11:22:07.317340787,electronics,web,169.92,0
772,2026-05-22 16:54:02.337447589,grocery,web,131.68,0
772,2026-07-21 04:50:05.419475106,beauty,web,70.13,0
774,2026-01-20 00:19:03.815563464,electronics,web,34.19,0
774,2026-02-24 11:38:47.492200859,sports,mobile_app,53.13,0
774,2026-04-29 19:09:50.032496304,grocery,mobile_app,7.77,0
774,2026-05-10 05:55:52.805091165,grocery,web,52.18,0
774,2026-05-15 13:15:09.901252579,sports,web,157.8,0
774,2026-07-02 03:37:34.887249354,apparel,mobile_app,14.75,0
774,2026-07-05 18:15:50.689505837,home,mobile_app,35.06,0
775,2024-12-16 14:34:53.888311607,apparel,web,79.84,1
775,2024-12-19 16:38:54.685044998,sports,mobile_app,43.54,0
775,2025-02-16 16:07:46.873545448,apparel,store,31.61,0
775,2025-03-18 13:57:05.265670171,sports,store,15.62,0
775,2025-05-17 02:47:28.364649300,electronics,web,77.97,0
775,2025-05-25 19:26:50.718573350,electronics,store,115.3,0
775,2025-07-03 23:20:07.894546199,electronics,mobile_app,20.24,1
775,2025-08-03 23:05:25.073392350,sports,store,42.2,0
775,2025-09-26 05:01:58.286242339,apparel,mobile_app,11.02,0
775,2025-12-18 07:01:36.882220449,beauty,web,84.55,0
775,2026-01-21 06:47:58.745531182,home,mobile_app,178.85,0
775,2026-02-24 13:54:35.351432903,sports,mobile_app,9.88,0
775,2026-04-20 07:18:58.620859552,apparel,web,20.57,0
775,2026-05-17 01:20:41.511140837,home,mobile_app,18.7,0
775,2026-07-01 05:55:18.705999412,beauty,mobile_app,27.41,0
776,2025-07-14 23:48:18.265879230,home,web,21.93,0
776,2025-07-29 18:53:40.707553298,home,web,17.06,0
776,2025-07-30 11:06:45.404768601,home,mobile_app,6.67,0
776,2025-09-14 05:54:41.471574279,sports,mobile_app,46.79,0
776,2025-10-27 05:07:30.329520013,electronics,store,11.6,0
776,2025-12-09 03:55:51.035132036,electronics,web,31.92,0
776,2026-02-02 05:11:27.928218138,electronics,mobile_app,252.41,0
776,2026-03-01 16:17:36.830648651,sports,web,28.89,0
776,2026-03-22 18:21:44.833618754,electronics,store,14.74,0
777,2026-02-03 07:35:34.865448674,home,mobile_app,171.42,0
777,2026-02-14 23:40:28.640527594,beauty,web,25.23,0
777,2026-04-02 06:24:27.119642619,grocery,web,78.15,0
777,2026-06-30 08:16:11.692383252,beauty,web,113.64,0
779,2026-05-28 18:51:43.214140011,sports,web,31.68,0
779,2026-06-05 17:29:45.131375248,home,web,18.02,1
779,2026-06-18 08:00:19.770652504,beauty,mobile_app,4.02,0
779,2026-07-03 04:43:51.549071996,grocery,web,35.51,0
780,2024-09-29 01:35:57.245048091,beauty,web,159.92,0
780,2024-10-28 14:23:15.950761527,apparel,mobile_app,3.15,0
780,2024-11-24 04:25:14.961493016,home,mobile_app,149.75,0
780,2024-11-27 06:29:29.701537394,beauty,mobile_app,13.68,0
780,2024-12-01 23:23:42.276725379,home,web,28.85,0
780,2025-02-07 22:57:15.157204316,sports,store,46.79,0
780,2025-03-17 18:24:19.425198621,home,web,13.75,0
780,2025-07-05 01:01:57.617594784,beauty,mobile_app,87.8,0
780,2025-08-29 10:55:13.816373878,electronics,web,64.56,0
780,2025-09-17 13:31:39.203403992,home,mobile_app,22.51,0
780,2025-09-19 09:57:54.162212066,sports,mobile_app,62.46,0
780,2026-01-06 01:54:45.713695450,apparel,web,36.01,0
780,2026-02-19 18:14:16.977740139,home,web,32.64,0
780,2026-02-24 06:23:23.507553437,apparel,web,24.91,0
780,2026-03-31 14:16:36.837133842,electronics,web,22.24,0
780,2026-07-21 04:55:33.643134008,apparel,mobile_app,5.85,0
781,2025-02-16 09:02:38.428398451,beauty,web,29.48,0
781,2025-03-30 10:48:42.831036015,electronics,mobile_app,19.76,0
781,2025-04-19 04:50:36.246662129,electronics,web,40.5,0
781,2025-05-04 00:13:40.966491617,grocery,store,22.87,0
781,2025-06-02 23:33:32.785219127,apparel,web,4.97,0
781,2025-06-27 20:40:27.953076792,grocery,mobile_app,13.26,1
781,2025-09-27 08:19:45.713074034,beauty,mobile_app,44.65,0
781,2025-10-15 13:19:33.348218391,grocery,web,51.04,0
781,2025-12-26 13:38:16.032387607,sports,mobile_app,12.43,0
781,2026-02-10 06:16:56.294381116,home,web,16.14,0
781,2026-02-28 09:52:45.725364743,apparel,store,35.18,0
781,2026-04-25 00:27:12.988478348,apparel,web,34.45,1
781,2026-05-04 12:49:34.132205980,sports,mobile_app,12.59,0
781,2026-05-30 09:42:18.608165073,home,web,142.19,0
781,2026-06-05 17:07:09.487336443,electronics,web,13.51,0
781,2026-06-17 04:57:52.579064650,apparel,mobile_app,49.0,0
782,2025-04-25 14:42:13.378262271,beauty,web,21.71,0
782,2025-05-13 03:10:44.864776779,grocery,web,92.4,1
782,2025-07-25 23:11:21.506061296,grocery,web,51.97,0
782,2025-08-25 08:51:20.481757304,sports,mobile_app,73.92,0
782,2026-06-16 09:12:52.267812578,apparel,web,39.07,0
783,2026-07-06 17:09:49.534006038,grocery,store,56.26,0
784,2026-06-03 01:02:16.828131573,electronics,store,18.9,0
784,2026-06-10 03:30:22.848778648,electronics,store,88.77,0
784,2026-06-13 03:26:27.118122888,grocery,mobile_app,33.2,0
784,2026-06-16 03:57:35.693715811,beauty,web,75.95,0
784,2026-06-16 11:16:23.153277355,sports,mobile_app,18.98,0
785,2025-08-07 19:20:00.981200464,electronics,web,51.52,0
785,2025-08-18 22:42:14.224692828,apparel,store,82.05,0
785,2025-08-25 06:17:14.701695744,sports,web,12.71,0
785,2025-10-28 18:16:09.860031270,home,web,83.62,0
785,2025-11-12 19:59:58.222373358,grocery,mobile_app,8.2,0
785,2026-01-06 03:12:11.265056517,sports,store,21.95,0
785,2026-04-11 19:39:57.127644456,beauty,store,57.22,0
786,2025-10-08 16:06:05.017069815,home,web,13.81,0
786,2025-10-13 11:39:09.181515814,beauty,mobile_app,15.16,0
786,2025-11-10 17:07:04.064298160,beauty,web,9.21,0
786,2025-11-22 09:05:47.117691989,sports,mobile_app,11.75,0
786,2025-12-12 04:17:27.583524923,beauty,mobile_app,36.59,0
786,2026-01-28 00:25:30.851911488,sports,mobile_app,8.85,0
786,2026-02-21 14:23:49.934472110,beauty,mobile_app,26.4,0
786,2026-03-12 10:33:00.737977485,apparel,mobile_app,16.07,0
786,2026-04-20 15:27:03.876173491,electronics,mobile_app,28.62,0
786,2026-04-27 20:19:38.717054562,electronics,web,9.45,0
786,2026-05-09 01:24:57.921697708,grocery,web,15.22,0
788,2025-07-21 00:09:04.863048089,electronics,web,102.56,0
788,2025-08-07 12:53:53.881017674,electronics,web,45.42,0
788,2025-08-21 03:41:07.303338353,electronics,store,41.79,0
788,2026-01-18 19:37:45.143634441,home,mobile_app,23.8,0
788,2026-02-05 22:02:28.060745600,electronics,web,5.88,0
788,2026-03-15 17:35:51.180995337,electronics,web,59.14,0
788,2026-04-22 04:50:39.570425909,grocery,store,91.17,0
788,2026-04-26 21:07:32.571339762,apparel,web,24.73,0
788,2026-05-11 15:03:57.646578569,grocery,web,29.88,0
788,2026-05-23 02:56:17.352323175,beauty,store,14.4,0
788,2026-06-05 05:31:53.278360269,grocery,mobile_app,13.56,0
788,2026-07-09 03:41:58.950236668,apparel,mobile_app,16.66,0
788,2026-07-20 21:27:02.174655289,beauty,mobile_app,73.33,0
789,2026-04-29 12:42:02.489906351,electronics,mobile_app,105.7,0
789,2026-05-17 08:25:12.940138434,sports,mobile_app,120.03,0
789,2026-05-19 12:15:22.529163687,home,store,587.47,0
789,2026-06-29 01:06:29.057959481,sports,web,5.94,0
789,2026-07-01 18:34:45.272780340,sports,web,29.53,0
789,2026-07-05 23:57:36.750022180,apparel,web,66.69,0
789,2026-07-11 13:15:10.641801796,apparel,web,127.1,0
789,2026-07-17 08:30:21.835612069,home,web,19.01,0
789,2026-07-23 06:04:26.725264254,electronics,store,25.43,0
789,2026-07-26 02:10:53.385935607,home,web,23.02,0
791,2026-07-27 20:52:27.383647101,sports,web,64.93,0
792,2026-01-01 19:45:04.888025079,beauty,web,50.69,0
792,2026-03-12 08:15:30.436730399,beauty,mobile_app,5.32,0
792,2026-03-14 03:59:16.303499734,grocery,store,11.3,1
792,2026-05-30 18:46:25.212592177,grocery,web,40.53,0
793,2025-05-27 10:44:16.722197832,sports,store,23.9,0
793,2025-06-07 15:06:02.017505391,beauty,mobile_app,38.14,0
793,2025-08-05 22:05:11.220157741,grocery,mobile_app,3.0,0
793,2025-08-17 16:19:40.087169524,beauty,store,9.98,1
793,2025-08-19 15:01:55.961473870,sports,web,8.96,0
793,2026-02-24 15:25:07.348323378,electronics,mobile_app,24.8,0
793,2026-03-24 10:04:03.084711048,grocery,mobile_app,117.1,0
793,2026-05-15 00:59:41.435181330,electronics,web,42.47,0
793,2026-05-17 03:50:25.260530269,beauty,web,142.3,0
793,2026-05-24 06:13:08.223497017,beauty,web,150.76,0
794,2026-04-06 18:26:08.166074473,sports,mobile_app,29.07,0
794,2026-04-11 16:41:08.062762630,grocery,web,218.09,0
794,2026-05-15 18:35:53.626146150,beauty,web,27.93,0
794,2026-05-25 18:56:05.654382000,apparel,web,50.04,0
794,2026-06-06 02:53:21.571753794,apparel,mobile_app,116.04,0
794,2026-06-19 22:49:34.152630520,beauty,web,17.93,1
794,2026-07-25 11:45:40.423522796,home,web,32.47,0
795,2025-09-08 09:12:27.148277181,electronics,mobile_app,29.91,0
795,2025-09-18 10:17:44.968382952,apparel,mobile_app,38.94,0
795,2025-11-16 15:17:14.551468072,grocery,mobile_app,24.19,0
795,2026-01-12 15:52:11.209619384,grocery,web,23.44,0
795,2026-02-22 01:30:58.639565080,home,web,175.88,0
795,2026-03-29 19:41:10.072983841,apparel,web,59.5,0
795,2026-05-09 02:34:59.063457049,home,mobile_app,71.54,0
795,2026-05-29 23:03:44.465790105,apparel,mobile_app,30.05,0
795,2026-07-02 01:45:05.902634388,sports,web,81.49,0
796,2026-05-01 21:13:32.755533816,home,store,48.47,1
796,2026-05-06 15:54:34.401014825,grocery,web,44.19,0
796,2026-05-26 08:21:04.168472591,home,web,17.19,0
796,2026-06-11 23:44:11.187155386,apparel,web,97.77,0
796,2026-06-19 14:19:47.190255793,home,mobile_app,6.59,0
796,2026-07-03 06:51:00.444408685,electronics,mobile_app,43.54,0
796,2026-07-17 08:11:08.600529515,sports,web,5.67,0
797,2025-06-24 10:38:10.468245829,sports,web,59.11,0
797,2025-08-07 10:14:20.438325209,home,web,31.29,0
797,2025-08-19 00:55:40.687784349,grocery,web,42.98,0
797,2025-09-07 01:51:53.718804597,sports,web,52.99,0
797,2025-09-18 15:29:33.131610336,grocery,mobile_app,20.15,0
797,2025-09-23 09:17:05.747468629,grocery,web,28.82,0
797,2025-10-08 17:39:17.178705775,grocery,store,17.04,0
797,2025-11-14 18:39:31.284711153,electronics,web,29.54,0
797,2026-02-16 03:56:09.413054074,sports,web,26.48,0
797,2026-02-24 16:11:56.129682745,beauty,web,90.21,0
797,2026-05-13 10:20:50.840430620,sports,mobile_app,15.27,0
797,2026-05-23 15:33:16.576745743,electronics,web,6.53,0
797,2026-06-22 18:40:07.298239124,grocery,web,15.84,0
797,2026-07-07 19:18:02.671338713,home,web,173.85,0
798,2026-04-15 19:07:24.136479570,electronics,web,26.64,0
798,2026-04-25 03:29:27.656527457,home,web,64.57,0
798,2026-04-25 18:44:45.340398739,sports,web,29.57,0
798,2026-04-26 20:17:59.848375342,grocery,mobile_app,6.71,0
799,2025-12-07 11:27:46.371365220,beauty,mobile_app,9.33,0
799,2025-12-08 15:25:38.926619910,grocery,store,133.16,0
799,2025-12-16 13:11:27.665743609,apparel,mobile_app,163.09,0
799,2026-05-17 00:27:39.501234438,beauty,web,5.23,0
799,2026-06-05 10:28:36.951503296,home,web,22.18,0
799,2026-06-09 08:48:13.194870411,beauty,mobile_app,28.66,0
799,2026-06-21 07:18:56.281954044,sports,mobile_app,59.23,0
799,2026-07-01 05:59:25.100132960,apparel,store,35.37,0
800,2025-09-05 18:09:16.337346624,beauty,mobile_app,55.0,0
800,2025-09-06 02:01:45.749713726,beauty,mobile_app,70.41,0
800,2025-09-19 00:07:05.957677707,apparel,mobile_app,37.55,0
800,2026-01-14 17:24:19.506040281,grocery,mobile_app,159.45,0
800,2026-03-14 19:18:44.693024602,electronics,mobile_app,6.31,0
800,2026-07-06 02:05:53.418980913,home,store,8.49,0
802,2026-04-21 02:28:06.774811344,apparel,web,61.48,0
803,2025-11-10 03:05:14.524944294,beauty,web,52.14,0
803,2026-03-26 09:54:44.128413853,apparel,web,30.34,0
803,2026-05-03 23:09:46.613529490,electronics,web,20.66,0
804,2024-08-02 13:59:54.121336852,electronics,mobile_app,28.68,0
804,2024-09-23 07:05:45.623792455,home,mobile_app,54.5,0
804,2024-11-08 05:47:21.871686008,sports,web,33.13,0
804,2024-11-30 07:42:36.973973489,apparel,web,25.89,0
804,2024-12-04 10:58:52.773188037,beauty,store,22.17,0
804,2025-01-29 20:00:29.332049933,apparel,store,89.53,0
804,2025-03-05 05:42:39.007282295,apparel,mobile_app,85.25,0
804,2025-03-22 00:25:26.153542414,sports,mobile_app,45.76,0
804,2025-05-25 20:03:37.202280794,sports,mobile_app,38.29,0
804,2025-06-20 00:56:26.442823794,electronics,mobile_app,92.17,0
804,2025-07-12 21:05:48.590301305,sports,web,64.61,0
804,2025-11-16 13:53:22.844122570,beauty,web,50.9,0
804,2026-02-16 06:27:01.508574474,grocery,mobile_app,37.38,0
804,2026-03-09 12:56:20.737464369,beauty,mobile_app,89.85,0
804,2026-04-02 22:30:52.921130285,apparel,store,12.35,0
804,2026-04-16 16:12:43.876037267,apparel,mobile_app,21.07,0
804,2026-05-13 04:53:08.300550417,electronics,web,169.25,0
804,2026-05-30 02:35:56.407376498,home,mobile_app,17.81,0
804,2026-06-05 23:25:48.459615030,home,store,8.17,0
804,2026-07-31 21:04:12.023909951,electronics,web,39.67,0
805,2025-07-26 18:26:29.985929166,grocery,web,39.5,0
805,2025-09-05 18:02:10.320639980,grocery,mobile_app,6.24,0
805,2025-09-30 12:47:34.187949773,home,web,146.88,0
805,2026-01-16 05:40:19.379080388,apparel,mobile_app,10.5,0
805,2026-01-21 12:37:03.785811096,electronics,web,16.37,0
805,2026-02-23 03:39:38.658504975,sports,web,57.83,0
805,2026-04-23 17:46:23.374300380,apparel,mobile_app,104.97,0
805,2026-04-28 05:53:52.913597381,grocery,store,27.8,0
805,2026-05-13 23:06:20.257769823,apparel,web,25.39,0
805,2026-06-16 07:54:00.857357252,home,mobile_app,22.53,0
806,2025-04-02 21:00:53.684741166,home,web,9.03,0
806,2025-09-05 11:28:24.912181664,home,store,38.01,0
806,2025-10-21 17:22:39.188739314,beauty,store,74.28,0
806,2025-12-18 02:17:12.377652804,grocery,web,22.44,0
806,2025-12-31 21:16:36.532901707,beauty,web,14.85,0
806,2026-04-05 09:13:39.654642539,sports,web,7.01,0
806,2026-04-18 11:30:41.465833964,beauty,mobile_app,20.75,0
806,2026-04-28 01:47:02.172186223,home,web,101.12,0
806,2026-05-21 19:05:18.488887193,electronics,mobile_app,134.81,0
807,2026-04-17 08:12:12.830856912,grocery,store,24.61,0
807,2026-05-29 02:24:23.473571974,electronics,web,110.71,0
808,2026-07-10 15:06:36.963163930,grocery,web,37.16,0
809,2026-03-04 12:36:43.675346932,sports,web,6.78,0
809,2026-03-31 07:03:45.945365115,beauty,web,23.81,0
809,2026-04-06 20:48:52.663152382,apparel,mobile_app,39.12,0
809,2026-04-11 11:12:37.861629616,beauty,mobile_app,33.77,0
809,2026-04-23 16:06:27.109605439,electronics,web,21.2,0
809,2026-04-27 00:13:39.775194411,home,mobile_app,11.55,0
809,2026-06-27 20:28:50.491410206,grocery,mobile_app,18.16,0
809,2026-07-19 18:53:21.491105358,home,mobile_app,22.55,0
809,2026-07-25 03:04:51.156544553,beauty,web,27.7,0
810,2025-06-10 01:40:18.671662578,electronics,store,7.75,1
810,2025-07-02 05:08:27.664322439,sports,web,21.51,0
810,2025-07-07 05:32:16.123122217,beauty,mobile_app,34.52,1
810,2025-07-08 11:03:30.474907209,electronics,mobile_app,13.32,0
810,2025-07-21 09:34:51.255026994,apparel,web,60.57,0
810,2025-08-08 17:36:28.336486295,home,mobile_app,103.91,0
810,2025-10-30 03:11:24.441849724,home,store,23.51,0
810,2025-11-27 16:24:18.165174996,grocery,mobile_app,34.83,1
810,2025-12-06 16:10:16.638158635,beauty,store,5.64,0
810,2025-12-17 06:52:35.562629007,beauty,mobile_app,12.54,0
810,2026-04-11 23:09:49.413128982,grocery,store,32.63,1
810,2026-05-11 09:12:10.575521678,apparel,store,15.28,0
810,2026-06-28 09:03:54.653845355,home,web,250.49,0
811,2026-06-12 00:40:53.847044303,apparel,web,106.79,0
812,2025-08-03 06:35:13.227730561,grocery,mobile_app,39.28,0
812,2025-11-26 10:33:03.295901333,grocery,web,135.51,0
812,2026-01-02 03:42:19.519169213,electronics,store,29.29,0
812,2026-03-11 23:59:54.940967587,electronics,mobile_app,58.08,0
812,2026-07-10 09:20:26.092859738,home,web,36.78,0
813,2025-12-03 02:09:28.426412598,home,web,73.95,0
813,2026-02-04 06:50:18.280780927,electronics,web,39.65,0
813,2026-02-08 08:05:11.212662043,apparel,web,12.63,0
813,2026-03-23 20:35:21.800427015,home,mobile_app,91.23,0
813,2026-03-30 05:52:01.880878351,grocery,web,32.49,0
813,2026-05-05 01:45:36.675247335,beauty,web,13.83,0
813,2026-05-08 23:16:42.983585717,apparel,web,4.64,0
813,2026-06-28 13:02:36.322042969,grocery,mobile_app,3.0,0
814,2025-11-21 08:19:15.672539200,home,store,17.95,0
814,2025-12-06 02:39:01.937315270,electronics,store,4.38,0
815,2024-11-14 13:56:51.694887455,grocery,store,17.63,0
815,2024-12-17 12:39:46.494237874,electronics,web,214.46,0
815,2025-04-04 17:26:31.681443040,home,web,54.68,0
815,2025-04-07 03:54:36.762501007,apparel,web,18.18,0
815,2025-05-25 15:24:31.055698204,sports,web,10.03,0
815,2025-07-01 13:50:40.381175939,electronics,mobile_app,15.19,0
815,2025-07-25 09:56:21.702393704,home,web,25.43,0
815,2025-08-18 11:31:34.704208175,apparel,mobile_app,14.44,0
815,2025-10-08 18:07:51.536286184,grocery,mobile_app,27.85,0
815,2025-10-13 04:21:09.945348135,home,mobile_app,19.18,0
815,2025-10-30 01:07:15.122538823,sports,store,22.22,0
815,2025-12-03 21:53:33.479113100,apparel,mobile_app,34.12,0
815,2026-01-18 02:57:12.468979239,apparel,web,22.8,1
815,2026-02-19 09:22:12.747598675,sports,store,63.4,0
815,2026-02-24 09:00:27.624130765,sports,web,57.72,0
815,2026-06-04 00:16:05.320615170,home,web,61.96,0
815,2026-06-10 18:08:40.617219334,electronics,web,134.05,0
816,2024-08-17 21:17:04.574565543,apparel,web,12.53,0
816,2024-09-03 02:20:41.986433720,grocery,mobile_app,38.85,0
816,2024-11-20 10:56:02.495859044,apparel,web,85.99,0
816,2024-12-30 22:53:05.018629396,sports,mobile_app,58.49,0
816,2025-01-30 07:37:03.713458245,home,mobile_app,28.66,0
816,2025-03-30 21:38:12.161769461,beauty,web,13.61,0
816,2025-04-26 10:35:10.695283345,apparel,mobile_app,15.65,0
816,2025-06-03 00:49:48.430838583,home,store,43.0,0
816,2025-06-04 11:44:45.835411794,apparel,web,13.43,0
816,2025-06-05 07:00:46.871421676,grocery,web,27.18,0
816,2025-06-28 03:00:44.769455396,beauty,mobile_app,35.94,0
816,2025-08-11 16:24:46.087846998,beauty,mobile_app,21.89,0
816,2025-08-16 00:50:27.153398153,grocery,web,83.08,0
816,2025-09-23 18:55:59.570909340,beauty,web,44.12,0
816,2025-10-20 10:01:18.824435709,sports,web,172.68,0
816,2025-11-22 04:02:30.513583747,home,store,45.36,0
816,2025-12-26 22:42:46.570182230,home,mobile_app,8.44,0
816,2026-02-05 14:20:54.744744800,electronics,mobile_app,31.6,0
816,2026-03-05 21:51:31.307005659,sports,mobile_app,169.31,1
816,2026-04-08 19:19:22.695617491,grocery,web,56.95,0
816,2026-06-11 13:40:52.962293540,sports,mobile_app,87.3,0
816,2026-07-08 12:03:09.717215308,sports,mobile_app,19.88,0
816,2026-07-20 06:02:16.723520074,grocery,mobile_app,70.14,0
816,2026-07-30 06:38:23.062767804,apparel,store,8.06,0
818,2026-06-23 19:08:13.851579673,apparel,web,12.3,0
818,2026-07-01 23:11:29.818199778,sports,web,66.29,0
818,2026-07-16 03:16:08.289234722,sports,web,31.18,1
819,2025-08-03 09:36:33.099419984,grocery,web,142.87,0
819,2025-08-11 02:20:47.414467539,grocery,store,38.54,0
819,2025-09-01 16:47:31.717761317,electronics,mobile_app,66.76,0
819,2025-09-22 10:15:32.325806114,apparel,web,15.84,0
819,2026-01-23 21:10:59.557752754,electronics,mobile_app,38.93,0
819,2026-04-16 04:40:49.573254775,electronics,web,22.26,0
819,2026-06-01 05:56:30.308608882,apparel,web,31.27,0
819,2026-06-04 01:09:23.358159660,grocery,web,20.94,0
820,2024-05-29 01:06:46.153098767,home,web,7.25,0
820,2024-07-02 15:25:32.596801496,home,mobile_app,27.25,0
820,2024-07-10 21:46:09.168748911,home,web,169.7,0
820,2024-09-19 13:56:00.220057158,apparel,store,61.14,0
820,2024-11-21 21:46:13.509796020,home,mobile_app,62.93,0
820,2025-01-27 17:58:07.195863545,apparel,web,25.67,0
820,2025-01-28 01:09:17.849915805,grocery,mobile_app,24.58,0
820,2025-02-06 19:47:01.841420075,sports,web,29.9,0
820,2025-03-03 12:25:48.928022835,beauty,web,29.02,0
820,2025-06-24 23:07:22.809414202,electronics,mobile_app,102.79,0
820,2025-07-23 23:35:37.138135229,home,mobile_app,17.9,0
820,2025-09-08 13:10:34.124416525,electronics,web,93.63,0
820,2025-09-19 09:05:47.759759549,electronics,web,234.29,0
820,2025-09-30 10:28:50.286370104,sports,mobile_app,26.19,0
820,2025-10-09 10:33:35.446455496,home,web,13.83,0
820,2026-05-11 21:09:47.407007204,sports,mobile_app,148.63,0
820,2026-06-27 03:18:52.644569614,beauty,mobile_app,26.46,0
822,2025-03-08 11:45:58.143076549,sports,mobile_app,31.7,0
822,2025-03-14 14:01:18.142575871,apparel,web,18.93,1
822,2025-04-10 21:30:15.475074311,grocery,mobile_app,96.42,0
822,2025-04-14 12:17:51.311452601,electronics,web,50.79,0
822,2025-05-11 07:32:59.027515760,beauty,web,34.92,0
822,2025-05-25 05:04:14.775867599,beauty,mobile_app,28.53,0
822,2025-06-22 04:55:02.272535585,electronics,web,60.22,0
822,2025-09-23 07:16:28.025454611,home,web,67.66,0
822,2026-02-21 09:44:02.082369941,home,web,18.47,0
822,2026-02-25 07:42:28.507291154,grocery,store,123.8,0
823,2026-04-13 16:30:41.923822511,beauty,mobile_app,25.54,0
823,2026-04-16 03:51:03.744075816,grocery,web,22.69,0
824,2025-11-17 02:52:45.672557448,sports,store,42.57,0
824,2025-12-10 15:04:36.685007121,grocery,mobile_app,25.3,0
824,2026-01-20 21:47:42.897788042,electronics,store,135.85,0
824,2026-02-18 03:40:01.161917493,electronics,mobile_app,7.56,0
824,2026-05-21 06:47:54.005694885,home,mobile_app,214.53,0
824,2026-06-29 06:37:43.749556804,grocery,mobile_app,24.29,0
824,2026-07-25 21:19:49.847718182,grocery,web,35.74,0
825,2025-05-12 00:02:40.377384215,beauty,web,8.89,0
825,2025-10-13 00:33:51.285649032,sports,mobile_app,99.64,0
825,2025-12-31 18:06:41.126120871,apparel,web,104.88,0
825,2026-01-02 02:23:08.701717028,grocery,mobile_app,39.31,0
825,2026-01-29 11:30:25.249886468,home,mobile_app,30.05,0
825,2026-03-29 05:20:26.848868039,electronics,mobile_app,385.58,0
825,2026-05-13 03:29:06.927287004,home,web,43.15,0
825,2026-06-11 23:16:33.188140140,apparel,mobile_app,27.73,0
826,2026-05-31 18:08:40.467823806,grocery,web,34.84,0
827,2025-11-09 15:12:16.681851432,apparel,store,6.79,0
827,2025-11-17 09:35:53.646026859,beauty,web,86.27,0
827,2026-01-12 06:31:34.931017275,electronics,web,25.06,0
827,2026-02-02 19:40:27.972048286,grocery,store,47.08,0
827,2026-02-10 20:42:16.376526510,apparel,mobile_app,28.1,0
827,2026-03-07 11:25:57.809815176,home,store,46.75,1
827,2026-03-15 21:31:51.506127982,home,mobile_app,69.28,0
827,2026-04-02 12:38:32.005669736,apparel,web,13.06,0
827,2026-04-29 14:44:10.627718168,beauty,web,52.19,0
827,2026-05-24 00:46:07.595923389,electronics,web,30.06,0
827,2026-06-18 21:52:41.062032302,apparel,mobile_app,16.71,0
827,2026-06-30 01:00:20.730721248,apparel,mobile_app,51.11,0
827,2026-07-31 20:45:39.800970283,beauty,store,94.36,0
828,2024-11-21 12:46:45.998238049,electronics,mobile_app,6.8,0
828,2025-01-20 16:11:10.193004693,beauty,mobile_app,20.19,0
828,2025-01-25 00:51:58.042773931,home,store,18.96,0
828,2025-01-30 04:39:14.456039035,grocery,mobile_app,152.1,0
828,2025-03-26 03:31:28.086936428,electronics,web,23.58,0
828,2025-04-11 13:59:45.844009942,beauty,mobile_app,20.16,0
828,2025-06-28 17:51:28.268057990,apparel,mobile_app,106.05,0
828,2025-09-11 12:48:03.058726214,apparel,mobile_app,18.45,0
828,2025-12-03 08:30:22.500938785,sports,web,31.36,0
828,2025-12-18 03:58:02.838836378,beauty,web,50.24,0
828,2026-01-10 00:12:53.222563942,home,web,38.07,0
828,2026-01-20 15:09:13.209616642,beauty,web,65.6,0
828,2026-01-25 12:01:25.555785955,electronics,web,24.09,0
828,2026-02-25 19:45:46.655038838,grocery,mobile_app,62.02,0
828,2026-03-24 19:38:45.503755633,apparel,store,65.64,0
828,2026-04-19 07:28:16.127873375,grocery,mobile_app,3.4,0
828,2026-05-01 04:41:04.935656308,beauty,store,23.17,0
828,2026-07-01 15:17:09.421899968,apparel,mobile_app,23.91,0
828,2026-07-30 05:10:48.453017567,apparel,store,42.79,0
829,2025-01-12 15:03:15.174334651,home,web,7.32,0
829,2025-03-14 10:10:51.500409984,electronics,web,47.48,0
829,2025-05-01 20:01:20.251798151,beauty,web,28.48,0
829,2025-05-17 16:55:59.627822215,grocery,web,88.95,0
829,2025-05-28 08:00:13.205357344,grocery,store,14.95,0
829,2025-05-29 09:08:32.423214656,electronics,store,23.85,0
829,2025-07-25 13:06:56.765751840,sports,mobile_app,61.99,0
829,2025-07-27 21:48:00.693120566,sports,mobile_app,8.11,0
829,2025-08-29 16:55:21.291816090,electronics,web,42.56,0
829,2025-10-10 07:15:55.172625489,sports,web,36.78,0
829,2025-10-19 14:45:53.453552519,sports,mobile_app,73.09,0
829,2025-11-22 13:44:27.038791145,home,web,16.7,0
829,2025-12-06 04:06:08.469866742,sports,web,32.2,1
829,2025-12-29 02:32:00.151407736,beauty,web,15.84,0
829,2026-01-23 01:31:48.715140430,electronics,web,49.14,0
829,2026-01-31 18:09:45.087463763,grocery,mobile_app,79.31,0
829,2026-02-07 11:07:27.825979521,grocery,mobile_app,19.64,0
829,2026-02-08 12:17:39.061416815,apparel,web,17.31,0
829,2026-03-23 18:59:03.302894498,home,mobile_app,15.69,0
829,2026-07-23 12:47:00.532777393,grocery,mobile_app,13.71,0
829,2026-07-24 00:14:22.833037312,sports,web,56.35,0
829,2026-07-25 08:46:18.133315709,sports,web,19.63,0
829,2026-07-30 03:45:48.316666295,apparel,mobile_app,63.7,0
829,2026-07-30 08:31:03.112474757,electronics,web,49.38,0
831,2026-01-22 14:49:05.221089057,electronics,store,16.36,0
831,2026-04-02 21:55:33.669005664,sports,web,6.14,0
831,2026-04-17 22:34:22.823798261,beauty,mobile_app,51.34,1
831,2026-06-06 02:22:09.328422326,beauty,web,58.17,0
832,2026-04-26 02:17:55.574187672,sports,web,42.72,0
832,2026-05-17 17:45:26.971339796,electronics,web,34.5,0
832,2026-06-16 04:00:28.776373506,electronics,web,12.98,0
833,2026-03-29 00:43:50.964846710,grocery,web,20.28,0
833,2026-03-30 15:30:11.585493329,electronics,mobile_app,15.89,0
833,2026-04-21 12:29:06.392269061,home,mobile_app,22.42,0
833,2026-06-03 18:02:11.358694292,sports,mobile_app,15.85,0
833,2026-07-20 04:11:33.195458400,beauty,web,22.83,0
834,2026-07-01 22:35:35.501748265,apparel,web,31.58,0
835,2026-01-02 09:04:44.241301710,sports,mobile_app,6.23,0
835,2026-02-21 07:03:11.458540023,home,store,14.74,0
835,2026-04-26 05:24:06.522618071,electronics,web,39.16,0
835,2026-06-18 01:22:21.930199231,home,web,66.91,0
836,2025-08-23 09:37:40.465684180,sports,mobile_app,32.67,0
836,2025-09-04 07:29:36.199852236,grocery,store,18.1,0
836,2025-09-28 19:12:56.532360076,grocery,mobile_app,16.15,0
836,2025-10-05 03:26:40.178218454,apparel,web,35.86,0
836,2025-10-05 19:00:08.137100241,grocery,web,20.01,0
836,2025-10-07 22:24:46.724421212,electronics,web,65.83,0
836,2025-10-25 00:11:11.541276526,home,store,91.89,0
836,2025-10-29 00:51:36.570353112,apparel,web,15.48,1
836,2025-11-01 21:22:17.544911604,home,web,22.67,0
836,2025-11-05 10:48:40.084726358,beauty,mobile_app,15.09,0
836,2025-11-20 07:24:00.591085484,sports,store,42.66,0
836,2025-12-28 17:31:59.939766910,beauty,web,40.55,0
836,2026-01-14 13:49:22.460950958,home,web,37.48,0
836,2026-02-12 19:47:16.439696120,home,web,81.15,0
836,2026-02-28 00:48:32.527480312,home,web,116.81,0
836,2026-07-09 01:22:58.109615729,home,mobile_app,33.41,0
836,2026-07-12 16:27:46.050626523,home,store,45.76,0
837,2025-11-02 10:39:43.493608032,sports,web,34.35,0
837,2026-01-15 10:15:10.160229183,grocery,mobile_app,44.96,0
837,2026-01-22 10:55:35.705705938,sports,web,17.81,0
837,2026-02-19 11:30:52.811253913,beauty,web,156.46,0
837,2026-03-09 17:18:48.457777899,grocery,web,8.41,0
837,2026-03-31 03:30:30.851080059,electronics,store,114.24,0
837,2026-04-29 04:09:14.796884584,grocery,store,67.53,0
837,2026-05-02 07:50:50.204802872,electronics,web,61.13,0
837,2026-06-02 13:29:33.591697052,grocery,store,36.34,0
837,2026-06-30 14:06:15.285169368,sports,store,17.77,0
837,2026-07-18 06:14:07.244583942,apparel,store,40.17,0
838,2026-04-20 06:17:36.909259057,beauty,web,72.2,0
838,2026-04-22 11:29:46.225468116,electronics,store,68.79,0
838,2026-05-19 13:01:57.297832246,home,mobile_app,32.74,0
838,2026-06-28 05:17:19.887710407,grocery,web,9.8,0
838,2026-06-30 01:12:34.555457330,beauty,store,17.41,0
838,2026-07-29 22:56:15.641875574,beauty,store,28.6,0
839,2026-07-12 16:03:51.713010551,home,web,79.03,0
840,2024-10-17 09:25:10.862580263,home,store,34.51,0
840,2024-10-28 01:53:14.924247787,apparel,web,31.04,0
840,2025-01-28 13:09:32.626722615,electronics,store,38.02,0
840,2025-02-01 02:21:52.958187991,beauty,store,36.68,0
840,2025-02-19 22:20:28.588244211,beauty,mobile_app,19.13,0
840,2025-02-20 12:01:38.476679474,apparel,mobile_app,47.58,0
840,2025-08-19 08:55:26.173278475,grocery,web,57.71,0
840,2025-11-05 13:10:36.552854776,apparel,mobile_app,25.29,0
840,2025-11-11 14:55:21.705787342,apparel,mobile_app,25.51,0
840,2026-01-06 20:14:34.237387459,sports,store,7.62,0
840,2026-01-27 06:32:59.914691918,home,mobile_app,33.51,0
840,2026-02-27 10:30:49.907888934,home,mobile_app,97.3,0
841,2026-01-09 16:10:00.115648162,electronics,store,207.11,0
841,2026-02-26 21:30:04.136446351,grocery,web,14.65,0
841,2026-02-28 05:53:05.696449910,electronics,store,24.46,1
841,2026-03-18 03:33:33.849005271,sports,mobile_app,95.72,0
841,2026-06-10 05:24:50.191227384,electronics,web,231.23,0
841,2026-06-16 18:58:26.263994976,sports,mobile_app,4.08,0
841,2026-07-14 15:20:08.236358572,electronics,web,11.78,0
842,2025-07-28 21:15:40.316664750,home,mobile_app,8.44,0
842,2025-10-20 21:16:34.247829067,home,store,6.42,0
842,2025-12-17 12:05:54.438254883,home,store,16.95,0
842,2025-12-22 18:36:58.225917027,electronics,web,57.87,0
842,2026-04-09 16:07:00.585000915,apparel,web,54.43,0
842,2026-05-07 08:54:42.661066977,sports,store,105.75,0
842,2026-05-18 07:55:05.171847338,apparel,web,86.12,0
843,2025-02-02 09:16:35.825960439,electronics,web,47.66,0
843,2025-02-16 13:37:22.083335000,beauty,mobile_app,95.14,0
843,2025-05-03 17:27:20.921359395,electronics,mobile_app,59.9,0
843,2025-07-07 22:40:06.196363787,grocery,mobile_app,26.42,0
843,2025-09-19 09:16:37.154080339,electronics,web,66.66,0
843,2025-10-24 18:27:57.290953493,sports,mobile_app,135.85,0
843,2025-11-22 20:01:32.160115241,apparel,web,129.95,0
843,2025-12-06 03:27:22.243176038,sports,mobile_app,363.4,0
843,2026-03-03 13:20:29.306094309,beauty,store,132.42,0
843,2026-04-04 15:06:34.348617314,sports,mobile_app,10.94,0
843,2026-05-20 02:47:04.100144908,beauty,mobile_app,77.66,0
843,2026-05-26 15:37:21.013584560,grocery,store,40.03,1
843,2026-06-21 12:06:09.932395940,home,web,24.3,0
845,2026-07-28 19:30:43.709986887,electronics,web,83.9,0
847,2026-06-26 02:05:21.155140341,grocery,store,62.12,0
847,2026-07-31 16:25:05.623275306,home,web,12.33,0
848,2026-06-03 03:12:29.688259093,apparel,mobile_app,190.81,0
848,2026-06-08 02:34:35.349896808,sports,store,30.12,0
849,2025-12-11 17:23:54.862315075,electronics,web,21.67,0
849,2026-01-25 17:34:40.214355151,apparel,mobile_app,60.15,0
849,2026-02-07 06:09:53.749758704,beauty,web,34.9,1
849,2026-03-01 06:26:48.683533149,electronics,mobile_app,16.2,0
849,2026-03-22 18:15:18.963888293,beauty,store,24.48,0
849,2026-03-25 00:45:59.288904427,grocery,mobile_app,18.66,0
849,2026-04-07 21:42:44.572064136,grocery,mobile_app,18.85,0
849,2026-05-06 18:18:40.312913700,home,web,45.14,0
849,2026-07-24 17:00:35.179370468,beauty,web,14.36,0
850,2025-10-04 00:23:14.343416590,grocery,store,84.73,0
850,2025-10-08 11:01:44.490081948,home,web,38.12,1
850,2025-11-01 03:10:56.317508907,sports,web,35.12,0
850,2025-12-04 15:23:06.202759730,sports,web,32.49,0
850,2025-12-28 14:26:43.986352304,electronics,store,45.79,0
850,2025-12-31 18:07:21.958698179,electronics,web,19.74,0
850,2026-01-19 10:55:08.562095582,apparel,mobile_app,114.7,0
850,2026-01-26 01:19:56.882922096,electronics,web,38.02,0
850,2026-02-05 20:02:47.795168395,apparel,store,19.51,0
850,2026-03-13 19:40:09.059033283,beauty,mobile_app,53.12,1
850,2026-06-26 13:35:39.668468937,home,mobile_app,95.72,0
851,2025-01-15 12:05:01.999970290,apparel,web,22.74,0
851,2025-03-05 15:48:55.449318370,beauty,store,23.08,0
851,2025-03-17 12:57:04.145278842,grocery,web,17.92,0
851,2025-03-25 00:25:14.994454466,home,store,9.92,0
851,2025-06-19 18:38:36.914406412,sports,web,10.85,0
851,2025-07-25 19:25:31.271625532,beauty,store,24.36,0
851,2025-09-02 22:37:27.719208357,sports,web,16.05,0
851,2025-09-24 14:36:33.704045160,home,web,47.22,0
851,2025-10-25 12:13:10.007814490,beauty,mobile_app,32.42,0
851,2025-11-17 10:40:18.242806717,home,web,47.89,0
851,2025-12-21 13:03:36.126842997,apparel,store,18.49,0
851,2025-12-25 05:07:07.958100594,grocery,web,33.22,0
851,2025-12-27 15:48:54.309853492,electronics,web,33.72,0
851,2026-03-01 05:07:01.274325822,sports,mobile_app,5.99,0
851,2026-03-16 02:24:12.782039121,beauty,mobile_app,52.97,0
851,2026-03-16 19:35:57.974714814,beauty,web,15.3,0
851,2026-03-19 21:08:23.684863143,grocery,store,179.07,0
851,2026-05-22 10:54:53.907530516,apparel,store,29.38,0
851,2026-06-18 21:07:06.101151837,home,web,5.16,0
852,2026-01-10 05:49:53.271706207,home,mobile_app,132.31,0
852,2026-02-03 03:48:20.034920711,home,web,29.44,0
852,2026-06-19 09:23:45.356999577,beauty,web,52.79,0
852,2026-06-30 07:37:48.893322600,sports,store,26.02,0
853,2025-03-17 12:49:36.366883004,electronics,web,27.03,0
853,2025-03-17 14:41:02.121186550,apparel,web,17.27,0
853,2025-08-06 08:48:10.631753672,beauty,mobile_app,17.03,0
853,2025-11-07 17:49:11.164282280,home,store,25.1,0
853,2025-11-24 06:18:01.259342796,grocery,store,15.43,0
853,2025-11-30 13:09:02.313520958,grocery,store,22.88,0
853,2026-01-22 08:04:26.192311061,electronics,mobile_app,69.71,0
853,2026-01-24 11:52:45.958491440,apparel,mobile_app,40.87,0
853,2026-02-11 21:42:37.940205120,electronics,web,31.24,0
853,2026-03-29 12:01:03.721429255,sports,store,12.79,0
853,2026-04-13 17:16:01.010748522,beauty,mobile_app,30.19,0
853,2026-05-03 17:07:37.534690324,sports,web,42.79,0
853,2026-07-19 06:12:36.847394301,home,mobile_app,31.66,0
853,2026-07-19 12:05:27.119743962,beauty,store,36.3,0
853,2026-07-26 04:31:20.866288838,apparel,store,107.36,0
853,2026-07-26 16:46:11.144323707,home,store,72.97,0
854,2026-06-25 11:51:13.314818803,electronics,web,95.59,0
854,2026-07-05 00:06:03.090320635,apparel,web,68.99,0
855,2026-01-31 11:34:59.881327424,electronics,web,13.98,1
855,2026-06-21 17:39:19.256827735,electronics,web,48.03,0
855,2026-07-14 09:26:55.444795337,electronics,mobile_app,201.25,0
856,2024-10-16 06:36:49.732479024,apparel,web,11.96,0
856,2024-11-22 15:55:36.361982952,sports,mobile_app,12.23,0
856,2025-02-04 17:17:06.057963330,electronics,web,69.37,0
856,2025-02-25 11:28:11.893136535,beauty,mobile_app,26.71,0
856,2025-02-25 14:47:35.352847845,apparel,web,7.25,0
856,2025-04-28 22:39:58.816620945,sports,store,54.6,0
856,2025-08-23 19:39:31.633737417,home,web,19.69,0
856,2025-09-17 21:48:10.430971471,sports,store,54.47,0
856,2025-11-28 11:43:33.728065404,apparel,web,60.49,0
856,2026-02-26 18:45:03.502511039,apparel,mobile_app,10.42,0
856,2026-03-14 13:09:17.662131677,apparel,web,8.55,0
856,2026-05-10 11:38:03.126562579,electronics,mobile_app,21.16,0
856,2026-05-31 19:31:04.952821841,apparel,mobile_app,14.41,0
856,2026-06-16 18:07:42.231949646,electronics,mobile_app,34.73,0
856,2026-07-04 11:35:10.094468669,apparel,mobile_app,38.38,0
856,2026-07-13 16:52:08.102529552,apparel,store,6.33,0
857,2025-12-13 13:10:00.915081122,electronics,store,42.67,0
857,2025-12-31 20:26:30.706075583,sports,store,37.87,0
857,2026-02-20 03:58:21.841284781,sports,mobile_app,10.85,0
857,2026-03-31 01:39:12.860069856,apparel,store,52.66,0
857,2026-04-19 22:06:23.451111427,beauty,web,24.39,0
857,2026-05-20 13:51:57.948724872,apparel,web,75.22,0
857,2026-06-05 13:55:03.051869685,sports,web,30.17,0
857,2026-06-08 20:41:49.575930012,beauty,web,75.67,1
857,2026-06-21 07:06:11.751726272,grocery,web,27.65,0
857,2026-06-27 20:11:00.281401101,electronics,web,10.24,0
857,2026-07-15 02:58:07.681029560,electronics,web,22.11,0
859,2025-04-27 03:10:44.820283095,electronics,mobile_app,4.53,0
859,2025-05-10 06:07:12.453150686,home,store,42.04,0
859,2025-06-06 12:47:41.466636125,sports,mobile_app,202.38,0
859,2025-08-18 02:26:30.749108468,apparel,store,12.91,0
859,2025-09-28 06:57:20.195628780,grocery,web,77.79,0
859,2025-10-31 19:58:58.741468934,home,web,45.19,0
859,2025-11-28 15:34:45.934604712,beauty,mobile_app,23.51,0
859,2026-01-13 07:03:49.843282263,apparel,web,29.31,0
859,2026-03-13 08:14:12.337567561,electronics,mobile_app,134.12,0
859,2026-05-01 17:42:09.957385098,sports,store,12.99,0
859,2026-05-20 23:48:15.000998112,beauty,web,94.71,0
859,2026-06-09 16:21:13.506802126,home,web,89.77,0
859,2026-06-22 12:42:42.869362315,apparel,mobile_app,19.67,0
859,2026-06-27 16:31:01.609656716,electronics,web,7.18,0
860,2024-09-02 00:25:08.169444967,grocery,store,70.23,0
860,2024-10-26 09:55:33.868421020,apparel,mobile_app,52.92,0
860,2024-10-28 23:11:06.591406612,apparel,web,14.71,0
860,2025-02-06 09:49:13.016096377,grocery,store,21.72,0
860,2025-02-11 22:34:00.371551806,electronics,web,41.45,0
860,2025-02-15 10:11:47.630096751,sports,web,26.67,0
860,2025-06-11 11:19:57.074985688,sports,mobile_app,24.53,0
860,2025-06-13 20:22:59.954698177,sports,web,35.74,0
860,2025-09-17 02:46:02.487614080,grocery,mobile_app,40.19,0
860,2026-01-17 12:17:08.810628893,apparel,mobile_app,37.46,0
860,2026-01-20 18:30:14.507521362,apparel,store,25.8,0
860,2026-02-05 16:27:15.210346548,sports,web,47.31,0
860,2026-02-10 02:44:41.949214893,apparel,web,5.4,0
860,2026-04-08 13:03:55.239056396,sports,web,20.52,0
860,2026-04-18 11:34:22.253041782,electronics,web,29.62,0
860,2026-05-13 03:39:10.024167353,apparel,web,64.7,0
860,2026-06-08 06:13:17.557940301,electronics,web,41.68,0
860,2026-07-24 23:16:12.698386508,apparel,web,77.79,0
861,2025-03-13 20:33:48.611964189,apparel,store,67.4,0
861,2025-03-18 19:59:12.377519100,electronics,mobile_app,29.42,0
861,2025-05-06 18:25:19.973038777,beauty,web,22.57,0
861,2025-06-18 17:12:37.815467565,apparel,store,395.44,0
861,2025-10-16 13:18:43.957049539,electronics,web,15.31,0
861,2025-12-12 09:57:20.507048888,electronics,store,59.85,0
861,2026-03-10 21:42:38.328004547,grocery,web,40.46,0
861,2026-05-28 08:52:36.509957881,beauty,web,11.26,0
861,2026-06-28 16:09:18.939240801,grocery,store,6.02,0
862,2024-10-02 09:09:54.778268330,beauty,store,12.62,0
862,2024-10-30 04:58:42.596351804,apparel,mobile_app,38.79,0
862,2024-11-10 21:32:05.718825416,electronics,web,25.68,0
862,2025-01-03 02:01:08.652356256,beauty,web,26.86,1
862,2025-01-12 21:32:20.115337071,electronics,mobile_app,37.53,0
862,2025-03-04 00:48:50.843337722,beauty,web,31.79,0
862,2025-03-20 06:04:36.592241359,beauty,mobile_app,92.16,0
862,2025-04-11 01:16:12.537887662,beauty,web,20.87,0
862,2025-10-15 19:51:34.433200040,grocery,web,5.16,0
862,2025-10-29 18:49:40.018785310,electronics,web,18.46,1
862,2025-11-23 02:53:08.490860503,apparel,mobile_app,138.34,0
862,2026-02-25 16:38:15.419628327,sports,store,39.23,0
862,2026-02-26 18:07:31.329199448,grocery,mobile_app,14.34,0
862,2026-02-28 06:01:02.809896900,electronics,store,28.4,0
862,2026-03-21 05:38:40.016132264,home,mobile_app,35.65,0
862,2026-03-28 04:57:34.914992208,home,web,16.75,0
862,2026-06-09 16:07:21.841983774,apparel,mobile_app,15.03,0
862,2026-07-17 16:15:34.554076293,beauty,mobile_app,42.21,0
864,2025-06-04 22:18:03.574320518,home,web,22.19,0
864,2025-07-05 17:00:18.498902176,home,mobile_app,274.82,0
864,2025-08-11 07:36:26.448252653,apparel,mobile_app,39.73,0
864,2025-08-28 22:23:35.037384928,grocery,mobile_app,9.88,0
864,2025-09-06 16:06:52.288755696,electronics,store,3.57,0
864,2025-09-23 06:52:38.487676798,apparel,web,15.47,0
864,2026-01-10 16:38:59.816160249,grocery,web,8.93,0
864,2026-01-11 03:17:04.710593988,sports,web,8.04,0
864,2026-01-23 02:52:12.557952146,apparel,mobile_app,54.24,0
864,2026-02-25 14:09:49.087963446,beauty,mobile_app,20.2,0
865,2025-06-05 01:34:15.721319059,home,web,99.91,0
865,2025-11-24 06:25:16.616209475,grocery,web,116.8,0
865,2026-01-15 08:32:59.446541429,home,store,9.59,0
865,2026-04-08 17:34:33.582760225,apparel,mobile_app,20.26,0
865,2026-07-29 10:41:38.988243831,grocery,web,70.62,1
866,2025-02-09 20:53:38.912479671,sports,web,126.03,0
866,2025-03-13 03:42:00.451190558,grocery,store,83.59,0
866,2025-04-06 09:25:18.886035539,grocery,mobile_app,53.64,0
866,2025-06-02 08:29:51.317053613,grocery,store,108.8,0
866,2025-06-08 22:31:02.544976607,grocery,web,85.65,0
866,2025-06-28 19:57:20.840639861,electronics,store,24.12,0
866,2025-09-01 03:35:46.758547179,beauty,web,25.82,0
866,2025-09-06 09:47:00.562425614,home,web,32.09,1
866,2025-09-26 00:12:46.255501887,sports,mobile_app,38.7,0
866,2025-10-15 11:52:10.280143690,grocery,store,37.94,0
866,2026-03-16 17:35:38.043658715,electronics,mobile_app,7.41,0
866,2026-06-22 08:10:22.595915082,apparel,web,5.08,0
866,2026-07-01 11:52:10.465359811,sports,web,10.13,1
867,2025-03-10 05:35:03.162509621,apparel,mobile_app,31.07,0
867,2025-03-12 16:36:21.418449515,home,web,110.44,0
867,2025-05-05 09:37:40.619842326,beauty,web,24.55,0
867,2025-07-26 03:30:11.797675373,sports,web,67.18,1
867,2025-10-16 23:28:33.331683792,grocery,mobile_app,29.91,0
867,2026-01-12 06:26:26.783869756,home,web,15.33,0
867,2026-03-09 11:01:27.053874446,beauty,web,42.82,0
867,2026-05-14 01:10:34.254720616,sports,mobile_app,85.23,0
867,2026-05-14 11:53:08.334513361,electronics,web,47.76,0
868,2024-12-14 08:56:39.526714401,sports,web,7.81,0
868,2025-01-07 20:42:21.062761370,beauty,mobile_app,24.94,0
868,2025-02-01 18:20:28.315972096,beauty,store,79.58,0
868,2025-02-14 02:28:11.513542446,beauty,web,57.6,0
868,2025-02-16 18:32:06.035762458,home,store,3.0,0
868,2025-05-16 00:27:36.176926217,electronics,mobile_app,25.66,0
868,2025-08-09 04:33:30.467067233,home,mobile_app,17.12,0
868,2025-08-14 14:38:32.612697756,beauty,mobile_app,14.67,0
868,2025-09-06 09:38:36.525524998,sports,web,29.81,0
868,2025-09-22 15:18:58.333147074,apparel,mobile_app,34.9,0
868,2025-12-08 21:21:19.806259680,sports,web,141.92,0
868,2026-03-23 23:00:58.990045511,grocery,web,90.22,0
868,2026-03-24 06:50:53.035635331,sports,web,14.82,0
868,2026-04-03 15:37:30.220880618,beauty,mobile_app,6.46,0
868,2026-05-15 01:46:00.413352331,home,store,37.97,0
868,2026-06-08 11:46:59.806253787,grocery,web,65.74,0
868,2026-07-28 16:09:06.656724784,beauty,store,44.35,0
869,2026-02-06 01:52:36.832301340,home,web,13.39,0
869,2026-04-02 08:53:16.482560635,beauty,web,15.87,0
869,2026-06-13 04:52:32.506174716,electronics,web,14.33,0
869,2026-07-16 18:31:48.971193315,electronics,mobile_app,43.27,0
869,2026-07-27 00:02:33.289291122,beauty,mobile_app,118.97,0
871,2026-04-03 10:16:22.161074880,home,web,15.37,0
871,2026-04-24 08:31:00.713207211,home,store,140.22,0
871,2026-05-03 22:18:45.112222014,sports,store,30.75,0
871,2026-05-08 07:25:03.735419814,electronics,mobile_app,28.76,0
871,2026-05-24 03:04:23.052530036,home,store,9.01,0
871,2026-06-18 01:20:49.883083991,electronics,web,97.36,0
872,2026-07-28 15:12:38.984034920,grocery,mobile_app,14.29,0
873,2026-06-18 11:10:01.227455314,electronics,web,13.77,0
873,2026-07-17 18:38:32.191311074,beauty,store,27.45,0
873,2026-07-24 03:41:12.294019899,beauty,store,9.96,0
874,2026-04-20 16:51:41.756081055,electronics,mobile_app,17.96,0
874,2026-05-07 10:24:23.126624675,apparel,web,15.04,0
874,2026-06-01 07:15:43.197542790,beauty,web,22.47,0
874,2026-06-29 22:49:27.194176359,sports,mobile_app,10.24,0
875,2025-07-17 16:27:40.040182089,grocery,web,5.17,0
875,2025-08-01 02:39:43.187876615,electronics,web,79.06,0
875,2025-08-19 06:17:53.948523195,beauty,mobile_app,101.62,0
875,2025-08-26 13:38:22.926612501,electronics,web,48.7,0
875,2025-10-10 16:13:56.786685333,sports,mobile_app,153.09,0
875,2025-11-13 06:00:24.864767183,beauty,web,56.12,0
875,2026-01-23 08:19:52.744718085,home,mobile_app,72.23,1
875,2026-01-28 17:40:16.949970550,apparel,store,12.13,0
875,2026-02-05 15:28:36.065379666,electronics,web,68.42,0
875,2026-03-24 12:01:55.873663329,home,store,16.33,1
875,2026-04-08 00:44:55.035229226,grocery,web,19.01,0
875,2026-07-04 06:08:39.653410468,electronics,store,4.02,0
876,2025-08-03 12:09:55.465357911,beauty,mobile_app,19.56,0
876,2025-08-18 04:55:46.964735349,beauty,mobile_app,22.06,0
876,2025-09-15 22:48:53.607276317,grocery,store,35.55,0
876,2026-01-13 01:30:29.656446547,apparel,web,41.96,0
876,2026-01-16 08:09:39.508145157,sports,web,10.74,0
876,2026-01-23 21:12:27.682294041,home,web,7.45,0
876,2026-02-03 13:55:17.409024956,sports,mobile_app,43.53,0
876,2026-02-10 04:25:21.997981765,grocery,store,42.68,0
876,2026-05-19 15:45:54.679689594,sports,mobile_app,33.82,0
876,2026-06-02 12:54:02.411566051,sports,store,57.78,0
877,2025-07-06 11:33:58.558224456,sports,web,20.01,0
877,2025-09-06 07:59:10.076096884,apparel,web,23.67,0
877,2025-10-28 04:04:43.143769157,grocery,web,25.26,0
877,2025-11-13 18:02:15.905530960,home,mobile_app,19.85,0
877,2025-12-01 01:26:51.631077308,home,web,18.53,0
877,2026-01-24 10:06:34.644128697,apparel,web,44.34,0
877,2026-05-12 19:31:02.612117165,beauty,store,32.2,0
877,2026-05-13 13:15:42.433551654,apparel,web,81.9,0
877,2026-05-27 07:50:07.836628765,apparel,web,44.13,0
877,2026-06-06 14:33:33.840401634,beauty,web,37.09,0
877,2026-06-08 19:43:10.476603342,beauty,web,37.64,0
878,2025-07-26 03:47:13.521734466,grocery,store,40.95,0
878,2025-08-03 19:38:00.276341350,apparel,mobile_app,20.53,0
878,2025-11-15 04:55:51.072428603,home,mobile_app,18.66,0
878,2025-11-26 21:36:07.836731718,electronics,mobile_app,80.0,0
878,2025-12-30 21:18:56.343655772,apparel,mobile_app,170.17,0
878,2026-01-18 19:37:56.315711134,electronics,store,43.16,0
878,2026-02-18 01:27:43.755206317,beauty,web,9.97,0
878,2026-03-30 12:33:14.353286196,home,web,45.04,0
878,2026-04-05 23:38:55.159164094,home,store,13.21,0
878,2026-04-10 20:29:35.556396110,home,mobile_app,17.5,0
878,2026-04-15 01:57:38.291475739,grocery,mobile_app,52.23,0
878,2026-05-08 00:29:42.443289534,sports,web,15.9,0
878,2026-05-15 00:00:13.822423684,electronics,web,166.04,0
878,2026-05-31 21:12:18.261512560,apparel,mobile_app,12.79,0
879,2025-07-25 18:07:31.176569139,electronics,mobile_app,34.36,0
879,2026-01-05 19:49:04.967112677,grocery,store,44.91,0
879,2026-02-15 23:09:28.220116554,grocery,web,25.87,1
879,2026-05-12 14:06:39.582297467,apparel,mobile_app,33.19,0
880,2025-04-30 22:30:37.762067765,beauty,web,15.11,1
880,2025-05-02 22:50:07.902658107,beauty,mobile_app,130.88,0
880,2025-09-25 21:17:06.628578836,electronics,mobile_app,32.06,0
880,2025-11-03 23:18:42.034733047,electronics,web,29.35,0
880,2025-11-09 11:20:58.860410891,sports,mobile_app,95.02,0
880,2025-12-09 11:10:22.296194735,home,web,69.41,0
880,2025-12-21 04:47:45.418155248,grocery,mobile_app,39.46,0
880,2026-04-12 22:28:24.063098042,home,mobile_app,13.08,0
880,2026-05-11 17:52:28.055782578,beauty,mobile_app,19.62,0
880,2026-05-12 14:05:00.103271203,grocery,mobile_app,9.46,1
880,2026-07-15 10:24:07.028404514,grocery,store,15.4,0
882,2024-12-30 10:55:09.370789568,beauty,web,9.05,0
882,2025-01-22 01:15:44.434351429,apparel,mobile_app,29.62,0
882,2025-02-22 17:01:48.700625434,grocery,mobile_app,45.86,0
882,2025-07-07 22:31:08.695666445,sports,web,74.26,0
882,2025-08-16 15:53:31.921804845,apparel,web,11.02,0
882,2025-11-09 21:39:36.689594663,apparel,mobile_app,40.0,0
882,2026-04-14 07:18:29.872253402,home,mobile_app,63.93,0
882,2026-05-23 19:07:11.489660285,sports,store,51.8,0
882,2026-06-06 18:47:49.213987250,home,web,20.72,0
882,2026-06-14 19:41:06.774379852,sports,store,15.2,0
883,2025-08-21 02:15:48.309190016,apparel,mobile_app,52.26,0
883,2025-09-10 03:13:56.963862129,apparel,mobile_app,43.93,0
883,2025-10-09 18:35:47.086279849,grocery,web,67.7,0
883,2025-11-06 19:01:15.399888419,sports,web,32.21,0
883,2026-02-16 16:03:46.288553899,home,web,11.66,0
883,2026-02-20 03:37:48.853434957,grocery,mobile_app,56.69,0
883,2026-04-11 02:41:27.250056301,electronics,web,59.41,0
883,2026-04-12 02:59:18.090435564,electronics,store,45.4,0
883,2026-05-18 19:52:08.481741347,home,mobile_app,53.91,0
884,2026-03-11 12:09:10.713275854,home,web,143.55,0
884,2026-05-23 10:29:03.145355241,sports,mobile_app,31.65,0
884,2026-05-29 17:00:03.431930340,sports,store,47.53,0
885,2025-07-09 21:47:26.096275130,electronics,mobile_app,34.28,0
885,2025-08-25 05:17:46.225726740,sports,store,10.44,0
885,2025-09-23 15:24:49.123059158,electronics,web,20.2,0
885,2025-10-23 01:09:12.991663728,grocery,web,21.69,0
885,2025-11-27 13:36:45.886912114,electronics,mobile_app,16.73,0
885,2026-01-04 18:44:16.862521365,electronics,store,15.08,0
885,2026-04-23 15:11:05.175519574,apparel,web,14.11,0
885,2026-04-25 05:25:01.206374209,beauty,web,25.58,0
885,2026-05-15 03:08:45.374279384,beauty,web,5.24,0
886,2025-08-09 19:49:10.231744682,sports,mobile_app,95.7,0
886,2025-09-23 02:46:07.952315705,sports,mobile_app,31.56,0
886,2025-11-27 07:20:37.663062337,electronics,mobile_app,186.74,0
886,2025-12-05 01:02:46.537646960,grocery,mobile_app,7.97,0
886,2025-12-23 14:18:14.603326183,grocery,store,47.79,0
886,2026-04-05 23:22:35.063509728,beauty,web,29.64,0
886,2026-04-22 02:15:48.050389288,electronics,web,247.49,0
886,2026-07-19 20:54:29.439425425,electronics,web,25.99,0
887,2026-06-18 19:41:01.340802073,sports,mobile_app,27.89,0
888,2026-05-28 21:06:59.970254017,apparel,web,22.24,0
888,2026-06-06 06:22:46.735798766,beauty,web,11.18,0
888,2026-06-17 20:42:57.707081329,beauty,web,19.92,0
890,2026-04-25 23:04:15.447961068,grocery,store,164.13,0
890,2026-06-11 06:50:33.780687343,electronics,web,41.82,1
891,2026-06-04 08:27:27.135008525,apparel,web,54.8,1
891,2026-07-31 11:33:58.608542685,sports,mobile_app,49.6,0
892,2025-10-30 08:06:04.102851356,sports,web,7.1,0
892,2025-12-18 23:53:15.165780977,sports,mobile_app,55.21,0
892,2025-12-25 10:28:09.049868536,beauty,mobile_app,40.03,0
892,2026-01-28 04:40:52.932594559,electronics,mobile_app,59.1,0
892,2026-02-06 11:05:20.523393131,electronics,web,35.25,0
892,2026-02-15 02:58:11.984716255,home,mobile_app,41.31,0
892,2026-07-07 01:04:56.693149557,sports,mobile_app,28.22,0
892,2026-07-20 01:25:44.422536450,beauty,web,90.71,0
893,2025-11-15 04:18:39.530030403,apparel,store,14.64,0
893,2025-12-23 00:54:45.548609429,grocery,store,5.05,0
893,2026-01-06 09:51:21.963173573,beauty,store,5.06,0
893,2026-05-10 12:05:55.429402687,home,mobile_app,14.02,0
893,2026-05-13 13:15:24.737394900,home,store,62.63,0
894,2024-07-19 12:32:16.963310000,sports,mobile_app,54.61,0
894,2024-07-25 17:41:03.121695984,home,mobile_app,21.38,0
894,2024-09-21 11:02:22.363642640,beauty,web,90.27,0
894,2024-11-06 23:08:12.003120658,apparel,store,61.89,0
894,2024-11-14 15:31:47.936153309,sports,mobile_app,13.67,0
894,2025-01-03 10:16:30.736946900,sports,mobile_app,87.86,0
894,2025-05-01 06:22:22.089337626,home,mobile_app,50.67,0
894,2025-06-24 10:20:16.519741383,sports,store,117.04,0
894,2025-06-27 11:15:26.625800762,grocery,store,73.21,0
894,2025-08-06 06:36:59.846470679,grocery,mobile_app,23.18,0
894,2025-08-26 10:44:05.195844367,sports,web,14.85,0
894,2025-10-16 22:59:58.227784754,grocery,mobile_app,57.27,0
894,2025-10-17 17:34:26.418278473,beauty,mobile_app,41.68,0
894,2025-11-09 08:28:18.265793054,electronics,web,20.49,0
894,2025-11-09 21:10:34.754645424,beauty,mobile_app,13.78,0
894,2026-03-29 18:22:25.053441465,grocery,web,26.67,0
894,2026-04-08 12:25:00.376795687,home,mobile_app,213.6,0
894,2026-04-28 04:38:11.656826826,beauty,mobile_app,82.0,0
894,2026-06-13 02:57:33.664436995,apparel,mobile_app,208.07,0
895,2025-10-07 20:18:53.994971932,sports,web,100.05,0
895,2025-11-22 22:58:20.161914367,home,mobile_app,22.44,0
895,2025-12-14 15:53:09.412870632,home,store,7.69,0
895,2025-12-23 03:07:21.645578479,beauty,mobile_app,26.43,0
895,2025-12-24 16:50:04.696849940,apparel,web,59.93,0
895,2025-12-30 23:00:15.600439078,electronics,store,67.13,0
895,2026-03-04 07:58:03.389363228,beauty,web,6.57,0
895,2026-03-09 09:39:36.230316921,home,store,30.17,0
895,2026-03-29 10:23:27.352697390,electronics,store,138.25,0
895,2026-05-07 07:18:01.387436458,beauty,mobile_app,24.48,0
895,2026-06-04 19:17:17.664200158,beauty,mobile_app,62.19,0
895,2026-07-02 02:58:02.215193641,sports,mobile_app,47.32,0
895,2026-07-28 00:41:16.384219236,sports,mobile_app,37.75,0
896,2025-11-25 08:26:42.541636935,apparel,mobile_app,119.92,0
896,2026-01-14 20:34:33.554374992,beauty,store,28.07,0
896,2026-01-27 05:59:22.818698719,electronics,web,22.69,0
896,2026-02-27 00:10:23.853031309,home,web,3.0,0
896,2026-04-22 19:34:55.908193881,grocery,store,36.78,0
896,2026-05-05 16:05:41.519547295,apparel,mobile_app,41.47,0
896,2026-05-30 16:31:24.742981653,sports,web,11.01,0
896,2026-05-31 19:44:04.826884658,apparel,mobile_app,153.52,0
896,2026-07-06 23:14:43.831492757,sports,store,69.75,0
896,2026-07-26 18:35:46.976201748,electronics,mobile_app,13.84,0
897,2026-03-07 05:46:13.354475817,grocery,web,30.4,0
897,2026-03-27 23:09:12.980105848,grocery,store,22.92,0
897,2026-06-25 10:11:48.405327006,apparel,mobile_app,19.85,0
898,2026-06-12 11:01:40.876258628,electronics,web,9.13,0
899,2026-06-17 21:32:21.650626683,sports,store,6.55,0
900,2025-12-26 10:11:16.704111959,electronics,mobile_app,27.03,0
900,2026-03-27 02:00:16.409958936,apparel,store,22.53,0
900,2026-04-02 21:05:46.223796164,sports,mobile_app,38.52,0
900,2026-04-11 10:01:33.975311509,home,web,63.98,0
900,2026-04-28 07:26:55.212192128,beauty,mobile_app,32.96,1
900,2026-07-01 17:21:31.611345685,sports,mobile_app,27.96,0
900,2026-07-08 05:41:42.412076112,sports,mobile_app,9.66,0
900,2026-07-16 08:03:03.273435205,sports,mobile_app,70.82,0
903,2026-03-26 10:17:12.138581133,sports,web,20.56,0
903,2026-03-27 18:39:45.550293207,apparel,web,16.73,0
903,2026-05-04 10:28:24.644561100,apparel,web,13.34,0
903,2026-06-14 06:56:50.072145902,sports,web,98.5,1
903,2026-06-24 00:17:56.303062489,beauty,mobile_app,118.68,0
903,2026-07-28 08:00:07.546118472,grocery,web,46.58,0
904,2024-11-08 20:32:10.308657288,grocery,store,44.9,0
904,2025-04-13 07:18:45.940239404,home,mobile_app,35.49,0
904,2025-05-26 21:55:30.441324058,beauty,mobile_app,37.26,0
904,2025-06-24 04:09:12.159710577,apparel,store,31.29,0
904,2025-07-16 04:25:05.502506708,beauty,mobile_app,162.41,0
904,2025-08-28 10:23:55.049941951,home,mobile_app,12.59,0
904,2025-09-22 17:34:42.231623578,electronics,mobile_app,9.84,0
904,2025-11-03 17:41:53.039641264,sports,web,5.62,0
904,2026-03-11 12:37:39.354597184,apparel,mobile_app,57.36,0
904,2026-04-28 12:08:09.366982115,electronics,store,89.16,0
904,2026-07-09 09:53:10.327402450,beauty,web,22.93,1
905,2026-04-15 00:54:24.421639968,beauty,web,14.71,0
905,2026-04-25 13:54:54.487598645,sports,web,26.94,0
905,2026-04-28 21:39:43.145326449,beauty,mobile_app,69.02,0
905,2026-05-12 04:24:37.787389883,beauty,web,28.65,0
905,2026-05-29 22:16:31.398230416,grocery,store,23.71,0
906,2025-09-11 13:22:18.664096884,beauty,web,84.4,0
906,2025-10-26 12:57:11.350261769,sports,web,11.58,0
906,2025-12-09 08:01:54.831367811,grocery,web,21.41,0
906,2025-12-28 17:49:07.744143481,home,mobile_app,8.08,0
906,2026-01-08 18:08:29.385596236,grocery,store,33.62,0
906,2026-01-13 04:01:40.732956432,grocery,mobile_app,62.46,0
906,2026-02-11 05:16:11.999902780,grocery,web,29.63,0
906,2026-04-04 17:35:56.458286757,grocery,web,85.86,1
906,2026-04-17 18:52:29.042884834,beauty,mobile_app,123.93,0
906,2026-05-04 18:06:13.319034028,electronics,web,12.64,0
906,2026-05-21 18:32:41.943575415,grocery,web,24.56,0
907,2026-02-09 04:08:58.961418643,apparel,store,70.93,0
907,2026-02-22 06:23:53.111091146,beauty,store,17.87,0
907,2026-04-01 04:22:34.141568270,beauty,web,112.48,0
907,2026-04-16 11:21:55.546994129,apparel,web,19.7,1
908,2026-06-17 15:24:29.381511036,grocery,store,22.86,0
909,2025-12-06 03:03:25.218757561,beauty,web,32.95,0
909,2025-12-24 18:56:25.608095811,beauty,store,9.27,0
909,2026-02-02 18:41:50.517647765,grocery,web,47.65,0
909,2026-02-02 20:07:44.849780530,apparel,store,169.73,0
909,2026-03-11 20:56:05.277614692,sports,store,23.99,0
909,2026-03-25 09:54:58.780164586,apparel,mobile_app,24.8,0
909,2026-03-28 21:17:12.033801517,apparel,web,74.44,0
909,2026-04-10 01:46:27.155548969,beauty,web,11.73,0
909,2026-04-19 09:37:29.104687961,grocery,web,50.24,0
909,2026-07-25 02:33:56.843613666,electronics,web,11.14,0
910,2026-07-08 17:52:18.644391066,grocery,web,63.08,0
911,2025-04-24 16:28:43.975760569,home,web,13.41,0
911,2025-05-17 15:34:05.852401450,beauty,web,10.92,0
911,2025-06-13 23:17:55.285833175,home,web,29.56,0
911,2025-08-10 20:26:23.034456338,apparel,mobile_app,101.37,0
911,2026-02-17 02:27:37.549153694,electronics,web,41.78,0
911,2026-05-27 05:44:45.332867023,grocery,web,13.08,0
911,2026-05-29 02:05:11.886636095,grocery,store,30.31,0
911,2026-06-22 03:27:38.020041214,home,store,36.8,0
911,2026-07-15 09:42:09.598205561,grocery,store,8.22,0
912,2026-05-08 17:31:33.819067131,grocery,web,16.53,0
912,2026-05-27 06:04:01.837705530,electronics,web,45.71,0
913,2026-02-05 04:12:00.033241346,grocery,web,16.97,0
913,2026-02-07 08:52:15.804596816,grocery,web,35.64,0
913,2026-02-23 20:47:09.204467243,grocery,mobile_app,18.54,0
913,2026-04-03 04:14:33.791918223,sports,mobile_app,15.55,0
913,2026-04-12 02:32:37.267511793,apparel,web,55.47,0
913,2026-05-01 05:32:25.347899527,apparel,mobile_app,40.35,0
913,2026-05-13 17:16:45.390554674,grocery,mobile_app,20.68,1
913,2026-06-11 09:03:13.877234079,home,mobile_app,53.28,0
913,2026-07-04 05:42:27.877700466,home,web,13.95,0
914,2024-05-25 17:46:59.554164041,sports,mobile_app,10.18,0
914,2024-07-20 11:46:45.626079672,beauty,mobile_app,51.9,1
914,2024-09-05 02:14:11.964342103,electronics,web,7.71,0
914,2025-01-05 15:39:12.569013179,electronics,web,128.94,0
914,2025-01-09 09:52:50.162047096,beauty,store,60.67,0
914,2025-03-06 19:02:26.446513431,home,web,38.63,0
914,2025-03-07 10:57:30.888362034,electronics,web,46.29,0
914,2025-07-06 08:59:51.629703389,grocery,mobile_app,56.03,0
914,2025-07-18 14:30:45.204366431,grocery,web,97.9,0
914,2025-07-21 12:05:46.579517293,apparel,store,38.74,0
914,2025-07-31 18:01:25.515348802,sports,web,12.74,0
914,2025-10-02 05:10:12.349301621,beauty,mobile_app,71.26,0
914,2026-03-31 06:39:05.482499426,grocery,web,29.4,0
914,2026-05-04 01:24:03.404373846,grocery,web,44.55,0
914,2026-06-23 08:43:17.588289254,home,mobile_app,29.99,0
915,2025-08-10 07:19:50.333821286,grocery,web,10.99,0
915,2025-09-12 05:40:50.135504929,apparel,mobile_app,67.43,0
915,2025-09-12 20:35:51.244535210,beauty,store,90.43,0
915,2025-09-14 12:51:01.981420699,beauty,mobile_app,13.28,0
915,2025-10-06 00:44:59.627610065,apparel,mobile_app,32.78,0
915,2025-11-18 23:16:26.584292367,beauty,mobile_app,31.91,0
915,2025-12-13 05:08:11.795348141,apparel,mobile_app,4.98,0
915,2026-02-08 06:24:29.492942377,apparel,web,20.22,0
915,2026-03-02 20:30:21.483640086,beauty,store,16.21,0
915,2026-03-27 01:23:40.238861626,grocery,mobile_app,3.55,0
915,2026-07-28 01:30:02.224484183,electronics,web,10.2,0
916,2026-01-25 07:49:16.326854256,apparel,mobile_app,10.65,0
916,2026-05-15 06:19:24.049721090,electronics,web,3.0,0
916,2026-05-18 22:04:13.535154394,home,web,18.77,0
917,2025-09-17 07:20:43.447003417,electronics,web,44.85,0
917,2025-10-01 00:23:13.587116859,grocery,mobile_app,23.12,0
917,2025-10-26 05:33:47.413506817,sports,web,17.28,0
917,2026-02-16 01:00:41.142725335,beauty,web,46.98,0
917,2026-02-23 10:11:27.748555858,home,web,14.35,0
917,2026-03-05 04:04:27.069171914,home,web,61.81,0
917,2026-03-10 15:27:07.062174951,sports,store,36.28,0
917,2026-03-12 04:04:17.862817720,beauty,mobile_app,14.72,0
917,2026-07-05 01:20:33.832613464,electronics,web,34.35,0
917,2026-07-07 18:23:11.932996609,sports,mobile_app,13.52,0
918,2025-12-29 23:52:10.875193813,grocery,web,103.4,0
918,2026-01-02 18:15:13.318013040,home,mobile_app,25.11,0
918,2026-01-02 22:53:24.833477231,electronics,web,137.8,0
918,2026-01-09 07:45:39.993375546,home,mobile_app,43.27,0
918,2026-01-16 09:09:29.653721309,home,mobile_app,3.0,0
918,2026-01-21 20:36:38.962515981,grocery,web,22.32,0
918,2026-01-24 05:46:52.317265887,grocery,mobile_app,38.08,0
918,2026-04-20 00:51:02.286245506,apparel,mobile_app,137.73,0
918,2026-05-24 10:25:15.644379072,apparel,mobile_app,120.47,0
918,2026-05-30 09:30:55.119227740,beauty,mobile_app,78.34,0
918,2026-06-04 00:25:53.990898710,beauty,store,24.88,0
918,2026-06-16 02:23:17.840349744,sports,web,54.59,0
918,2026-07-11 03:45:33.716861626,grocery,store,38.84,0
919,2026-01-22 12:49:13.314590985,electronics,mobile_app,192.22,0
920,2025-10-26 15:30:47.601343135,apparel,store,57.63,0
920,2025-12-11 13:57:33.781764477,grocery,store,24.32,0
920,2025-12-25 22:42:05.970121301,grocery,mobile_app,21.87,0
920,2026-02-11 00:06:57.397333773,apparel,web,121.44,0
920,2026-02-14 22:13:52.476916907,grocery,mobile_app,79.28,0
920,2026-02-15 00:25:00.636958823,beauty,web,50.25,0
920,2026-03-21 18:13:14.636473194,electronics,store,92.21,0
920,2026-03-26 07:13:41.881597600,grocery,mobile_app,57.24,0
920,2026-03-30 07:12:51.674043459,beauty,mobile_app,34.26,0
920,2026-04-01 18:00:21.469952950,sports,mobile_app,45.72,0
920,2026-04-14 19:45:08.204316184,home,store,23.71,0
920,2026-05-03 19:35:45.876093585,apparel,mobile_app,103.94,0
920,2026-05-26 15:19:22.268629794,home,mobile_app,115.63,0
920,2026-06-03 12:29:17.914179354,grocery,store,52.87,0
921,2025-05-11 03:09:07.520382922,apparel,web,6.93,0
921,2025-07-14 12:24:42.933074772,apparel,mobile_app,26.12,0
921,2025-07-23 22:57:54.421001557,beauty,mobile_app,11.84,0
921,2025-08-26 23:11:00.635890486,home,mobile_app,19.96,0
921,2025-12-21 07:54:25.005726703,sports,web,26.98,0
921,2026-01-25 11:13:49.613760169,grocery,mobile_app,36.71,0
921,2026-03-13 03:01:27.371542331,sports,web,17.32,0
921,2026-03-20 15:26:04.239360759,home,web,27.14,0
921,2026-05-17 18:49:58.785824030,electronics,mobile_app,8.77,0
921,2026-05-26 12:41:24.087465840,home,mobile_app,26.44,0
922,2026-01-23 23:08:54.143593345,sports,mobile_app,57.2,0
922,2026-04-01 13:45:48.783689522,electronics,mobile_app,60.95,0
922,2026-04-21 04:20:38.628367184,home,web,9.51,0
922,2026-04-26 05:50:38.610505557,electronics,web,76.32,0
922,2026-07-23 02:51:52.370618213,electronics,mobile_app,168.74,0
923,2025-10-26 22:23:31.962625731,beauty,web,19.63,0
923,2025-11-26 01:44:55.921929464,electronics,store,32.27,0
923,2026-03-15 13:28:31.200606786,apparel,web,90.1,0
923,2026-04-29 20:12:55.680233418,electronics,web,3.24,0
923,2026-05-28 23:02:31.295616216,home,web,173.35,0
924,2026-04-02 07:09:26.491284942,grocery,web,47.26,0
924,2026-06-12 07:03:28.113485349,home,web,47.23,0
924,2026-06-21 22:11:26.470900721,electronics,mobile_app,30.98,0
925,2026-03-08 07:44:09.369706344,electronics,mobile_app,169.24,1
926,2025-03-14 18:54:24.007355234,grocery,store,37.21,0
926,2025-04-17 18:10:56.872854912,home,store,24.66,0
926,2025-06-28 21:40:04.635185734,sports,mobile_app,64.8,0
926,2025-10-03 21:14:17.160866071,sports,mobile_app,24.05,0
926,2025-11-28 06:55:26.576484857,apparel,web,82.33,0
926,2025-12-13 19:05:42.366403323,sports,store,22.94,0
926,2026-04-06 01:01:39.007442954,grocery,web,24.77,0
926,2026-05-22 04:17:15.562775565,home,web,24.52,0
926,2026-06-07 05:51:25.081016507,sports,mobile_app,26.65,0
926,2026-07-01 11:47:17.482075636,electronics,mobile_app,33.06,0
926,2026-07-15 03:27:54.568367496,apparel,store,27.96,0
927,2025-04-21 01:52:14.713315159,grocery,store,76.98,0
927,2025-06-05 21:29:37.108849465,beauty,web,58.32,0
927,2025-06-19 17:08:03.079663573,sports,web,27.72,0
927,2025-10-31 14:39:12.023341422,sports,mobile_app,17.82,1
927,2025-11-02 23:44:15.208595685,beauty,mobile_app,43.16,0
927,2025-12-04 12:20:46.808470030,sports,mobile_app,19.65,0
927,2025-12-05 17:25:53.760460524,electronics,web,11.6,0
927,2026-01-08 13:42:12.852860421,beauty,mobile_app,20.11,0
927,2026-03-10 01:35:44.197174634,apparel,store,47.38,0
927,2026-03-15 06:00:14.698512746,grocery,mobile_app,125.68,0
927,2026-03-18 18:07:36.627325968,grocery,store,12.67,0
927,2026-04-08 20:48:10.426152361,electronics,mobile_app,9.64,0
927,2026-05-31 05:55:05.481611593,grocery,web,56.26,0
927,2026-07-16 22:21:34.084758658,grocery,store,17.01,0
928,2026-01-17 01:54:29.166587943,grocery,mobile_app,64.3,0
928,2026-02-08 05:58:52.664024854,sports,mobile_app,13.98,0
928,2026-03-09 21:32:12.996996142,electronics,web,22.71,0
928,2026-05-03 05:42:21.113597359,sports,mobile_app,85.64,0
928,2026-05-07 07:28:57.430883373,beauty,mobile_app,16.36,0
928,2026-05-15 18:51:00.713974188,beauty,web,23.03,0
928,2026-05-26 14:09:37.328885214,grocery,web,4.78,0
928,2026-06-22 07:18:56.421692488,sports,web,8.62,0
928,2026-06-30 05:03:32.966388481,sports,mobile_app,8.73,0
929,2026-05-18 15:21:24.089329409,electronics,mobile_app,55.03,0
929,2026-06-15 18:08:09.701694462,electronics,store,13.75,0
929,2026-07-15 18:00:33.055830631,sports,web,3.0,0
930,2025-04-05 08:07:03.064640673,beauty,web,29.41,0
930,2025-04-06 05:08:57.075259972,sports,web,24.09,0
930,2025-05-25 10:14:08.236242917,sports,mobile_app,33.4,0
930,2025-06-15 11:41:16.920627179,home,web,13.29,0
930,2025-06-24 04:06:43.765868244,home,store,68.78,0
930,2025-09-16 20:05:30.657311339,grocery,web,60.38,0
930,2025-11-17 13:11:56.416426400,sports,store,43.26,0
930,2026-01-03 20:36:40.469794177,home,web,52.14,0
930,2026-01-19 04:06:13.645614583,sports,mobile_app,37.41,0
930,2026-02-07 07:08:21.087003403,electronics,mobile_app,19.94,0
930,2026-04-18 12:43:01.275796474,home,mobile_app,96.17,0
930,2026-06-15 18:02:26.323222192,beauty,web,28.58,0
931,2025-09-12 23:53:39.740242068,apparel,web,8.96,0
931,2025-09-18 16:12:21.710453233,apparel,mobile_app,28.77,0
931,2025-09-28 18:06:21.064650449,beauty,store,6.85,0
931,2025-09-29 15:45:14.921194136,home,mobile_app,7.64,1
931,2025-11-26 16:39:12.224676765,home,store,16.39,1
931,2026-01-05 23:53:06.606775179,electronics,store,83.07,0
931,2026-01-27 23:15:43.918721589,electronics,store,136.62,0
931,2026-05-19 05:09:34.826767385,beauty,web,40.32,0
931,2026-05-24 08:15:01.233473521,grocery,mobile_app,24.64,0
931,2026-06-29 18:27:14.572451880,sports,store,22.98,0
931,2026-07-10 00:23:51.218315728,sports,web,32.36,0
931,2026-07-28 18:05:18.601568843,apparel,web,28.36,0
932,2026-02-02 10:01:37.351653396,grocery,web,120.32,0
932,2026-03-04 00:03:01.829197587,electronics,web,48.52,0
932,2026-04-10 20:45:58.029296942,beauty,web,50.3,0
932,2026-04-25 01:05:10.123468242,grocery,web,74.79,0
932,2026-07-04 10:34:20.781647136,apparel,mobile_app,37.94,0
933,2026-05-05 08:37:16.576397533,apparel,mobile_app,39.11,0
933,2026-05-05 23:02:51.750957480,beauty,web,35.01,0
933,2026-05-28 08:27:05.317733883,sports,web,19.95,0
933,2026-05-30 14:06:30.460506694,apparel,mobile_app,50.67,0
933,2026-07-19 03:32:20.759598033,sports,store,35.03,0
933,2026-07-20 07:18:16.573268696,home,store,28.29,0
933,2026-07-31 16:17:09.194813952,grocery,store,63.54,0
934,2025-06-16 05:47:47.728261133,grocery,web,24.54,0
934,2025-08-04 11:15:45.868908641,beauty,store,34.91,0
934,2025-08-22 20:04:43.262420993,sports,mobile_app,59.01,0
934,2025-11-08 04:01:18.765235491,electronics,mobile_app,3.91,0
934,2025-11-17 06:01:17.914204872,grocery,web,43.95,0
934,2025-11-19 19:25:25.724596536,sports,mobile_app,76.24,0
934,2026-01-21 04:40:57.501122267,home,mobile_app,47.62,0
934,2026-04-02 04:45:34.308880952,grocery,store,12.52,0
934,2026-06-03 10:23:07.622865505,apparel,web,82.94,0
935,2026-02-03 22:36:25.327098035,beauty,web,53.81,0
935,2026-02-04 09:25:48.387189378,home,mobile_app,24.45,0
935,2026-02-16 14:45:07.293746656,apparel,mobile_app,23.66,0
935,2026-07-23 19:44:32.182632917,grocery,web,12.52,0
936,2024-09-22 17:02:27.308527841,sports,store,40.72,1
936,2024-12-11 00:36:34.001832828,apparel,mobile_app,69.43,0
936,2025-01-03 07:24:34.562315829,apparel,mobile_app,8.67,0
936,2025-01-18 17:40:01.452456783,beauty,store,123.42,0
936,2025-01-28 12:10:37.804000878,grocery,mobile_app,26.09,0
936,2025-04-04 03:19:23.795276132,beauty,web,31.37,0
936,2025-04-11 11:44:49.273660732,electronics,mobile_app,77.89,0
936,2025-08-17 03:09:54.841356228,grocery,web,34.68,0
936,2025-08-20 22:31:31.353584342,grocery,store,54.29,0
936,2025-09-12 15:31:51.243614775,apparel,web,74.28,0
936,2025-11-14 01:31:20.227442374,sports,mobile_app,17.41,0
936,2026-02-04 16:56:31.309724616,grocery,web,39.53,1
936,2026-03-26 12:53:28.858790579,home,web,48.6,0
936,2026-06-04 21:45:30.659095150,home,mobile_app,16.45,0
936,2026-06-06 12:49:10.713746658,sports,store,76.4,0
936,2026-06-12 09:00:47.126185388,apparel,mobile_app,8.8,1
936,2026-07-16 17:17:35.578476531,home,web,3.68,0
937,2026-06-23 16:31:29.780396631,sports,web,20.48,0
938,2026-06-29 00:44:05.338141129,electronics,web,22.62,0
938,2026-07-07 14:33:57.236803356,sports,web,38.98,0
939,2025-07-03 08:05:16.462721254,sports,mobile_app,27.08,0
939,2025-08-08 00:33:54.863220209,electronics,web,38.23,0
939,2025-08-24 12:17:08.959294600,sports,mobile_app,73.45,0
939,2025-10-06 12:15:16.442279574,apparel,web,31.06,0
939,2026-04-10 15:12:08.450339210,sports,mobile_app,66.79,0
939,2026-05-09 06:44:24.556677176,home,mobile_app,24.57,0
939,2026-05-15 08:21:18.052437586,apparel,web,27.02,1
939,2026-05-31 00:56:38.338883627,home,web,16.71,0
940,2025-08-24 15:12:43.327317482,apparel,web,33.1,0
940,2025-09-15 11:51:20.530688907,beauty,web,13.1,0
940,2025-09-27 04:59:41.748315340,home,store,72.51,0
940,2025-09-29 15:07:18.492908999,electronics,store,43.67,0
940,2025-10-10 13:16:57.325470589,grocery,web,105.61,0
940,2026-02-22 01:22:20.659731814,electronics,web,28.33,0
941,2025-03-24 15:25:12.492415736,grocery,web,13.74,0
941,2025-07-02 16:15:54.745143250,beauty,web,67.37,1
941,2025-08-22 14:44:16.677602267,home,web,101.61,0
941,2025-09-21 17:17:12.211833760,grocery,store,26.75,0
941,2026-02-14 05:29:49.195825553,home,web,19.1,0
941,2026-03-31 22:56:13.041920821,grocery,mobile_app,116.31,0
941,2026-05-31 03:37:20.464063583,apparel,mobile_app,187.54,0
941,2026-06-30 20:11:29.478690909,sports,web,10.39,0
941,2026-07-05 09:14:00.460545176,beauty,mobile_app,47.12,0
941,2026-07-27 22:01:20.180657208,apparel,store,22.13,0
942,2025-11-05 23:38:31.465673137,home,mobile_app,129.74,0
942,2025-11-22 16:38:21.226874442,beauty,mobile_app,82.02,1
942,2025-12-06 08:23:32.452414417,electronics,web,114.89,0
942,2026-01-17 08:46:55.841441673,home,mobile_app,10.29,0
942,2026-02-04 08:21:02.578611494,home,mobile_app,24.63,0
942,2026-02-13 21:22:55.010157785,home,mobile_app,52.02,0
942,2026-03-16 21:36:46.900918996,sports,web,48.65,0
942,2026-03-28 05:53:36.536565285,apparel,web,43.12,0
942,2026-04-28 05:29:23.914651549,apparel,web,8.86,0
942,2026-07-15 22:29:19.787433568,sports,mobile_app,8.04,0
943,2025-02-27 10:25:58.276845682,grocery,mobile_app,90.58,0
943,2025-08-12 12:12:52.485460278,electronics,mobile_app,16.87,0
943,2025-09-11 20:45:06.661697133,electronics,mobile_app,31.51,0
943,2025-10-07 03:55:30.174036396,apparel,store,20.81,0
943,2025-10-24 22:22:30.933884324,sports,web,27.61,0
943,2025-11-10 17:19:37.465307346,electronics,web,194.42,0
943,2025-12-02 23:46:32.185640315,grocery,mobile_app,16.76,0
943,2025-12-25 09:32:05.865431701,grocery,store,108.71,0
943,2026-01-06 23:41:48.181989650,electronics,web,53.57,0
943,2026-03-17 16:31:31.318716343,sports,web,6.76,0
943,2026-05-30 00:16:06.630144770,home,store,69.51,0
943,2026-06-28 02:52:13.511810782,beauty,web,10.19,0
943,2026-06-30 16:17:37.316749938,grocery,web,94.1,0
943,2026-07-01 14:30:09.544591596,electronics,web,33.45,0
943,2026-07-20 10:22:06.725513606,beauty,web,38.49,0
943,2026-07-28 17:06:49.163198064,grocery,mobile_app,100.9,0
944,2026-04-02 13:25:24.932269690,grocery,web,23.6,0
944,2026-06-22 19:19:52.741616857,apparel,store,25.41,0
944,2026-07-26 21:37:37.732368237,sports,web,16.58,0
945,2026-04-29 21:29:07.939742810,home,web,90.24,0
945,2026-07-03 20:45:28.714384844,grocery,web,316.51,0
946,2026-04-24 06:18:21.297105611,apparel,mobile_app,50.33,1
946,2026-05-01 11:34:42.626489904,home,web,16.52,0
946,2026-06-08 19:50:27.466735247,home,store,99.37,0
946,2026-07-04 17:17:43.139681241,apparel,web,37.06,0
946,2026-07-14 14:47:18.041654568,beauty,web,31.66,0
947,2026-01-04 23:33:27.175085125,electronics,web,12.26,0
947,2026-05-15 10:04:40.942192959,beauty,mobile_app,3.0,0
947,2026-06-08 10:12:40.127685362,electronics,mobile_app,115.17,0
947,2026-06-21 00:43:30.834235206,beauty,web,56.23,0
947,2026-06-30 21:43:05.094424584,apparel,store,42.03,0
947,2026-07-07 22:22:01.557739448,grocery,store,9.45,0
947,2026-07-11 05:45:55.242111894,electronics,web,10.59,0
948,2026-07-15 10:29:33.720620531,apparel,mobile_app,48.07,1
949,2024-07-22 09:51:17.520187441,electronics,web,14.28,0
949,2024-10-04 08:40:23.505442669,grocery,web,8.58,0
949,2024-10-04 11:04:30.226060016,sports,web,26.22,0
949,2024-12-09 14:27:24.989801251,beauty,mobile_app,54.12,0
949,2024-12-14 02:15:10.303309080,apparel,web,10.44,0
949,2025-06-17 14:09:27.354968842,apparel,web,10.66,0
949,2025-07-20 16:50:48.924544978,apparel,web,5.42,0
949,2025-10-19 19:33:58.049219045,beauty,web,10.61,0
949,2025-12-14 16:51:34.609986847,apparel,mobile_app,89.56,0
949,2026-02-02 11:54:57.747719532,sports,web,3.0,0
949,2026-02-07 00:21:44.999699193,electronics,store,12.11,0
949,2026-02-17 01:29:36.745133479,home,web,94.66,0
949,2026-03-30 15:54:24.238602882,sports,mobile_app,36.17,0
949,2026-04-22 15:39:33.552196080,grocery,web,59.66,0
949,2026-05-11 13:09:35.040620904,sports,mobile_app,83.51,0
950,2026-05-22 17:57:52.374838632,home,mobile_app,91.17,0
950,2026-06-01 06:09:41.987008273,beauty,store,25.97,0
950,2026-06-04 04:25:49.955328869,grocery,web,34.16,0
950,2026-06-10 23:07:10.305093980,apparel,store,14.51,0
951,2026-05-23 11:48:50.808584391,grocery,store,47.1,0
951,2026-06-13 05:47:22.149445255,sports,web,44.24,0
951,2026-07-05 00:13:38.266350793,beauty,mobile_app,64.05,0
952,2026-05-25 04:35:26.553845519,beauty,web,15.4,0
952,2026-06-01 15:25:53.148743559,electronics,web,125.04,0
952,2026-06-06 02:28:18.953889929,grocery,web,61.5,0
952,2026-07-08 13:07:53.735715388,sports,mobile_app,90.53,0
952,2026-07-26 14:05:35.067161896,beauty,web,12.43,0
953,2025-09-16 06:46:00.323554536,sports,mobile_app,25.02,0
953,2025-10-14 23:08:18.413008639,electronics,web,16.15,0
953,2025-11-10 03:39:19.512367272,apparel,mobile_app,16.96,0
953,2026-01-18 10:24:07.171023387,beauty,store,6.73,0
953,2026-04-18 06:28:37.275049002,apparel,mobile_app,11.77,0
953,2026-04-22 15:11:38.987141419,apparel,mobile_app,50.71,1
953,2026-05-18 10:58:50.555839622,grocery,store,67.59,0
953,2026-05-28 20:49:40.853519380,beauty,web,45.86,0
953,2026-06-03 14:26:46.956171650,beauty,mobile_app,59.14,0
953,2026-06-18 04:48:50.453885423,grocery,store,259.0,0
953,2026-07-01 17:21:43.077002190,beauty,mobile_app,30.82,0
954,2026-01-18 06:37:56.712119169,beauty,web,81.75,0
954,2026-01-25 00:54:21.304559659,home,mobile_app,39.54,0
954,2026-02-09 16:42:47.856807035,home,web,11.79,0
954,2026-05-19 08:28:53.863711493,beauty,web,7.91,0
954,2026-06-03 04:59:21.228694014,beauty,mobile_app,18.0,0
954,2026-07-20 15:35:05.736373824,grocery,web,5.92,0
955,2024-12-09 10:19:44.754114116,grocery,mobile_app,65.56,0
955,2024-12-27 11:14:39.067777116,home,mobile_app,35.9,0
955,2025-01-23 17:46:30.562692986,grocery,store,16.38,1
955,2025-05-26 17:09:42.858573230,grocery,mobile_app,24.05,0
955,2025-06-05 02:08:42.924492840,home,mobile_app,33.11,0
955,2025-08-14 00:52:06.751736208,beauty,web,45.81,0
955,2025-11-01 02:23:35.544157512,home,web,14.06,0
955,2025-11-16 09:42:16.047971142,electronics,web,47.42,0
955,2026-02-18 13:13:14.580718102,grocery,web,12.85,0
955,2026-04-23 00:21:46.598839926,electronics,mobile_app,36.74,0
955,2026-06-12 22:32:54.434692856,beauty,store,15.94,0
955,2026-06-13 05:07:29.066398513,electronics,mobile_app,25.16,0
955,2026-07-14 08:51:56.412169252,beauty,mobile_app,167.03,0
956,2026-03-21 08:58:59.815540368,home,web,160.56,0
956,2026-03-25 09:01:40.926400810,home,store,41.36,0
956,2026-04-06 23:19:42.826568385,beauty,web,54.96,0
956,2026-04-12 21:45:49.784546437,sports,web,23.14,0
956,2026-04-16 05:39:14.369096454,apparel,web,120.52,0
956,2026-05-01 13:39:20.101572309,sports,mobile_app,234.98,0
956,2026-05-06 22:31:05.235475864,beauty,web,49.24,0
956,2026-06-12 15:08:17.266056720,apparel,mobile_app,27.93,0
956,2026-07-12 06:01:57.635415619,home,web,110.36,0
956,2026-07-13 14:00:10.746837792,apparel,web,63.64,0
956,2026-07-15 05:20:38.630340883,grocery,web,61.21,0
956,2026-07-31 23:30:59.868648689,grocery,mobile_app,119.05,0
957,2025-07-26 14:55:51.108915974,grocery,web,22.65,0
957,2025-09-04 16:39:22.027547221,apparel,store,72.74,0
957,2025-09-28 16:45:18.007402899,home,web,29.53,0
957,2025-10-22 07:33:43.373252258,grocery,web,27.35,0
957,2026-04-25 14:46:36.587226444,home,web,48.71,0
958,2026-01-31 11:32:19.186634484,electronics,mobile_app,60.67,0
958,2026-05-20 14:47:57.827002912,grocery,store,96.43,0
958,2026-06-26 02:32:04.011682408,apparel,mobile_app,8.51,0
958,2026-07-25 09:57:54.789278513,electronics,store,44.36,0
959,2025-10-19 02:13:46.355824005,apparel,web,98.69,0
959,2025-11-03 18:01:58.949124621,beauty,web,47.61,0
959,2025-12-27 16:15:05.874766797,sports,web,71.11,0
959,2025-12-29 14:58:24.219524430,home,web,37.13,0
959,2026-01-13 17:09:40.307960497,beauty,web,13.42,0
959,2026-02-02 19:31:56.287514664,home,mobile_app,8.9,0
959,2026-02-09 05:24:57.450602316,electronics,web,9.86,0
959,2026-03-02 12:24:19.537578876,sports,mobile_app,59.41,0
959,2026-03-17 22:56:38.197112039,home,web,248.55,0
959,2026-03-30 14:36:20.960555040,home,web,48.71,0
959,2026-05-13 19:34:34.598164161,apparel,store,20.23,0
960,2025-09-08 18:14:06.363828770,beauty,web,125.03,0
960,2025-09-18 23:04:49.101508558,beauty,web,69.93,0
960,2026-02-27 08:50:33.850387715,electronics,web,4.42,0
960,2026-03-11 03:09:21.790397641,home,web,49.71,0
960,2026-03-17 10:42:49.944458094,home,mobile_app,49.98,0
960,2026-05-14 07:37:14.336912520,grocery,web,90.32,0
960,2026-06-01 13:09:53.679164386,beauty,web,35.87,0
961,2026-06-21 03:56:39.611247758,beauty,web,151.18,0
962,2025-11-27 22:30:59.526985666,electronics,mobile_app,56.26,0
962,2025-12-04 19:24:45.120563903,home,web,113.36,0
962,2025-12-09 21:16:11.083423440,sports,web,20.48,0
962,2026-01-08 14:57:43.064405485,home,web,62.77,0
962,2026-04-03 14:55:14.652759706,home,store,53.06,0
962,2026-06-26 15:26:09.586430918,home,mobile_app,73.13,0
963,2024-09-13 20:57:26.829560728,electronics,mobile_app,38.14,0
963,2024-10-13 23:36:24.995981935,home,mobile_app,114.63,0
963,2024-11-18 18:19:49.779405815,grocery,mobile_app,16.37,0
963,2024-12-08 07:10:26.632958492,sports,mobile_app,15.34,0
963,2025-02-20 18:42:00.180069578,apparel,mobile_app,113.09,0
963,2025-02-25 00:38:01.047890418,electronics,mobile_app,158.55,0
963,2025-03-06 05:59:43.008697177,beauty,mobile_app,59.32,0
963,2025-04-30 02:08:50.404256883,beauty,store,38.7,0
963,2025-11-08 23:36:08.531742232,electronics,mobile_app,175.19,0
963,2026-01-05 00:20:47.818513228,home,mobile_app,10.47,0
963,2026-03-08 05:40:50.960730890,apparel,mobile_app,9.27,0
963,2026-04-24 09:09:38.585759150,apparel,mobile_app,99.52,0
963,2026-05-30 02:09:46.192223469,beauty,web,28.27,0
963,2026-06-15 11:08:50.086199467,sports,web,23.61,0
964,2026-03-01 21:21:52.217403000,home,store,31.77,0
964,2026-06-13 23:44:30.357677838,sports,web,39.49,0
965,2025-09-16 17:31:02.689883570,apparel,mobile_app,29.52,0
965,2025-09-25 14:19:23.145025806,beauty,web,37.04,0
965,2025-10-02 03:51:26.080014056,apparel,web,13.41,0
965,2026-03-05 13:19:45.007471653,apparel,store,23.95,0
965,2026-04-08 07:14:35.710567573,sports,web,83.98,0
965,2026-05-10 12:16:05.679259151,home,mobile_app,8.02,0
965,2026-06-27 03:09:38.514141646,grocery,web,93.54,0
965,2026-07-06 03:14:31.030300427,apparel,web,22.09,0
965,2026-07-08 17:24:30.819221851,home,store,45.86,0
966,2025-05-07 09:52:59.611492900,grocery,mobile_app,37.92,0
966,2025-11-13 07:46:13.525358970,home,store,24.36,0
966,2025-12-11 02:08:46.743810689,home,mobile_app,57.89,0
966,2025-12-16 01:44:49.885222653,home,web,15.24,0
966,2026-02-15 17:18:17.232617495,beauty,store,28.73,0
966,2026-04-22 01:59:01.773989633,apparel,mobile_app,56.22,0
966,2026-07-16 01:14:55.488575449,apparel,mobile_app,19.8,0
967,2025-08-18 22:21:59.976367575,apparel,web,76.83,0
967,2026-06-15 07:53:48.170653896,grocery,web,17.11,0
967,2026-07-06 21:25:41.500887390,beauty,web,272.65,0
967,2026-07-23 23:30:01.957050283,sports,mobile_app,19.1,0
967,2026-07-30 12:20:38.985211882,electronics,web,23.01,0
968,2026-07-21 08:42:59.337110961,beauty,store,71.95,0
968,2026-07-26 01:40:42.618319194,grocery,mobile_app,131.07,0
968,2026-07-31 21:49:03.316452356,sports,web,10.26,0
969,2026-05-12 08:41:51.291144177,beauty,store,11.58,0
969,2026-05-12 18:03:51.091474911,electronics,web,153.1,0
969,2026-05-17 02:08:24.713132946,beauty,web,27.59,0
969,2026-05-21 07:38:22.694846384,grocery,mobile_app,3.81,0
969,2026-06-30 11:07:38.002268401,beauty,web,112.33,0
969,2026-07-11 10:22:40.911880590,electronics,mobile_app,25.01,0
970,2026-07-05 12:58:32.698915041,electronics,mobile_app,124.49,0
971,2026-02-07 16:29:07.104700940,apparel,mobile_app,28.16,0
971,2026-07-05 12:51:55.282921247,beauty,mobile_app,120.55,0
972,2025-12-12 02:19:13.046527702,apparel,store,16.46,0
972,2026-01-14 19:51:16.065673684,beauty,web,60.52,0
972,2026-03-02 19:07:42.647885504,sports,store,96.41,0
972,2026-03-22 07:16:42.206076737,sports,mobile_app,18.47,0
972,2026-04-02 16:09:54.317006995,electronics,web,17.87,0
972,2026-05-19 21:27:12.204085899,grocery,web,27.21,0
972,2026-07-22 03:18:42.920528616,beauty,web,50.48,0
973,2025-11-11 11:06:47.804705877,apparel,store,27.39,0
973,2026-05-27 17:03:54.632962420,home,web,38.37,0
973,2026-06-13 20:28:05.100871988,sports,web,131.51,0
973,2026-07-21 06:30:16.883921031,home,mobile_app,19.83,1
974,2025-10-21 10:13:02.152516409,sports,mobile_app,34.28,0
974,2025-12-21 15:33:59.743097090,sports,mobile_app,28.62,0
974,2026-02-06 02:25:07.916942606,electronics,store,34.01,0
974,2026-02-13 14:34:00.708741953,sports,web,34.62,0
974,2026-03-17 13:30:20.693935003,grocery,mobile_app,68.63,0
974,2026-03-21 21:29:18.366496003,home,web,44.09,0
974,2026-04-21 18:55:27.486229985,home,mobile_app,81.05,0
974,2026-07-08 11:10:16.874322289,sports,web,23.84,0
974,2026-07-22 02:21:02.248503541,sports,mobile_app,40.24,0
976,2026-05-19 02:47:21.540589112,electronics,mobile_app,27.27,0
976,2026-06-26 01:20:40.155243320,electronics,web,39.58,0
976,2026-07-26 07:25:35.588897461,sports,store,8.69,1
977,2026-07-19 09:00:52.928851041,beauty,store,33.25,0
977,2026-07-21 21:43:11.384181322,home,mobile_app,43.63,0
978,2025-08-13 06:28:13.044286411,grocery,store,7.1,0
978,2025-10-11 06:17:08.709648988,electronics,web,25.95,0
978,2025-10-29 02:44:02.980682601,electronics,web,33.38,0
978,2025-11-17 09:08:50.315312000,sports,mobile_app,15.38,0
978,2026-05-22 16:13:15.484843074,apparel,mobile_app,7.39,0
978,2026-06-09 08:19:29.846378208,beauty,mobile_app,21.94,0
978,2026-07-01 18:21:38.919114409,electronics,web,184.53,0
978,2026-07-07 15:16:00.196037521,beauty,web,14.53,0
979,2026-05-31 15:16:48.260330176,home,web,32.63,0
979,2026-06-03 09:42:34.837941330,apparel,mobile_app,52.93,0
979,2026-07-03 05:54:36.758984827,electronics,mobile_app,49.63,0
980,2025-10-24 09:18:34.128518487,beauty,mobile_app,24.41,0
980,2026-02-12 09:47:43.038379574,grocery,web,17.75,0
980,2026-02-16 05:38:12.443965968,home,web,18.56,0
981,2025-06-05 18:32:56.072784616,grocery,mobile_app,27.99,0
981,2025-06-10 22:35:58.312635012,home,store,21.7,0
981,2025-09-28 20:39:33.064060606,apparel,web,5.99,0
981,2025-12-24 17:54:33.463999590,grocery,web,16.94,0
981,2026-03-16 02:43:04.377555201,electronics,web,14.27,0
981,2026-04-23 13:26:10.321800061,sports,mobile_app,47.49,0
981,2026-07-03 10:33:46.749104482,home,mobile_app,122.45,0
982,2025-12-01 20:22:28.134285456,grocery,mobile_app,24.39,0
982,2026-01-30 23:07:29.342078899,home,web,8.64,0
982,2026-02-17 19:24:19.223271274,sports,web,75.88,0
982,2026-02-19 16:39:18.451828746,beauty,web,125.07,0
982,2026-03-09 01:44:18.669859610,grocery,mobile_app,7.11,0
982,2026-03-11 21:11:47.105833229,grocery,mobile_app,54.31,0
982,2026-03-13 11:15:15.452322524,grocery,mobile_app,23.65,0
982,2026-03-15 18:52:13.944031450,beauty,web,67.79,0
982,2026-04-12 07:52:29.713754252,grocery,store,39.64,0
982,2026-06-01 07:58:59.117856304,beauty,mobile_app,44.15,0
982,2026-06-18 11:26:58.459342638,sports,web,101.37,0
982,2026-06-24 09:53:47.626820627,apparel,mobile_app,222.02,0
983,2026-01-25 16:24:58.196003314,grocery,web,11.56,0
983,2026-02-28 10:38:58.608143538,home,mobile_app,50.61,0
983,2026-05-13 23:30:18.704525922,grocery,mobile_app,77.07,0
983,2026-05-25 21:20:26.926766601,grocery,web,20.98,0
984,2025-12-18 16:22:41.683248990,grocery,store,4.03,0
984,2025-12-24 17:17:28.787828848,home,store,45.78,0
984,2026-05-19 12:50:34.212243230,electronics,web,98.8,1
984,2026-06-23 11:05:42.428722834,grocery,store,42.39,0
984,2026-07-17 14:59:01.465048646,grocery,mobile_app,51.01,0
984,2026-07-21 06:35:38.622728712,grocery,mobile_app,145.53,0
985,2025-10-27 23:21:15.330804097,sports,web,27.1,0
985,2025-11-20 13:18:47.160407109,sports,web,74.55,0
985,2025-12-13 20:24:56.643834981,beauty,web,443.82,0
985,2026-01-05 01:22:38.945859312,sports,store,44.4,0
985,2026-01-29 23:30:14.896295810,electronics,store,92.82,0
985,2026-02-23 11:00:17.219213736,apparel,web,18.24,0
985,2026-03-02 20:44:11.211098027,grocery,mobile_app,96.43,0
985,2026-04-15 10:18:35.166201239,grocery,mobile_app,32.17,0
985,2026-05-04 03:14:43.726344522,sports,web,45.57,0
985,2026-05-22 23:23:21.569807136,apparel,web,10.58,0
985,2026-06-19 21:57:31.384174505,home,mobile_app,43.56,0
986,2025-07-02 16:09:36.721361590,grocery,mobile_app,55.37,0
986,2025-07-09 20:24:14.081825731,home,store,9.9,0
986,2025-07-27 03:28:13.436563216,home,mobile_app,146.11,0
986,2025-09-06 10:03:54.585653717,beauty,store,86.95,0
986,2025-09-10 13:58:58.635029283,electronics,web,7.67,0
986,2025-09-30 00:21:47.813544931,electronics,store,33.14,1
986,2025-12-03 23:25:32.781559780,home,mobile_app,23.37,0
986,2025-12-21 17:29:41.288940076,electronics,web,29.79,0
986,2026-01-13 16:43:30.853155107,beauty,store,9.96,0
986,2026-06-13 01:05:03.084110901,electronics,web,23.25,0
986,2026-06-28 12:02:55.167422908,home,store,35.75,0
986,2026-07-02 04:37:37.055809238,sports,web,25.23,0
987,2025-06-11 06:02:48.847396189,home,web,21.36,0
987,2025-08-01 20:35:31.708297646,home,web,19.47,0
987,2025-08-02 03:18:11.174608593,grocery,mobile_app,82.31,0
987,2025-09-09 20:09:21.007787078,home,store,226.66,0
987,2025-09-10 13:20:29.386183825,grocery,mobile_app,23.37,0
987,2025-10-26 23:21:58.497277217,beauty,web,20.06,0
987,2025-10-27 11:44:54.872400803,sports,store,25.23,0
987,2025-12-27 00:53:47.642076698,apparel,mobile_app,12.74,0
987,2026-01-14 09:43:37.861639850,electronics,web,9.8,0
987,2026-02-13 22:14:31.671315284,grocery,web,8.79,0
987,2026-02-19 16:14:08.682041654,beauty,store,13.92,0
987,2026-04-13 16:08:26.520497512,beauty,store,49.72,0
987,2026-04-26 16:50:09.969959599,home,web,32.11,0
987,2026-05-05 13:21:51.792434416,apparel,web,34.13,0
987,2026-05-06 16:28:43.697401620,apparel,store,21.95,0
987,2026-06-20 00:07:06.904964188,home,web,55.82,0
988,2025-12-20 23:42:48.301280597,apparel,web,100.0,0
988,2025-12-23 03:10:33.964103301,apparel,web,86.64,0
988,2025-12-24 13:32:11.491408113,home,web,15.11,0
988,2025-12-30 23:17:22.727055066,electronics,mobile_app,80.53,0
988,2026-07-02 03:20:31.571232885,grocery,mobile_app,38.75,0
988,2026-07-08 08:25:19.405978476,beauty,web,229.35,0
989,2026-01-17 06:36:39.665250764,apparel,web,79.47,0
989,2026-02-24 02:11:26.868662451,electronics,store,110.13,0
989,2026-03-16 21:09:31.901324663,home,store,52.03,0
989,2026-04-17 05:30:14.114385850,apparel,store,84.31,0
989,2026-07-09 01:00:16.667936969,home,web,13.68,0
990,2025-04-19 09:26:56.254397232,home,store,19.55,0
990,2025-05-05 14:23:15.972125517,sports,web,20.9,0
990,2025-08-16 07:32:48.555536574,grocery,store,75.09,0
990,2025-10-02 00:39:50.382419435,apparel,web,133.87,1
990,2025-12-01 16:44:49.771089125,electronics,store,21.46,0
990,2025-12-13 02:29:19.644449926,beauty,mobile_app,45.91,0
990,2026-05-17 03:22:03.711848512,grocery,web,70.92,0
991,2026-03-30 01:35:52.193446423,sports,store,76.68,0
991,2026-04-24 14:35:41.675046049,electronics,store,10.57,0
991,2026-07-06 11:19:05.901640079,electronics,mobile_app,95.54,1
992,2025-12-15 16:33:03.867441774,sports,mobile_app,94.72,0
992,2026-03-09 02:20:55.048774114,sports,mobile_app,27.33,0
992,2026-04-04 01:08:54.779813022,sports,web,39.77,0
992,2026-04-15 01:30:51.435700143,home,web,25.73,0
993,2026-03-02 19:21:10.359595026,grocery,web,60.1,0
993,2026-05-06 06:27:35.361562928,grocery,store,49.45,0
993,2026-05-17 06:19:23.738797160,beauty,web,84.11,0
993,2026-07-21 10:21:41.487318876,grocery,web,24.84,0
994,2025-09-12 19:00:06.507265355,beauty,store,72.54,1
994,2025-09-22 07:20:33.481924599,apparel,web,8.27,0
994,2025-12-01 10:33:03.870919824,home,web,48.93,0
994,2025-12-28 16:12:27.495861135,electronics,mobile_app,77.77,0
994,2026-03-05 01:13:10.615618837,electronics,web,36.5,0
994,2026-03-20 06:04:32.278286352,sports,mobile_app,11.66,0
994,2026-07-06 02:06:25.649611632,beauty,store,72.54,0
995,2025-05-22 00:14:40.580227297,home,store,160.81,0
995,2025-09-03 01:47:39.309316533,home,web,96.04,0
995,2025-09-27 22:17:08.805051085,grocery,store,68.79,0
995,2025-10-12 17:14:29.701385316,grocery,web,30.19,0
995,2025-10-31 21:16:34.950564901,sports,mobile_app,12.48,0
995,2025-11-05 09:27:24.429127496,electronics,store,78.69,0
995,2025-12-04 17:01:37.986751131,home,store,3.0,0
995,2026-03-04 10:06:16.108405586,sports,web,42.94,0
995,2026-05-24 18:00:34.402347139,home,web,28.54,1
996,2025-11-19 08:58:40.762044011,home,web,20.01,0
996,2025-11-19 19:27:32.019653483,sports,web,74.41,0
996,2026-01-27 04:31:04.015968868,grocery,web,5.95,0
996,2026-03-10 22:10:12.131994196,sports,store,17.0,1
996,2026-03-11 17:57:38.874182337,home,mobile_app,75.46,0
996,2026-05-31 21:29:38.915465180,apparel,web,45.34,0
996,2026-06-04 22:03:36.718808164,grocery,web,15.18,0
996,2026-06-05 03:58:44.794780007,beauty,store,52.23,0
997,2025-06-04 18:36:05.975065812,sports,mobile_app,72.02,0
997,2025-06-13 21:20:24.939731953,apparel,web,24.16,1
997,2025-06-14 03:12:20.747367326,grocery,mobile_app,19.66,0
997,2025-07-24 20:41:44.572140462,grocery,web,14.49,0
997,2025-12-03 20:44:11.201879354,sports,web,65.56,0
997,2025-12-23 12:00:29.356088308,home,mobile_app,12.09,0
997,2026-01-22 15:03:57.051590481,grocery,store,25.65,0
997,2026-02-20 08:52:43.541488739,grocery,mobile_app,28.21,0
997,2026-04-04 12:44:01.045867287,apparel,web,50.2,0
997,2026-04-08 11:13:46.873701760,apparel,mobile_app,15.76,1
997,2026-05-31 04:10:44.481300292,sports,web,122.76,0
997,2026-06-09 13:10:25.466223061,sports,web,18.0,0
997,2026-07-24 01:52:45.847613280,home,web,21.65,0
998,2026-04-10 15:34:53.977295747,electronics,web,175.39,0
998,2026-04-15 16:20:38.493541764,beauty,mobile_app,8.7,0
998,2026-04-30 21:55:05.895480513,beauty,store,77.67,0
998,2026-06-06 04:53:51.214633878,sports,web,25.24,0
998,2026-07-01 23:04:58.924283051,sports,store,29.81,0
999,2025-04-21 07:55:20.859718380,electronics,store,17.49,0
999,2025-05-30 17:31:14.887454546,electronics,web,10.66,0
999,2025-06-28 05:23:25.996488974,beauty,web,46.51,0
999,2025-10-27 05:31:42.964995464,grocery,store,11.99,0
999,2025-12-08 01:44:02.984898711,beauty,store,21.75,0
999,2025-12-29 20:49:21.280735316,grocery,web,126.0,0
999,2026-01-28 03:01:05.970131539,beauty,mobile_app,43.44,0
999,2026-04-09 20:48:41.664266675,home,mobile_app,156.44,0
999,2026-04-13 06:33:16.516500820,apparel,mobile_app,34.54,0
999,2026-07-13 04:21:08.579297832,beauty,web,13.22,0
1000,2026-03-07 07:54:45.677721765,home,web,23.33,0
1000,2026-03-31 03:28:15.399764933,electronics,web,149.63,0
1000,2026-03-31 04:53:44.604204646,home,mobile_app,12.56,0
1000,2026-04-10 22:22:25.638117465,beauty,web,8.6,0
1000,2026-04-20 03:28:10.021984223,sports,store,11.52,0
1000,2026-06-28 12:41:29.975503912,home,web,48.34,0
1001,2025-05-01 02:55:16.140629257,electronics,store,59.04,1
1001,2025-05-10 18:18:00.854384648,apparel,web,25.82,0
1001,2025-08-17 06:33:29.768778551,electronics,mobile_app,15.71,0
1001,2025-10-13 15:19:42.426208379,grocery,store,38.45,0
1001,2025-10-29 23:20:50.883762374,grocery,web,5.35,0
1001,2026-04-15 15:15:07.040915897,grocery,store,24.54,0
1001,2026-05-04 21:18:53.217024132,grocery,web,30.17,0
1001,2026-06-08 19:56:22.683709899,sports,web,20.56,0
1001,2026-06-14 03:33:53.700652507,electronics,store,20.34,0
1002,2025-11-11 18:10:09.466421621,sports,mobile_app,12.86,0
1002,2025-11-22 01:52:05.494812511,beauty,mobile_app,14.78,0
1002,2025-12-05 07:12:05.015578009,home,store,47.85,0
1002,2025-12-07 05:27:48.856933916,sports,mobile_app,45.2,0
1002,2026-01-01 18:30:19.619134033,electronics,web,33.95,0
1002,2026-01-19 12:06:39.740078912,home,mobile_app,79.05,0
1002,2026-01-31 07:37:18.457663890,sports,web,12.93,0
1002,2026-02-09 08:32:31.709410118,grocery,mobile_app,14.15,0
1002,2026-03-06 08:57:45.010692329,grocery,web,27.93,0
1002,2026-04-04 14:00:51.426644591,apparel,web,59.45,0
1002,2026-04-09 00:40:23.774466602,apparel,mobile_app,34.48,0
1002,2026-06-20 17:48:20.346291922,home,web,187.61,0
1002,2026-06-27 07:47:34.791281598,sports,mobile_app,24.55,0
1002,2026-07-07 01:14:36.613264249,grocery,web,31.32,0
1003,2026-01-22 11:21:45.786521587,apparel,mobile_app,25.84,0
1003,2026-02-02 13:47:02.086335217,beauty,mobile_app,14.88,0
1003,2026-02-05 10:44:56.589149948,electronics,web,6.05,0
1003,2026-03-11 21:29:24.633919525,apparel,web,30.3,0
1003,2026-03-12 05:52:20.272559616,electronics,mobile_app,111.99,0
1003,2026-04-18 11:49:58.034542150,home,web,19.57,0
1003,2026-05-01 19:47:08.692673030,sports,mobile_app,129.39,0
1003,2026-05-18 22:59:48.160881583,sports,store,43.73,0
1003,2026-07-02 03:35:29.088926526,beauty,store,13.0,0
1004,2024-11-26 14:48:43.212952417,electronics,web,148.11,0
1004,2025-01-27 09:46:22.987758188,apparel,web,128.14,0
1004,2025-01-29 04:02:36.730730107,electronics,mobile_app,12.65,0
1004,2025-02-22 16:39:29.407780824,sports,web,10.5,0
1004,2025-03-13 05:33:44.817651018,apparel,store,78.99,0
1004,2025-05-07 20:25:38.410434227,home,web,59.4,0
1004,2025-07-04 17:42:31.912871876,electronics,web,168.58,0
1004,2025-07-24 13:25:23.864198230,electronics,web,18.92,0
1004,2025-08-09 07:18:51.229377672,electronics,web,35.32,0
1004,2025-10-05 00:42:58.851982265,home,mobile_app,5.69,0
1004,2025-11-01 11:18:55.263374053,beauty,web,14.9,0
1004,2026-03-09 03:45:47.892054255,beauty,web,45.93,0
1004,2026-04-01 08:07:28.811531819,sports,store,99.88,1
1004,2026-04-21 10:34:58.259139773,home,web,78.4,0
1004,2026-06-30 16:27:47.880390197,beauty,mobile_app,9.45,0
1004,2026-07-11 19:32:28.307722434,sports,mobile_app,21.68,0
1004,2026-07-23 17:31:08.210141424,grocery,store,55.18,0
1005,2026-04-01 22:43:17.013097658,electronics,mobile_app,27.97,0
1006,2024-09-11 02:47:17.485884554,electronics,web,54.21,0
1006,2024-11-20 13:12:54.424213788,beauty,web,9.34,0
1006,2024-12-19 21:43:40.702949936,sports,web,6.96,0
1006,2025-01-24 20:28:32.313994505,grocery,web,46.11,0
1006,2025-03-22 18:34:42.648897634,electronics,mobile_app,24.2,0
1006,2025-04-09 20:27:05.178103353,home,store,73.71,0
1006,2025-04-22 12:19:22.789327757,beauty,mobile_app,122.28,0
1006,2025-05-14 01:36:10.693914705,apparel,mobile_app,17.69,1
1006,2025-06-23 09:35:13.613253790,sports,web,131.21,0
1006,2025-06-28 06:55:51.019185499,apparel,web,96.45,0
1006,2025-06-30 17:58:17.991284811,beauty,mobile_app,46.25,0
1006,2025-07-19 01:17:42.684956855,beauty,web,42.52,0
1006,2025-08-30 10:06:54.278009269,grocery,store,40.36,0
1006,2025-10-13 12:45:22.554462347,electronics,web,97.07,0
1006,2025-10-17 18:34:03.907390587,beauty,web,18.2,0
1006,2025-12-19 13:23:55.355834853,apparel,web,40.16,0
1006,2026-02-04 23:20:34.192416046,home,mobile_app,22.46,0
1006,2026-02-22 01:21:32.188551293,grocery,mobile_app,13.97,0
1006,2026-03-10 06:16:20.694542938,electronics,store,21.83,0
1006,2026-03-12 08:44:52.369314680,beauty,mobile_app,42.21,0
1006,2026-03-27 05:12:41.041432999,beauty,web,286.2,0
1006,2026-04-19 06:28:56.835764274,electronics,store,42.8,0
1006,2026-05-03 13:58:28.076236871,home,mobile_app,28.37,0
1006,2026-05-18 04:09:22.467437367,electronics,mobile_app,47.96,0
1006,2026-05-19 12:02:52.854727255,apparel,mobile_app,8.37,0
1006,2026-06-07 23:09:42.214195438,apparel,store,19.16,0
1006,2026-07-25 07:50:17.256642591,electronics,web,31.5,0
1007,2024-12-19 19:09:21.900151556,grocery,store,24.63,0
1007,2025-01-29 16:56:37.411108403,beauty,store,61.72,0
1007,2025-04-04 23:54:14.001578384,electronics,web,30.54,0
1007,2025-04-26 19:31:04.533218616,beauty,mobile_app,9.88,0
1007,2025-06-16 06:42:08.169720967,beauty,web,25.43,0
1007,2025-07-31 02:59:27.941226363,apparel,mobile_app,18.46,0
1007,2025-08-31 18:32:37.158795307,sports,store,57.31,0
1007,2025-10-18 02:58:18.830834856,home,web,22.56,0
1007,2025-10-30 02:05:38.726515778,grocery,mobile_app,5.85,0
1007,2025-12-16 16:48:20.871824965,home,web,17.25,0
1007,2026-01-10 20:16:49.852515758,grocery,web,37.93,0
1007,2026-01-14 07:32:40.884177843,electronics,web,158.22,0
1007,2026-02-13 19:41:51.559037267,grocery,web,18.36,0
1007,2026-05-11 02:02:46.721783663,electronics,store,64.95,0
1007,2026-05-29 01:52:04.991222568,electronics,web,63.64,0
1007,2026-06-14 22:34:53.057347456,apparel,web,98.31,0
1008,2025-09-18 20:54:12.080914618,electronics,store,67.53,0
1008,2025-09-22 19:48:11.460632873,grocery,web,32.23,0
1008,2026-03-07 21:06:58.573061759,apparel,mobile_app,3.88,0
1008,2026-05-14 09:32:55.337282446,home,web,95.93,0
1008,2026-06-20 02:19:19.817422159,electronics,web,5.94,0
1008,2026-06-29 01:32:16.586423034,electronics,web,4.47,0
1008,2026-07-24 22:14:02.667800925,sports,store,148.95,0
1009,2025-09-07 05:20:05.630348524,grocery,web,13.59,0
1009,2025-12-04 10:02:58.358484387,apparel,store,14.64,0
1009,2026-03-03 09:09:08.905983740,beauty,mobile_app,39.3,0
1009,2026-07-30 14:16:35.331238710,sports,store,14.57,0
1010,2025-07-16 06:52:43.048154427,grocery,mobile_app,86.77,0
1010,2025-08-28 11:37:27.080070952,apparel,web,55.8,0
1010,2025-09-09 15:30:10.222025366,sports,web,8.39,0
1010,2025-09-13 00:57:58.849165386,sports,mobile_app,20.39,1
1010,2025-12-17 09:26:14.673662875,apparel,web,30.66,0
1010,2025-12-18 01:20:41.423661166,grocery,web,14.42,0
1010,2026-01-13 22:06:38.753485203,electronics,web,73.06,0
1010,2026-01-29 20:55:54.265043545,apparel,mobile_app,20.17,0
1010,2026-02-23 09:46:11.534277283,beauty,web,28.95,1
1010,2026-03-12 09:36:56.465981600,sports,store,35.66,0
1010,2026-03-25 10:30:46.803005505,beauty,web,6.02,0
1010,2026-04-14 20:20:57.852465666,sports,mobile_app,14.67,0
1010,2026-06-17 11:43:27.600731688,home,web,21.55,0
1010,2026-07-23 22:50:03.378878990,home,store,5.39,0
1011,2025-12-30 22:09:22.303568137,beauty,web,50.47,0
1011,2026-01-02 02:38:55.292879066,home,web,19.28,0
1011,2026-01-12 03:22:40.720688948,beauty,store,34.28,0
1011,2026-02-14 22:17:32.405641219,electronics,mobile_app,8.3,0
1011,2026-06-20 05:47:50.357051662,apparel,store,119.11,0
1011,2026-07-12 11:41:08.825859615,home,web,24.43,0
1012,2025-05-15 20:30:00.535325660,electronics,web,36.82,0
1012,2025-06-25 19:50:30.045744765,sports,mobile_app,32.57,1
1012,2025-07-16 12:26:44.921762927,beauty,web,56.38,0
1012,2025-07-22 16:35:57.279094504,apparel,mobile_app,18.44,0
1012,2025-08-19 20:24:14.679096411,beauty,web,153.81,0
1012,2025-08-20 23:44:22.694636585,apparel,mobile_app,56.05,0
1012,2025-08-31 22:48:28.769450703,home,store,37.07,0
1012,2025-12-26 03:24:43.614940721,beauty,web,5.86,0
1012,2026-02-07 07:25:55.704223716,electronics,mobile_app,30.71,0
1012,2026-02-19 10:34:48.364593024,home,store,39.32,1
1012,2026-03-23 12:31:12.370622437,electronics,web,285.1,0
1012,2026-03-25 12:49:33.310814339,sports,web,74.3,0
1012,2026-04-19 01:52:02.149274471,apparel,web,73.79,0
1012,2026-07-24 17:53:10.656937637,electronics,web,14.08,0
1013,2026-06-21 16:11:46.217536438,beauty,web,162.89,0
1013,2026-07-26 06:50:19.405598517,sports,web,49.99,0
1014,2025-11-29 20:55:22.936558037,beauty,mobile_app,117.98,1
1014,2025-11-29 21:20:03.448189018,apparel,mobile_app,49.25,0
1014,2026-01-19 02:05:17.807890388,home,web,43.58,0
1014,2026-02-01 16:20:06.520132899,home,web,40.96,0
1014,2026-03-07 07:28:39.367058080,electronics,mobile_app,64.77,0
1014,2026-03-30 08:59:06.457299735,sports,mobile_app,74.05,0
1014,2026-04-05 12:30:01.109725848,beauty,store,15.41,0
1014,2026-06-18 03:31:45.912896585,apparel,mobile_app,84.49,0
1015,2025-05-26 18:52:01.452748970,home,store,5.38,0
1015,2025-07-16 11:55:19.099494216,grocery,web,18.09,0
1015,2026-06-21 14:07:19.118935082,home,web,7.94,0
1015,2026-06-23 03:13:13.236727737,sports,store,33.79,0
1015,2026-06-26 12:29:57.277974253,apparel,web,53.07,0
1015,2026-07-05 17:13:32.611883955,electronics,store,18.73,0
1016,2024-08-26 07:56:22.449851832,home,mobile_app,143.14,0
1016,2025-01-30 05:34:49.678037334,grocery,web,57.54,0
1016,2025-06-16 06:34:39.761661127,sports,mobile_app,30.82,0
1016,2025-07-05 21:32:49.934093085,beauty,mobile_app,61.03,0
1016,2025-07-15 09:32:46.585012903,beauty,mobile_app,202.38,0
1016,2025-07-28 23:32:51.735104797,sports,web,15.43,0
1016,2025-08-14 12:36:45.500055169,electronics,web,10.46,0
1016,2025-09-13 20:13:55.254756752,home,store,43.22,0
1016,2025-11-24 02:20:33.556128965,home,mobile_app,19.95,0
1016,2025-11-28 14:28:21.519019166,beauty,store,230.53,0
1016,2026-01-18 15:53:30.808792277,grocery,mobile_app,40.36,0
1016,2026-03-05 05:08:37.835713200,apparel,web,67.86,0
1016,2026-05-14 18:30:59.605959575,beauty,web,30.0,0
1016,2026-06-12 18:59:35.164407924,apparel,web,26.76,0
1016,2026-06-16 10:15:44.712064020,beauty,web,40.1,0
1016,2026-06-21 03:46:38.023988515,sports,store,131.62,0
1016,2026-07-05 05:34:37.295219324,grocery,web,62.03,0
1017,2025-09-17 00:37:15.040181724,beauty,web,49.28,0
1017,2025-09-27 22:05:04.571741677,home,store,134.65,0
1017,2026-01-27 19:44:36.216964269,electronics,store,77.74,1
1017,2026-02-07 23:31:57.816317600,grocery,web,192.33,0
1017,2026-06-01 14:43:45.950888880,beauty,mobile_app,91.53,0
1018,2026-02-17 00:53:10.544323915,home,web,30.59,0
1018,2026-02-26 19:04:16.416868965,apparel,web,23.6,1
1020,2026-05-01 03:13:30.824127679,electronics,mobile_app,62.7,0
1021,2026-06-19 22:53:53.233775682,home,web,19.01,0
1023,2024-10-02 17:51:31.862231756,electronics,store,20.99,0
1023,2025-01-26 14:26:55.091827384,beauty,web,11.11,0
1023,2025-02-17 20:58:18.709868920,apparel,store,19.84,0
1023,2025-02-27 20:32:18.129423210,sports,store,65.41,0
1023,2025-10-28 13:27:05.948185272,grocery,mobile_app,19.15,0
1023,2025-10-28 18:39:54.796701750,apparel,store,62.64,0
1023,2026-01-01 16:06:05.610111984,grocery,store,28.26,0
1023,2026-02-23 17:55:18.029368224,grocery,web,36.72,0
1023,2026-05-09 01:39:17.886999874,electronics,mobile_app,20.11,0
1023,2026-07-16 21:46:53.741222631,beauty,mobile_app,276.77,0
1024,2025-05-04 14:44:22.911377387,beauty,web,10.04,0
1024,2025-06-22 13:22:13.146996614,beauty,web,19.4,0
1024,2025-08-07 02:29:01.243070158,grocery,store,99.97,0
1024,2025-10-22 06:12:06.035658864,sports,store,67.45,0
1024,2025-10-31 16:48:43.061621830,beauty,mobile_app,78.39,0
1024,2025-12-05 11:34:53.578977661,grocery,mobile_app,39.43,0
1024,2025-12-14 21:13:16.779451919,beauty,mobile_app,12.18,0
1024,2026-01-16 03:17:15.410146333,sports,store,33.56,0
1024,2026-02-13 21:11:52.485499283,electronics,web,16.24,0
1024,2026-02-18 21:32:32.606329298,sports,mobile_app,44.13,0
1024,2026-03-01 16:11:09.605107159,home,mobile_app,27.91,0
1024,2026-05-27 03:52:38.548454541,home,web,24.9,0
1025,2025-01-03 02:33:36.690641712,beauty,store,30.82,0
1025,2025-01-19 19:11:03.635741562,grocery,mobile_app,41.1,0
1025,2025-08-22 07:56:11.053425313,apparel,mobile_app,93.9,0
1025,2026-01-07 15:34:46.660704739,electronics,store,95.73,0
1025,2026-01-29 20:02:10.115475798,home,mobile_app,47.17,0
1025,2026-06-20 09:01:17.056435832,sports,store,66.24,0
1025,2026-07-28 14:48:10.691208260,grocery,mobile_app,97.96,1
1028,2026-03-07 00:27:09.026616042,apparel,store,84.11,0
1028,2026-04-04 21:41:48.224537947,home,web,17.38,0
1028,2026-06-14 16:17:33.345824272,grocery,store,22.49,0
1028,2026-06-28 03:32:14.892991230,grocery,mobile_app,71.19,0
1029,2025-12-04 09:54:02.533338219,beauty,web,120.48,0
1029,2026-02-21 02:54:31.461597173,sports,mobile_app,50.64,0
1029,2026-05-25 18:07:05.359641013,home,mobile_app,34.99,0
1030,2026-03-16 23:11:44.435544009,electronics,mobile_app,62.09,0
1030,2026-04-09 20:10:48.055474837,home,mobile_app,34.54,0
1030,2026-04-13 05:22:07.888485905,apparel,web,67.57,0
1030,2026-04-23 05:35:44.873032952,sports,web,38.82,0
1030,2026-07-13 16:46:36.696333078,electronics,mobile_app,18.08,0
1031,2025-07-11 20:29:10.340947139,electronics,web,17.1,0
1031,2025-08-01 02:42:21.546804315,sports,mobile_app,49.11,0
1031,2025-08-25 07:06:27.012612436,electronics,store,12.68,0
1031,2025-11-27 17:33:59.677035380,sports,web,66.54,0
1031,2026-03-14 05:59:57.974605299,apparel,web,33.36,0
1031,2026-03-17 03:06:25.472931040,home,mobile_app,61.68,1
1031,2026-06-22 09:54:23.085685273,beauty,mobile_app,118.45,0
1032,2026-05-20 14:38:56.034595764,grocery,store,8.04,0
1032,2026-06-21 10:12:10.024472304,home,store,19.64,1
1032,2026-06-28 06:44:27.282608374,sports,mobile_app,26.86,0
1033,2025-10-09 11:58:11.548002625,apparel,web,7.51,0
1033,2025-10-18 05:37:38.104295731,electronics,mobile_app,68.18,0
1033,2025-11-24 11:50:19.873990704,home,store,91.3,0
1033,2025-11-28 04:19:20.172880578,electronics,web,12.01,1
1033,2025-12-15 15:16:18.190360658,sports,web,21.17,0
1033,2025-12-20 12:00:11.773401892,sports,web,35.97,0
1033,2025-12-28 08:34:45.406946759,electronics,web,40.43,0
1033,2026-01-21 17:52:57.092879658,beauty,store,133.8,0
1033,2026-04-11 12:17:03.001090310,home,mobile_app,18.17,0
1033,2026-05-16 03:19:06.970587863,beauty,web,13.82,0
1033,2026-07-01 11:54:51.465482989,grocery,web,11.29,0
1033,2026-07-30 08:16:58.851041103,beauty,store,250.57,0
1034,2025-12-03 09:44:58.888862149,home,web,21.46,0
1034,2026-01-10 03:05:27.658623051,electronics,mobile_app,15.11,0
1034,2026-04-06 08:12:51.140216483,apparel,web,24.45,0
1034,2026-05-06 08:02:44.237098027,electronics,store,28.98,0
1034,2026-05-07 12:16:50.184353718,grocery,store,72.34,0
1034,2026-06-17 03:49:07.572376215,electronics,web,79.82,0
1035,2026-07-09 17:12:07.185681576,grocery,web,41.64,0
1035,2026-07-17 02:55:58.041198080,home,mobile_app,64.87,0
1036,2025-05-01 09:51:54.738329138,grocery,web,18.69,0
1036,2025-05-11 03:34:22.032296464,sports,store,20.57,0
1036,2025-08-15 22:15:49.380394925,grocery,web,41.84,0
1036,2025-09-07 22:57:48.884206692,beauty,web,54.13,0
1036,2025-11-22 10:11:56.058657245,electronics,mobile_app,89.49,0
1036,2025-12-12 00:34:34.718954745,home,mobile_app,10.53,0
1036,2026-01-06 04:00:54.086589695,electronics,mobile_app,24.46,0
1036,2026-02-26 12:32:52.734016922,grocery,web,40.43,0
1036,2026-03-06 04:42:51.759430226,home,web,29.04,1
1036,2026-03-23 02:52:03.662187160,electronics,mobile_app,91.95,0
1036,2026-05-24 19:23:51.367318112,home,web,54.89,0
1036,2026-07-25 09:27:23.772531759,sports,mobile_app,6.48,0
1037,2024-07-31 16:11:55.941389454,apparel,web,50.1,0
1037,2024-08-19 02:09:38.499507392,sports,web,78.83,0
1037,2024-09-03 11:34:33.367278945,grocery,store,8.4,0
1037,2024-10-24 11:41:09.167291575,sports,web,31.35,0
1037,2024-10-27 13:14:34.529085606,apparel,mobile_app,22.79,0
1037,2024-11-03 06:03:09.693293490,home,store,14.77,0
1037,2024-11-08 23:44:46.259712932,apparel,web,46.93,0
1037,2024-11-09 09:05:45.752071552,beauty,web,72.35,0
1037,2024-11-22 10:20:09.798233649,electronics,mobile_app,17.87,0
1037,2025-03-01 13:55:20.522092106,grocery,web,63.51,0
1037,2025-03-13 00:09:45.925496640,sports,web,40.34,0
1037,2025-04-07 21:49:10.257773276,electronics,web,15.34,0
1037,2025-05-13 16:38:04.840863821,electronics,web,35.04,0
1037,2025-05-28 06:36:33.291363814,sports,mobile_app,52.03,0
1037,2025-06-13 06:27:10.689513141,sports,web,48.08,0
1037,2025-07-29 23:56:23.611135918,beauty,web,17.01,0
1037,2025-10-12 08:25:33.457700286,grocery,web,42.65,0
1037,2025-12-09 13:51:45.310279243,beauty,web,28.78,0
1037,2026-01-31 04:31:55.749162156,apparel,web,78.86,0
1037,2026-02-22 08:18:18.322366136,apparel,mobile_app,36.29,0
1037,2026-04-04 18:10:55.074225193,grocery,store,51.02,0
1037,2026-04-20 15:18:35.532245834,electronics,mobile_app,94.83,0
1037,2026-04-22 07:00:56.938984952,electronics,web,11.01,0
1038,2026-07-02 05:47:52.585785600,electronics,web,15.92,0
1039,2025-11-11 00:49:45.621812203,electronics,web,13.7,0
1039,2026-02-16 13:25:45.022136829,grocery,mobile_app,30.24,0
1039,2026-04-10 11:49:50.294585197,grocery,mobile_app,74.92,0
1039,2026-07-15 14:46:56.845199851,apparel,store,6.41,0
1040,2025-01-09 09:07:21.236910557,grocery,web,69.09,0
1040,2025-02-05 22:40:39.735399507,home,mobile_app,16.31,0
1040,2025-03-17 21:10:45.580073385,beauty,mobile_app,20.94,1
1040,2025-04-27 23:09:52.421839310,sports,mobile_app,17.5,0
1040,2025-05-18 10:24:03.387449659,home,web,165.78,0
1040,2025-06-11 11:26:37.911558489,sports,store,6.57,0
1040,2025-06-29 16:09:58.804920729,apparel,web,80.64,0
1040,2025-07-10 11:00:58.273010986,sports,mobile_app,13.83,0
1040,2025-07-20 21:15:51.586397488,apparel,web,38.88,0
1040,2025-08-20 15:04:20.159728444,grocery,mobile_app,116.8,0
1040,2026-02-23 08:50:59.214993170,apparel,mobile_app,162.77,0
1040,2026-04-13 01:47:14.307006426,sports,web,10.29,0
1040,2026-05-22 15:51:01.489861818,electronics,web,11.2,0
1041,2025-01-16 15:20:39.121622984,grocery,web,57.83,1
1041,2025-03-04 18:32:08.423735347,electronics,mobile_app,8.17,0
1041,2025-03-27 03:55:14.293049811,grocery,store,26.45,1
1041,2025-05-23 00:12:18.705999338,grocery,store,12.55,0
1041,2025-07-24 00:02:20.357697506,home,store,17.65,0
1041,2025-08-26 14:05:52.219500366,apparel,mobile_app,35.76,0
1041,2025-09-15 16:35:20.811421695,beauty,mobile_app,36.0,0
1041,2025-09-30 12:11:37.604876600,apparel,web,22.4,0
1041,2025-10-27 11:26:23.218661354,sports,mobile_app,47.57,0
1041,2025-11-12 04:25:52.245962559,electronics,mobile_app,26.78,0
1041,2025-12-28 02:48:50.215038570,grocery,mobile_app,36.14,0
1041,2026-01-09 12:28:49.547254855,apparel,web,105.31,0
1041,2026-01-13 17:19:16.764209887,electronics,store,96.8,0
1041,2026-05-12 03:12:23.185412635,sports,store,15.57,0
1041,2026-05-30 09:25:55.989904907,home,mobile_app,65.61,0
1041,2026-06-11 17:24:49.936623907,electronics,web,27.89,0
1041,2026-07-29 11:31:20.969301107,apparel,mobile_app,22.49,0
1042,2024-08-21 18:05:17.375283845,sports,web,14.15,0
1042,2024-10-25 12:18:37.406524447,apparel,web,10.6,0
1042,2024-11-15 21:14:33.257365464,electronics,web,87.94,0
1042,2024-12-06 18:40:43.677969079,beauty,mobile_app,48.5,0
1042,2024-12-12 19:07:16.523498805,grocery,mobile_app,19.66,0
1042,2025-02-01 10:55:54.279523301,home,web,34.32,0
1042,2025-02-14 09:28:46.966062156,electronics,mobile_app,55.95,0
1042,2025-03-24 11:02:42.953845526,sports,mobile_app,21.9,0
1042,2025-04-20 05:21:01.354806712,sports,web,32.7,0
1042,2025-06-09 04:54:49.890156668,home,store,25.84,0
1042,2025-07-07 11:58:20.313681370,home,mobile_app,19.85,0
1042,2025-08-03 10:04:30.414512056,apparel,web,79.14,0
1042,2025-11-05 15:58:34.522641498,beauty,store,14.6,0
1042,2025-11-24 21:33:16.082342315,grocery,mobile_app,30.47,0
1042,2025-12-01 19:59:52.895358393,beauty,web,128.75,0
1042,2026-03-01 14:32:49.099759152,electronics,web,19.69,0
1042,2026-04-08 01:34:50.715575472,apparel,mobile_app,30.14,1
1042,2026-04-26 04:53:57.339950681,apparel,mobile_app,29.92,0
1042,2026-06-07 02:11:03.302890308,electronics,mobile_app,30.11,0
1043,2025-09-26 05:03:11.576738077,beauty,mobile_app,13.35,0
1043,2025-10-12 03:53:44.044375739,beauty,web,45.5,0
1043,2025-11-04 23:00:49.580129192,grocery,mobile_app,20.49,0
1043,2025-12-13 16:14:48.336191659,apparel,store,26.55,0
1043,2026-01-28 06:11:40.589239969,grocery,mobile_app,13.56,0
1043,2026-07-25 06:03:08.008513656,grocery,web,73.89,0
1044,2026-01-09 19:52:13.558015123,beauty,web,36.55,0
1045,2025-05-03 10:28:03.942308007,sports,mobile_app,62.43,0
1045,2025-06-02 22:27:28.991972696,apparel,web,45.62,0
1045,2025-09-07 12:18:13.242183601,sports,web,14.98,0
1045,2026-02-16 05:05:54.683229155,grocery,store,130.52,0
1045,2026-04-10 20:07:04.733647557,beauty,web,40.44,0
1045,2026-04-27 19:20:31.611619755,beauty,mobile_app,9.43,0
1045,2026-05-09 12:47:47.309955968,beauty,store,35.59,0
1045,2026-06-23 22:35:39.587071601,sports,web,93.19,0
1045,2026-07-25 08:56:23.429463191,sports,mobile_app,26.38,0
1047,2026-04-23 09:08:01.094099819,beauty,web,80.84,0
1047,2026-04-27 18:07:27.552225997,electronics,web,48.67,0
1047,2026-07-15 01:11:59.353938315,sports,web,91.93,0
1048,2025-09-18 23:52:00.256389793,sports,web,11.27,0
1048,2025-10-31 11:11:22.837993561,beauty,web,21.81,0
1048,2025-11-20 00:50:15.481188917,apparel,mobile_app,52.25,0
1048,2025-11-26 03:12:29.367688231,sports,web,10.78,0
1048,2025-12-17 11:14:55.799833249,apparel,store,109.68,0
1048,2026-02-14 02:19:05.124861734,grocery,web,25.6,0
1048,2026-02-14 10:01:42.410190841,sports,web,26.36,0
1048,2026-04-01 17:52:27.738966686,electronics,mobile_app,30.42,0
1049,2026-03-27 09:08:15.323910640,home,web,76.23,0
1049,2026-04-02 07:14:20.995663753,grocery,store,30.66,0
1049,2026-04-18 13:03:10.477331295,apparel,store,132.07,0
1049,2026-06-16 14:23:54.867860849,home,store,78.86,0
1049,2026-07-18 21:43:14.444679153,apparel,store,14.63,0
1050,2026-04-17 22:18:59.598360640,electronics,mobile_app,36.35,0
1050,2026-04-27 15:06:54.432570166,sports,web,46.13,0
1050,2026-04-28 16:57:12.408546073,grocery,mobile_app,11.87,0
1051,2025-10-27 09:13:50.063746587,beauty,mobile_app,35.16,0
1051,2025-11-22 11:41:02.876063695,apparel,store,9.49,0
1051,2025-11-30 00:07:20.816202476,beauty,store,13.35,0
1051,2025-12-09 06:42:28.549575502,electronics,web,145.5,1
1051,2025-12-28 21:30:45.042498729,home,web,8.3,0
1051,2026-01-03 14:21:00.357162362,beauty,store,76.14,0
1051,2026-01-09 01:57:22.373299613,grocery,mobile_app,76.02,0
1051,2026-01-09 05:36:38.561157438,electronics,store,26.99,0
1051,2026-02-10 19:05:12.559999468,sports,web,34.35,0
1051,2026-03-21 16:07:39.385422524,electronics,web,8.88,0
1051,2026-04-20 14:27:52.368829134,grocery,mobile_app,12.94,0
1051,2026-05-16 21:10:56.262982619,electronics,web,105.56,1
1051,2026-05-26 11:30:31.674312337,grocery,web,52.85,0
1051,2026-07-12 06:46:56.031991580,apparel,store,12.88,0
1052,2026-04-30 14:41:23.575801702,electronics,web,21.36,0
1052,2026-05-17 13:11:45.669669571,beauty,web,34.24,0
1052,2026-05-28 07:08:49.919895491,sports,store,11.14,0
1052,2026-06-07 11:05:49.122405448,home,store,41.15,0
1052,2026-07-23 16:28:26.817936753,sports,mobile_app,36.8,0
1053,2025-08-21 23:19:42.842057806,electronics,web,51.91,0
1053,2025-11-25 18:09:29.340551757,electronics,web,21.44,0
1053,2026-04-11 20:33:47.460339876,home,web,68.21,0
1053,2026-04-30 04:22:40.780720638,electronics,store,79.46,0
1053,2026-05-12 17:18:03.585150415,sports,web,38.74,0
1053,2026-06-30 10:58:52.482085433,electronics,mobile_app,72.62,0
1054,2024-05-22 18:24:46.722604433,beauty,web,59.26,1
1054,2024-10-17 02:41:19.953375888,apparel,store,7.76,0
1054,2024-10-19 00:12:08.902336896,beauty,web,61.87,1
1054,2024-11-19 16:39:50.389944489,sports,mobile_app,120.26,0
1054,2024-12-16 15:01:09.839011435,beauty,web,15.99,0
1054,2024-12-25 01:02:38.500509285,home,web,28.15,0
1054,2025-01-07 02:58:46.325087593,sports,mobile_app,69.24,0
1054,2025-02-23 11:04:07.705084616,apparel,mobile_app,24.35,0
1054,2025-02-27 23:58:45.330302704,electronics,web,17.2,0
1054,2025-03-07 15:48:49.813196182,home,store,22.22,0
1054,2025-03-10 07:12:45.360081303,grocery,mobile_app,48.78,0
1054,2025-03-22 00:54:13.843124053,electronics,web,223.85,0
1054,2025-05-05 02:25:29.500278448,grocery,web,115.69,0
1054,2025-05-09 02:44:06.502390242,home,store,42.66,0
1054,2025-05-20 20:12:38.667491246,home,store,22.06,0
1054,2025-05-30 04:07:24.125407747,apparel,mobile_app,34.99,0
1054,2025-06-19 12:10:18.530976119,apparel,web,20.9,0
1054,2025-07-11 17:44:12.076814095,sports,mobile_app,44.57,0
1054,2025-08-20 00:13:37.576070521,grocery,store,23.57,0
1054,2025-09-27 06:02:36.253242370,sports,store,149.03,0
1054,2026-02-18 23:03:13.216659506,grocery,web,22.73,0
1054,2026-04-29 00:58:17.935735705,grocery,mobile_app,10.88,0
1054,2026-05-23 08:24:49.043548544,apparel,mobile_app,7.8,0
1055,2026-07-22 00:39:36.455748561,home,mobile_app,39.85,0
1055,2026-07-24 13:25:10.649982438,home,web,28.64,0
1055,2026-07-27 12:04:44.074712548,sports,web,13.22,0
1056,2024-06-06 22:01:53.777675407,apparel,mobile_app,13.53,0
1056,2024-07-13 21:45:08.979047113,sports,store,11.97,0
1056,2024-08-25 03:46:29.350810154,home,mobile_app,38.77,0
1056,2024-10-09 16:54:35.985193163,home,web,18.97,0
1056,2025-02-07 22:14:20.700348268,beauty,web,3.0,0
1056,2025-02-15 00:02:16.479668714,apparel,web,38.21,0
1056,2025-04-23 22:18:08.845273668,grocery,store,6.68,0
1056,2025-05-02 04:19:26.958860320,home,mobile_app,13.04,0
1056,2025-05-02 06:14:50.592900774,grocery,mobile_app,27.25,0
1056,2025-08-02 21:15:28.874154865,beauty,store,41.89,0
1056,2025-08-06 14:01:22.416454186,apparel,store,94.04,0
1056,2025-11-13 21:31:11.957887391,sports,web,41.15,0
1056,2025-12-04 18:03:26.155472268,home,mobile_app,100.68,0
1056,2026-03-29 19:42:57.000828425,sports,web,6.68,0
1056,2026-05-10 17:52:51.475363398,home,mobile_app,40.85,0
1056,2026-05-28 11:52:53.532894951,beauty,mobile_app,203.04,0
1057,2026-05-12 06:03:41.503892259,beauty,web,23.55,0
1057,2026-05-26 05:44:20.180271469,sports,web,15.54,0
1057,2026-06-17 22:35:16.627960686,grocery,mobile_app,18.52,1
1057,2026-07-31 21:04:27.064755843,home,web,89.28,0
1058,2025-04-09 17:47:08.445333005,grocery,store,71.41,0
1058,2025-06-05 12:29:38.369562695,electronics,web,10.68,0
1058,2025-07-01 03:51:30.949385432,electronics,store,34.13,0
1058,2025-07-10 00:47:41.075582122,apparel,mobile_app,55.58,0
1058,2025-10-03 08:19:10.815930313,sports,web,37.52,0
1058,2025-10-11 12:58:55.664372848,electronics,web,6.32,0
1058,2025-11-09 22:05:45.401466601,home,store,8.96,0
1058,2025-11-23 13:06:59.839357528,apparel,store,59.17,0
1058,2025-11-28 09:14:07.803543048,grocery,mobile_app,20.71,0
1058,2025-12-03 06:52:24.983055538,home,store,55.75,0
1058,2026-01-22 17:20:01.781097499,electronics,web,8.75,0
1058,2026-03-16 21:51:59.755794020,apparel,mobile_app,14.89,0
1059,2025-10-27 07:32:57.867433242,apparel,mobile_app,7.33,0
1059,2026-02-06 09:22:12.779067386,sports,web,156.88,0
1059,2026-02-25 11:12:33.318689631,electronics,web,38.16,0
1059,2026-03-14 16:29:51.769880503,home,web,43.82,0
1059,2026-03-21 20:32:15.393910036,beauty,mobile_app,12.23,0
1059,2026-03-29 17:46:18.545263928,apparel,web,27.92,0
1060,2026-01-13 22:24:57.990490719,apparel,mobile_app,26.09,0
1060,2026-01-19 05:10:48.168312330,apparel,web,12.64,0
1060,2026-02-16 04:15:09.511049175,sports,web,38.28,1
1060,2026-06-08 02:05:20.465382806,apparel,web,45.54,0
1060,2026-06-30 01:54:38.828874937,apparel,web,60.59,0
1061,2026-03-28 02:16:06.658281377,beauty,web,31.98,0
1061,2026-04-14 07:10:53.711590717,home,web,73.09,0
1061,2026-04-15 05:44:11.259524501,electronics,mobile_app,47.82,0
1061,2026-04-27 16:42:58.865227267,sports,web,100.02,0
1061,2026-05-11 22:26:08.008706320,sports,web,112.52,0
1061,2026-05-19 02:48:43.690030002,sports,web,129.57,0
1061,2026-07-02 02:30:17.542130821,grocery,web,39.76,0
1061,2026-07-07 03:32:59.353707691,home,web,34.21,0
1061,2026-07-16 02:06:06.062244682,home,web,104.5,0
1062,2025-12-25 05:58:38.780284515,grocery,web,20.31,1
1062,2026-01-09 13:28:12.399614749,apparel,web,39.7,0
1062,2026-02-16 16:01:16.250651429,apparel,store,27.55,0
1062,2026-05-14 13:33:06.460743546,sports,mobile_app,14.99,0
1062,2026-05-23 06:38:27.582321054,home,store,94.75,0
1062,2026-05-24 20:06:22.408852133,grocery,mobile_app,84.72,0
1062,2026-07-06 12:32:40.379203269,apparel,mobile_app,52.09,0
1062,2026-07-13 04:24:36.135460219,beauty,store,20.11,0
1063,2026-06-23 08:28:37.262757286,apparel,mobile_app,17.18,0
1063,2026-06-26 12:37:29.947815941,apparel,web,19.32,0
1063,2026-07-04 05:59:07.181021809,sports,web,50.23,0
1064,2024-12-27 18:52:44.664923119,home,web,15.74,0
1064,2025-06-11 12:55:02.659648708,home,mobile_app,61.56,0
1064,2025-07-10 09:28:10.905276738,home,mobile_app,19.13,0
1064,2025-07-26 02:22:36.323839152,apparel,mobile_app,33.33,0
1064,2025-08-06 07:15:07.025575683,home,store,111.24,0
1064,2025-10-07 11:10:13.159427964,beauty,web,63.2,0
1064,2025-10-26 01:47:27.953713747,beauty,web,27.26,0
1064,2025-11-01 23:58:21.227862559,apparel,mobile_app,55.41,0
1064,2025-11-04 20:17:20.898017256,home,web,48.07,0
1065,2025-04-09 05:09:44.826751458,grocery,mobile_app,27.91,0
1065,2025-04-10 18:46:07.638388859,beauty,web,35.47,0
1065,2025-04-11 01:55:01.176984155,home,store,35.05,0
1065,2025-04-13 00:50:14.449237141,beauty,web,12.79,0
1065,2025-05-02 05:43:17.889950499,sports,web,32.93,0
1065,2025-05-02 20:03:17.987797746,home,store,64.38,0
1065,2025-05-24 01:17:40.457528800,home,web,88.05,0
1065,2025-06-07 19:37:36.529175499,home,web,247.22,0
1065,2025-09-12 01:38:26.400363648,sports,mobile_app,10.42,0
1065,2026-04-07 19:29:35.979695212,sports,mobile_app,17.21,0
1065,2026-05-04 04:16:10.121877774,electronics,web,146.55,0
1066,2026-06-09 11:38:19.516101844,sports,mobile_app,66.37,0
1066,2026-07-17 21:47:17.526232986,electronics,web,126.49,0
1066,2026-07-21 14:24:19.645167384,beauty,mobile_app,34.08,0
1067,2025-02-15 16:04:24.293281204,home,store,128.01,0
1067,2025-03-22 14:45:12.266624195,beauty,store,20.95,0
1067,2025-05-02 19:51:06.598625755,beauty,web,31.27,0
1067,2025-11-17 14:10:43.672434477,apparel,web,5.78,0
1067,2025-11-30 03:54:04.908125803,grocery,mobile_app,32.04,0
1067,2026-03-06 19:17:15.982016583,grocery,web,8.92,0
1067,2026-03-29 09:33:00.978084084,beauty,web,60.11,1
1067,2026-03-30 16:22:15.009874920,electronics,store,109.43,0
1067,2026-05-17 20:23:42.799176693,grocery,mobile_app,61.19,0
1067,2026-07-05 20:21:16.013700107,sports,store,86.79,0
1068,2025-08-17 22:01:20.975899648,apparel,web,76.49,0
1068,2025-08-24 03:29:06.486062534,beauty,mobile_app,15.03,0
1068,2025-08-31 20:57:14.376275136,beauty,web,48.56,0
1068,2025-09-11 11:45:49.360354618,sports,store,32.69,0
1068,2025-09-27 07:08:14.463770364,home,web,60.59,0
1068,2025-09-28 13:29:44.426808845,electronics,mobile_app,35.35,0
1068,2025-11-05 06:08:45.015523325,sports,web,57.69,0
1068,2025-11-20 02:54:21.084991465,sports,mobile_app,29.11,0
1068,2025-11-29 20:19:47.107512768,home,mobile_app,15.48,0
1068,2025-12-31 13:07:44.971768791,electronics,mobile_app,408.76,0
1068,2026-01-24 13:45:24.545634789,electronics,store,23.31,0
1068,2026-04-07 20:10:46.961246286,electronics,mobile_app,13.82,0
1068,2026-06-10 00:14:05.221014899,electronics,mobile_app,83.61,0
1069,2026-02-14 03:52:56.176028772,grocery,web,34.55,0
1069,2026-03-17 14:23:44.151466474,electronics,store,12.85,0
1069,2026-06-06 05:19:46.332585717,beauty,mobile_app,44.37,0
1069,2026-06-26 21:33:24.248405941,home,mobile_app,29.48,0
1070,2026-07-24 14:06:51.114984743,beauty,mobile_app,81.22,0
1071,2025-05-08 00:41:15.511344263,apparel,web,33.56,0
1071,2025-05-18 23:45:59.371548668,electronics,web,45.3,1
1071,2025-06-15 18:19:28.945585704,beauty,web,92.72,0
1071,2025-07-18 00:04:44.781729580,sports,mobile_app,30.54,0
1071,2025-08-02 07:47:28.147249436,beauty,mobile_app,59.27,0
1071,2025-08-27 00:57:28.136287178,home,mobile_app,147.9,0
1071,2025-08-30 09:39:01.724254920,beauty,web,42.99,0
1071,2025-10-08 04:53:32.564182800,grocery,web,55.51,0
1071,2025-10-31 17:59:50.339668298,home,mobile_app,13.18,0
1071,2025-11-10 16:47:56.330610775,grocery,mobile_app,63.22,0
1071,2025-12-24 20:37:46.568606100,grocery,mobile_app,80.12,0
1071,2026-01-26 01:12:33.965711148,grocery,store,10.56,0
1071,2026-04-03 03:11:57.600712243,apparel,web,15.31,0
1071,2026-04-13 19:03:39.798058320,sports,web,48.4,0
1071,2026-05-14 00:10:05.937581868,grocery,mobile_app,5.89,0
1072,2026-05-13 08:30:16.698462080,apparel,web,45.76,0
1073,2025-08-22 23:11:33.867665696,electronics,mobile_app,12.72,0
1073,2025-08-27 21:13:51.074832133,electronics,web,13.89,0
1073,2025-09-01 18:00:23.830667001,grocery,web,37.24,0
1073,2025-09-07 09:11:15.807584334,electronics,mobile_app,14.27,0
1073,2025-10-04 13:09:19.866626692,sports,mobile_app,15.04,0
1073,2025-11-05 14:20:37.286152224,electronics,store,23.06,0
1073,2026-01-19 00:32:37.065961876,apparel,store,15.7,0
1073,2026-03-06 10:34:40.856135549,grocery,mobile_app,17.53,0
1073,2026-03-16 15:37:09.223779015,beauty,web,66.37,0
1073,2026-04-26 14:33:08.938941642,apparel,web,43.23,1
1073,2026-06-21 04:35:34.445637330,beauty,web,103.05,0
1073,2026-07-02 21:22:47.052613992,grocery,mobile_app,9.66,0
1073,2026-07-13 16:06:04.615313884,home,mobile_app,19.71,0
1073,2026-07-31 01:04:22.625073175,electronics,web,285.48,0
1074,2025-05-02 08:15:52.721397116,grocery,web,13.42,0
1074,2025-08-02 03:35:31.562042062,grocery,store,23.98,0
1074,2025-10-01 05:00:22.401964374,apparel,mobile_app,12.0,1
1074,2026-01-31 11:00:01.817907898,apparel,mobile_app,19.05,0
1074,2026-03-01 00:08:35.507205485,grocery,web,119.07,0
1074,2026-07-15 17:00:15.241201762,home,web,42.67,0
1075,2025-09-26 14:25:49.660447141,electronics,web,12.19,0
1075,2025-10-01 12:45:22.501343126,beauty,web,10.93,0
1075,2025-12-01 17:11:26.426208933,beauty,web,54.8,0
1075,2025-12-08 13:13:04.064044230,home,mobile_app,21.42,0
1075,2026-02-27 10:30:41.212177843,electronics,web,32.7,0
1075,2026-03-07 11:45:41.120323296,apparel,mobile_app,32.09,0
1075,2026-03-14 18:37:53.094491277,sports,mobile_app,62.26,0
1075,2026-05-27 18:54:15.260762889,beauty,web,11.45,0
1075,2026-06-06 11:01:26.304272124,home,web,65.27,0
1075,2026-06-07 00:38:17.060619204,sports,web,43.22,0
1075,2026-06-23 22:53:21.791344704,apparel,web,51.78,0
1076,2026-06-03 21:20:52.715827211,apparel,web,20.83,0
1076,2026-06-22 20:13:17.691746673,beauty,web,17.92,0
1077,2025-09-29 21:32:03.686916336,sports,mobile_app,37.97,0
1077,2025-11-16 23:47:11.470962959,sports,store,26.79,0
1077,2026-03-30 18:48:19.500481665,home,mobile_app,106.8,0
1077,2026-06-07 13:55:26.982881991,apparel,web,40.91,0
1077,2026-06-29 07:07:23.304942270,beauty,mobile_app,20.89,0
1078,2026-07-17 23:42:28.205799645,sports,web,98.73,0
1078,2026-07-29 21:47:41.592288838,beauty,web,48.58,0
1079,2026-03-06 15:42:56.850115433,apparel,mobile_app,43.28,1
1079,2026-03-16 16:52:41.345712604,home,store,22.08,0
1079,2026-03-18 01:06:00.838414694,grocery,web,6.43,0
1079,2026-04-10 02:37:55.050010200,electronics,mobile_app,48.28,0
1079,2026-04-13 11:53:44.018506971,sports,web,33.26,0
1079,2026-04-16 15:56:55.557672061,beauty,store,10.18,0
1079,2026-04-28 10:30:18.237030889,beauty,store,27.3,0
1079,2026-06-09 19:16:06.103997346,home,web,13.04,0
1079,2026-06-23 12:07:17.191312352,sports,mobile_app,136.67,0
1079,2026-07-20 04:33:53.336383716,home,web,52.02,0
1079,2026-07-21 04:29:02.052382964,electronics,web,10.95,0
1080,2025-05-05 05:16:09.940609981,beauty,web,41.17,0
1080,2025-07-18 03:40:24.258761861,home,web,16.27,0
1080,2025-08-27 11:15:23.301384342,grocery,mobile_app,6.49,0
1080,2025-12-30 10:48:49.718371778,home,web,32.09,1
1080,2026-01-08 11:16:44.582831029,home,web,5.98,0
1081,2024-09-12 18:21:52.623808062,electronics,mobile_app,163.89,0
1081,2024-09-24 10:36:50.400046639,apparel,web,120.13,0
1081,2025-02-04 18:05:39.087179172,sports,store,67.16,0
1081,2025-04-12 18:20:42.350930639,beauty,web,19.69,1
1081,2025-06-18 12:26:32.820864254,beauty,mobile_app,109.3,0
1081,2025-07-14 05:32:01.499258199,apparel,web,54.67,0
1081,2025-08-19 15:51:29.263460167,electronics,mobile_app,300.26,0
1081,2025-09-11 21:16:29.491040044,electronics,web,51.62,0
1081,2025-09-17 00:10:25.544517071,grocery,web,17.52,0
1081,2025-09-18 05:18:55.590295876,apparel,store,21.09,0
1081,2025-09-18 05:32:38.871571874,grocery,web,7.14,0
1081,2025-09-23 21:54:33.373302878,sports,web,48.0,0
1081,2025-10-05 08:47:02.897998464,sports,web,35.8,0
1081,2025-10-17 11:42:16.504360123,apparel,web,35.48,0
1081,2026-01-12 13:47:41.274534195,beauty,web,26.44,0
1081,2026-03-03 20:27:08.237050157,apparel,mobile_app,112.98,0
1081,2026-03-28 13:38:14.773654001,apparel,web,25.84,0
1081,2026-04-17 08:11:18.845734016,beauty,mobile_app,30.63,0
1081,2026-05-03 10:29:48.372993456,beauty,web,17.84,0
1081,2026-06-08 02:21:35.378274877,electronics,mobile_app,26.21,0
1082,2026-02-23 20:25:29.362677730,grocery,store,16.27,0
1082,2026-03-10 17:50:39.866357663,sports,web,63.17,0
1082,2026-03-22 21:52:19.819900152,grocery,mobile_app,22.43,0
1082,2026-04-10 20:47:09.613292448,grocery,mobile_app,7.92,0
1082,2026-04-23 09:17:29.736269333,apparel,mobile_app,10.07,0
1082,2026-04-25 14:19:53.951511934,home,web,6.56,0
1082,2026-05-15 02:31:49.195218283,apparel,store,217.45,0
1082,2026-06-14 19:31:28.331596244,home,web,53.04,0
1082,2026-07-03 20:05:15.370960814,electronics,mobile_app,8.57,0
1082,2026-07-15 18:34:23.297613396,grocery,mobile_app,24.48,0
1082,2026-07-19 18:13:54.842922774,grocery,store,23.22,0
1082,2026-07-29 01:23:54.665266653,apparel,store,81.93,0
1083,2025-09-10 13:17:36.988603645,sports,web,19.41,0
1083,2025-09-30 07:43:00.128165806,electronics,mobile_app,45.97,0
1083,2025-10-02 16:54:56.594508074,grocery,store,157.33,0
1083,2025-10-03 07:42:50.075551034,electronics,mobile_app,16.63,0
1083,2025-10-14 05:38:13.212252851,electronics,web,49.65,0
1083,2025-10-17 07:16:50.194882607,home,web,42.81,0
1083,2025-10-18 08:57:52.200742511,apparel,web,13.05,0
1083,2026-02-23 01:32:14.346158678,electronics,web,13.38,0
1083,2026-02-25 17:20:36.894635316,electronics,web,11.29,0
1083,2026-03-09 07:13:48.946837435,electronics,store,94.45,0
1083,2026-03-10 13:18:48.429564573,sports,web,107.27,0
1083,2026-03-25 03:45:46.480071897,beauty,store,28.46,0
1083,2026-04-10 12:24:12.877448432,sports,mobile_app,27.21,0
1083,2026-05-04 23:29:44.562642288,apparel,mobile_app,50.53,0
1083,2026-06-28 13:24:19.305749431,apparel,mobile_app,30.43,0
1083,2026-07-04 14:59:57.833453161,apparel,web,15.83,0
1084,2026-03-15 23:52:35.361338474,beauty,web,8.45,0
1084,2026-03-26 13:09:14.927685025,apparel,mobile_app,27.0,0
1084,2026-04-01 06:29:44.260052756,electronics,mobile_app,39.85,0
1084,2026-07-04 13:48:22.862425773,apparel,web,16.31,0
1084,2026-07-05 23:58:50.411665889,home,store,15.95,0
1084,2026-07-07 20:52:25.445664048,sports,web,57.97,0
1085,2026-03-23 06:43:01.920845111,apparel,mobile_app,94.48,0
1085,2026-05-06 13:33:45.886092803,electronics,web,27.34,0
1085,2026-05-09 04:21:06.345794613,grocery,web,80.32,0
1085,2026-05-15 06:05:20.425337281,sports,mobile_app,628.72,0
1086,2024-10-13 15:19:15.457215343,apparel,web,36.17,0
1086,2024-10-15 16:54:35.716678103,sports,web,35.0,0
1086,2024-11-19 07:45:38.404646134,grocery,mobile_app,29.02,0
1086,2025-01-30 15:10:10.376987757,grocery,web,48.72,0
1086,2025-03-06 00:04:29.573867666,apparel,web,21.76,0
1086,2025-05-17 14:24:21.548514171,sports,web,15.28,0
1086,2025-06-22 06:09:56.829750570,electronics,mobile_app,70.97,0
1086,2025-07-22 20:31:38.347336837,beauty,web,16.02,0
1086,2025-07-26 03:25:52.111545946,apparel,web,24.29,0
1086,2025-08-31 16:15:20.858225023,electronics,web,19.85,0
1086,2026-02-07 06:14:38.887503562,grocery,mobile_app,116.91,0
1086,2026-03-07 21:17:32.954667415,beauty,web,92.49,0
1086,2026-04-01 04:04:27.876140475,home,mobile_app,21.12,0
1086,2026-05-26 13:09:29.409324250,grocery,store,91.06,0
1086,2026-06-07 13:59:42.272659937,apparel,mobile_app,44.72,0
1086,2026-07-10 01:24:09.920119574,beauty,store,33.2,0
1086,2026-07-20 20:58:02.824653539,home,store,39.58,0
1086,2026-07-23 12:28:37.447384403,beauty,web,53.18,0
1087,2025-03-24 11:05:22.623300652,home,store,65.16,0
1087,2025-06-27 09:05:01.286908057,apparel,mobile_app,13.85,0
1087,2025-07-13 01:09:09.960561813,grocery,web,14.93,1
1087,2025-07-17 09:39:45.815980378,electronics,mobile_app,60.68,0
1087,2025-09-27 12:27:03.018358201,grocery,web,56.49,0
1087,2025-11-13 17:34:52.728370084,beauty,web,17.7,0
1087,2025-12-02 15:15:35.130883329,electronics,mobile_app,187.39,0
1087,2026-01-04 07:58:06.088977218,electronics,store,7.62,0
1087,2026-03-07 04:15:56.293262597,sports,web,59.15,0
1087,2026-04-03 15:24:55.476960967,grocery,web,67.45,0
1087,2026-04-15 17:33:26.862121403,home,mobile_app,62.02,0
1087,2026-05-22 01:19:26.552763480,home,web,9.6,0
1087,2026-07-14 20:20:48.660300183,sports,web,140.07,1
1088,2025-01-31 22:17:39.081271071,electronics,web,15.84,0
1088,2025-02-04 10:39:38.155668409,home,web,34.93,0
1088,2025-02-08 11:07:45.425983357,grocery,web,10.53,0
1088,2025-02-26 15:51:54.771523163,grocery,web,36.51,1
1088,2025-03-18 00:18:44.158326993,sports,mobile_app,39.88,0
1088,2025-03-20 08:57:38.998183574,sports,mobile_app,64.07,0
1088,2025-04-11 09:56:10.413738788,beauty,web,53.05,0
1088,2025-05-04 00:18:37.367090701,home,web,57.82,0
1088,2025-05-23 23:28:44.246042513,sports,store,8.3,0
1088,2025-05-29 20:54:26.574986958,electronics,web,142.49,0
1088,2025-06-27 07:26:42.733844584,electronics,mobile_app,18.94,0
1088,2025-09-18 05:36:40.868737529,sports,mobile_app,29.64,1
1088,2025-10-15 07:35:10.646225996,electronics,mobile_app,9.24,1
1088,2025-12-03 02:58:24.856296310,sports,web,5.82,1
1088,2025-12-11 11:18:00.777773463,beauty,web,18.8,0
1088,2026-01-18 04:33:01.310538621,apparel,web,22.53,1
1088,2026-02-15 05:16:39.972733197,beauty,mobile_app,67.36,0
1088,2026-02-16 08:08:03.418408148,beauty,mobile_app,140.12,0
1088,2026-03-24 03:51:42.079951089,beauty,mobile_app,11.48,0
1088,2026-03-31 15:36:46.003049851,sports,web,31.49,0
1088,2026-05-28 13:45:02.484621116,sports,store,23.01,0
1088,2026-06-05 03:36:46.266954011,home,web,135.61,0
1088,2026-07-17 04:33:48.314194059,sports,mobile_app,252.43,0
1089,2025-12-17 00:14:42.574686902,beauty,web,14.21,0
1089,2025-12-24 08:39:35.499906654,beauty,store,42.71,0
1089,2026-01-01 13:09:23.062831431,grocery,web,53.47,0
1089,2026-01-28 11:18:01.970758803,beauty,web,3.0,0
1089,2026-04-30 11:33:53.305343491,grocery,mobile_app,83.42,0
1089,2026-05-25 08:45:36.239424725,electronics,store,69.89,0
1090,2026-03-11 03:52:27.176270739,home,web,21.17,0
1090,2026-04-09 08:19:46.303645752,home,store,30.79,0
1090,2026-07-14 12:59:22.297987522,sports,web,144.6,0
1091,2025-09-29 21:24:25.492115365,apparel,store,32.53,0
1091,2025-09-30 04:43:31.352918843,sports,mobile_app,35.46,0
1091,2025-11-03 07:43:09.865344769,beauty,mobile_app,56.43,0
1091,2025-11-21 00:52:14.868569027,beauty,mobile_app,173.36,0
1091,2026-03-02 15:15:06.337033491,beauty,mobile_app,169.1,0
1091,2026-04-10 23:24:19.693737084,beauty,web,11.14,0
1091,2026-05-09 03:52:47.131807728,home,store,15.59,0
1091,2026-05-26 19:59:59.841429274,sports,store,20.66,0
1091,2026-06-09 07:10:03.107551953,home,mobile_app,40.39,0
1091,2026-07-04 09:47:42.601894101,apparel,store,18.39,0
1092,2026-06-17 03:28:10.706991615,home,mobile_app,14.24,0
1092,2026-06-23 05:29:00.584779131,grocery,store,13.34,0
1092,2026-07-18 22:20:45.108981670,sports,store,63.7,0
1092,2026-07-19 08:52:25.312956145,beauty,mobile_app,14.38,0
1092,2026-07-25 19:33:25.997128811,home,mobile_app,21.14,0
1092,2026-07-29 17:23:59.761269370,grocery,web,58.4,0
1093,2025-05-23 14:44:57.534150910,beauty,store,49.88,0
1093,2025-08-27 05:30:25.353912802,apparel,web,10.7,0
1093,2025-09-24 04:00:42.984927767,beauty,mobile_app,89.57,0
1093,2025-10-06 01:47:25.863340975,sports,store,21.45,0
1093,2025-10-12 09:58:58.285417072,electronics,web,181.97,0
1093,2025-11-27 14:35:27.966404003,beauty,store,28.71,0
1093,2026-01-04 20:11:11.414182987,electronics,web,56.61,0
1093,2026-03-09 06:23:07.187311836,sports,mobile_app,3.0,0
1093,2026-05-17 02:41:33.170771199,apparel,mobile_app,35.73,0
1093,2026-06-14 01:32:20.195300498,sports,web,13.99,0
1094,2026-04-20 15:48:18.661030964,sports,web,19.97,0
1094,2026-04-29 22:30:02.470203121,home,web,46.84,1
1094,2026-07-02 14:45:10.358513848,apparel,web,20.44,0
1094,2026-07-19 08:41:51.134504234,apparel,store,10.47,0
1095,2026-02-17 12:58:39.244246254,grocery,web,28.28,0
1095,2026-06-09 07:02:03.891799073,grocery,web,7.37,0
1095,2026-06-11 01:58:03.982408266,home,web,13.65,0
1095,2026-07-04 11:48:21.838989169,apparel,web,30.28,0
1095,2026-07-27 01:04:43.981039814,beauty,mobile_app,13.9,0
1096,2026-06-04 15:51:44.085411634,electronics,web,20.89,0
1096,2026-06-22 23:34:24.544752526,apparel,store,52.09,1
1096,2026-07-29 12:52:34.776426686,grocery,web,6.92,0
1097,2025-06-25 04:24:55.329254839,home,web,57.72,0
1097,2025-10-14 13:37:47.318537085,sports,web,29.03,0
1097,2026-03-08 10:33:24.197642998,beauty,mobile_app,50.34,0
1097,2026-03-19 07:36:30.815767132,apparel,web,10.67,0
1097,2026-04-04 12:33:54.489778578,grocery,mobile_app,14.86,0
1097,2026-04-14 22:29:21.114766632,sports,mobile_app,50.08,0
1097,2026-06-24 17:00:05.947962786,grocery,web,35.6,0
1098,2026-01-14 18:06:14.912755261,electronics,web,8.32,0
1098,2026-01-26 14:01:27.429786754,electronics,web,55.49,0
1098,2026-02-09 17:36:01.918333659,apparel,store,27.08,0
1098,2026-02-25 03:54:11.730105064,home,web,6.42,1
1098,2026-03-05 21:32:04.894763972,home,web,11.35,0
1098,2026-03-30 11:25:42.589377293,electronics,store,139.54,0
1098,2026-04-04 22:40:13.834313331,sports,web,41.92,0
1098,2026-04-16 23:59:06.112129800,sports,mobile_app,32.06,0
1098,2026-04-20 18:45:17.803586100,electronics,web,46.44,0
1098,2026-05-21 13:58:08.121610140,beauty,web,21.11,0
1098,2026-06-07 04:10:45.572435248,apparel,web,4.35,0
1098,2026-06-12 04:52:22.934951136,grocery,mobile_app,175.58,0
1098,2026-07-07 01:13:48.105729797,electronics,web,93.48,0
1098,2026-07-10 01:57:05.824392403,home,web,42.05,0
1098,2026-07-11 21:45:12.163288407,grocery,web,35.7,0
1098,2026-07-30 06:39:59.876258501,grocery,mobile_app,84.74,0
1099,2026-07-25 10:53:10.373701802,sports,web,4.72,0
1101,2025-11-02 22:21:32.573974444,beauty,mobile_app,31.71,0
1101,2025-11-29 14:25:11.218464970,grocery,store,22.03,0
1101,2026-01-12 22:29:44.889177694,home,web,28.84,0
1101,2026-01-21 10:44:08.988380670,home,web,66.77,0
1101,2026-06-27 10:25:44.817255524,electronics,store,117.33,0
1101,2026-07-01 09:09:34.362042912,beauty,mobile_app,53.23,0
1102,2025-08-18 08:22:11.084378394,home,mobile_app,44.82,0
1102,2025-09-21 08:54:45.134402349,grocery,mobile_app,34.43,0
1102,2026-01-20 03:30:45.644653455,beauty,mobile_app,20.86,0
1102,2026-02-19 20:07:22.054799566,sports,store,45.66,1
1102,2026-03-03 07:34:28.697376948,home,store,11.77,0
1102,2026-05-09 14:36:28.397028062,home,mobile_app,14.49,0
1102,2026-07-04 04:02:49.460521411,electronics,mobile_app,63.35,0
1102,2026-07-30 21:12:03.117628472,home,web,13.98,0
1103,2025-10-30 19:34:17.016724229,beauty,mobile_app,51.09,0
1103,2026-02-01 17:27:41.751849667,sports,mobile_app,100.03,0
1103,2026-02-08 00:56:26.911656624,home,web,38.67,0
1103,2026-03-02 01:00:04.223534447,electronics,web,5.03,0
1103,2026-04-06 00:38:48.839642454,beauty,mobile_app,17.4,0
1103,2026-04-07 19:39:24.412242344,apparel,mobile_app,35.65,0
1103,2026-04-10 17:06:38.626408449,electronics,web,32.65,0
1103,2026-04-11 23:32:09.006023297,home,mobile_app,28.51,0
1103,2026-06-19 05:40:15.881267661,sports,web,69.88,0
1104,2026-06-20 00:10:16.155903873,beauty,web,17.82,0
1104,2026-07-03 12:42:10.520709757,beauty,store,36.55,0
1104,2026-07-20 03:01:51.935332020,grocery,mobile_app,69.71,0
1105,2025-12-16 20:27:26.668250747,beauty,mobile_app,26.92,0
1105,2025-12-27 00:51:02.616786928,electronics,web,15.08,0
1105,2026-03-08 02:38:13.876665784,grocery,mobile_app,104.22,0
1105,2026-03-10 16:05:08.563108183,beauty,web,69.17,0
1105,2026-03-28 09:02:08.027554802,sports,mobile_app,284.3,0
1105,2026-07-18 23:16:40.604616538,home,store,31.74,0
1105,2026-07-30 21:37:58.356050829,sports,store,5.69,0
1106,2026-04-23 15:46:11.884175864,sports,web,45.45,0
1106,2026-05-12 14:08:23.882651074,grocery,mobile_app,12.78,0
1106,2026-05-20 09:43:23.390606692,electronics,web,46.98,0
1106,2026-06-06 16:07:34.203424723,beauty,web,46.76,0
1106,2026-06-20 03:16:58.237536288,beauty,web,66.54,0
1106,2026-07-04 00:02:29.372655095,apparel,web,33.09,1
1107,2026-02-28 01:38:05.359083150,grocery,store,71.71,0
1107,2026-03-01 22:19:52.227515681,electronics,mobile_app,21.53,0
1107,2026-03-14 16:42:00.773108856,home,web,9.34,0
1107,2026-04-14 21:42:32.040890361,grocery,web,28.8,0
1107,2026-04-17 11:46:25.032914285,home,store,25.85,0
1107,2026-06-28 12:43:50.010861188,electronics,mobile_app,16.0,0
1107,2026-07-04 01:52:56.950665367,electronics,web,85.47,0
1107,2026-07-13 06:38:20.349468641,beauty,web,21.52,0
1108,2024-10-03 20:42:35.405916049,apparel,web,138.85,1
1108,2025-02-03 08:00:13.683797093,apparel,web,29.17,0
1108,2025-03-05 21:49:10.628037711,beauty,store,25.83,0
1108,2025-03-17 03:41:33.483354824,beauty,web,12.27,0
1108,2025-04-25 01:20:19.533296064,home,web,124.57,0
1108,2025-05-02 18:04:07.361548896,sports,web,18.79,0
1108,2025-06-28 22:46:58.933190079,sports,store,33.39,0
1108,2025-09-10 09:34:45.038906755,apparel,mobile_app,25.89,0
1108,2025-09-14 17:58:04.138082406,apparel,web,63.75,0
1108,2025-09-27 17:23:40.190478199,sports,mobile_app,30.6,0
1108,2025-10-20 17:02:23.841591389,grocery,mobile_app,8.04,0
1108,2026-01-28 00:16:16.516448208,home,store,20.49,0
1108,2026-03-27 19:28:15.620484000,electronics,store,47.48,0
1108,2026-05-18 17:57:17.325808100,home,mobile_app,16.29,0
1108,2026-07-25 09:46:33.810353697,apparel,mobile_app,31.61,0
1109,2024-12-26 00:37:40.838902865,sports,web,28.89,0
1109,2025-01-12 21:11:24.746811847,beauty,web,14.9,0
1109,2025-03-29 00:53:32.429695339,beauty,mobile_app,18.96,0
1109,2025-06-06 10:21:42.156483455,home,web,7.81,0
1109,2025-10-08 06:28:23.441146758,home,web,5.92,0
1109,2025-10-29 18:24:20.323886942,beauty,store,266.45,0
1109,2026-05-04 07:56:47.927295315,apparel,mobile_app,15.68,0
1111,2025-04-26 02:59:40.502296447,home,web,103.84,1
1111,2025-06-04 09:21:47.394948906,beauty,mobile_app,74.8,0
1111,2025-09-06 15:54:21.080501183,electronics,web,190.62,0
1111,2025-09-09 15:23:17.297629426,home,store,36.18,0
1111,2025-10-13 02:04:43.264623882,apparel,store,10.11,0
1111,2025-12-01 16:10:38.963480535,electronics,web,4.15,0
1111,2026-03-11 11:45:14.349448743,electronics,mobile_app,6.55,0
1111,2026-04-14 09:56:51.068296819,sports,store,75.75,0
1112,2026-03-16 11:40:00.970326872,electronics,web,22.8,0
1112,2026-05-12 08:39:51.164207240,sports,web,22.08,0
1112,2026-05-17 04:03:21.195568668,sports,mobile_app,3.0,0
1112,2026-07-02 18:30:45.941909856,sports,web,117.85,0
1112,2026-07-14 00:01:32.081857320,apparel,web,56.66,0
1113,2026-02-03 13:40:50.775959831,electronics,store,20.56,0
1113,2026-03-02 04:26:18.182117994,sports,mobile_app,73.48,0
1113,2026-03-17 07:01:31.874164657,grocery,web,27.3,0
1113,2026-06-26 02:50:12.423056560,home,web,42.89,1
1114,2026-04-08 00:37:12.539041148,electronics,mobile_app,235.43,0
1114,2026-04-08 22:58:47.958354941,beauty,web,133.05,0
1114,2026-04-20 00:26:03.296748682,beauty,web,34.47,0
1114,2026-05-30 13:08:20.167270262,sports,mobile_app,12.84,0
1114,2026-06-04 05:36:32.501163658,grocery,mobile_app,120.1,0
1114,2026-06-28 09:19:03.125917134,home,mobile_app,22.59,0
1115,2026-05-08 10:08:28.600716288,apparel,mobile_app,20.77,0
1115,2026-06-26 08:18:38.445644146,grocery,store,21.92,0
1115,2026-07-04 17:10:15.542988776,grocery,mobile_app,64.71,0
1116,2025-06-12 08:10:36.011554917,sports,mobile_app,36.91,0
1116,2025-06-25 10:47:35.882977566,grocery,web,42.89,0
1116,2025-07-12 21:00:02.970903183,electronics,web,23.05,0
1116,2025-07-28 01:57:16.048665191,grocery,mobile_app,3.0,0
1116,2025-08-30 02:40:39.902980708,grocery,mobile_app,66.31,0
1116,2025-10-09 03:20:10.397794065,apparel,web,19.71,0
1116,2026-02-27 12:37:21.988390322,sports,web,19.64,0
1116,2026-02-28 22:22:35.091968400,sports,mobile_app,60.42,0
1116,2026-06-17 14:14:07.001462902,home,web,85.71,0
1117,2024-02-29 18:44:13.034581037,beauty,store,25.03,0
1117,2024-05-13 06:11:11.299037882,grocery,web,33.23,0
1117,2024-06-17 02:53:31.278791452,home,web,9.76,0
1117,2024-07-11 19:11:54.750682076,grocery,mobile_app,75.35,0
1117,2024-07-25 00:48:19.406183746,sports,store,55.14,0
1117,2024-09-11 16:31:07.186061462,electronics,mobile_app,26.85,0
1117,2024-09-24 00:49:25.820197945,sports,store,49.8,0
1117,2025-01-16 18:37:25.251547302,apparel,web,25.92,0
1117,2025-01-23 06:08:33.830279748,home,mobile_app,15.32,0
1117,2025-02-10 23:34:03.666751905,sports,mobile_app,16.02,0
1117,2025-03-22 07:28:09.971876528,sports,mobile_app,34.28,0
1117,2025-06-21 17:27:12.995325294,apparel,web,42.77,0
1117,2025-07-07 02:28:55.881592176,home,mobile_app,56.88,0
1117,2025-10-24 01:56:32.331269884,apparel,web,22.04,0
1117,2025-10-26 04:07:52.625190355,electronics,web,21.05,1
1117,2026-02-27 04:43:39.358028419,apparel,mobile_app,41.65,0
1117,2026-07-14 07:19:42.326449966,apparel,web,5.81,0
1118,2025-10-14 07:38:46.336835899,grocery,web,9.16,0
1118,2025-10-15 11:51:44.578183490,apparel,web,11.96,0
1118,2025-10-18 05:34:10.539768312,electronics,web,8.0,0
1118,2025-10-30 03:48:43.067798606,apparel,mobile_app,42.98,0
1118,2025-11-25 19:02:32.487858419,electronics,store,29.4,1
1118,2025-12-17 06:58:31.379976118,grocery,store,24.51,0
1118,2026-01-05 08:42:49.767086803,apparel,store,47.31,0
1118,2026-01-06 03:35:34.161335664,home,web,56.95,1
1118,2026-01-06 23:26:42.128253698,home,store,82.58,1
1118,2026-01-27 06:12:19.612820898,sports,web,67.12,0
1118,2026-04-27 12:36:38.836559947,grocery,mobile_app,43.57,0
1118,2026-05-18 18:17:10.710623904,sports,store,25.69,1
1118,2026-05-27 15:55:05.154705584,home,mobile_app,21.13,0
1119,2024-11-06 10:22:26.416365197,grocery,store,12.78,0
1119,2024-12-02 18:24:00.301519942,electronics,mobile_app,11.57,0
1119,2025-01-15 11:27:53.364785046,sports,store,10.05,0
1119,2025-02-19 09:21:19.871398645,sports,mobile_app,18.86,0
1119,2025-03-10 09:02:53.409502225,apparel,mobile_app,266.52,0
1119,2025-03-19 01:18:45.347979958,electronics,mobile_app,119.6,0
1119,2025-03-20 14:41:35.673804626,apparel,mobile_app,42.99,0
1119,2025-07-22 23:06:06.344858520,grocery,mobile_app,74.19,0
1119,2025-10-17 14:02:45.827920669,grocery,mobile_app,24.73,0
1119,2025-12-15 17:02:34.548259854,sports,mobile_app,15.52,0
1119,2026-03-25 19:38:08.700530194,apparel,store,8.78,0
1119,2026-04-04 06:03:32.683601431,electronics,web,48.13,0
1119,2026-07-11 03:02:58.973779505,grocery,store,9.28,0
1120,2025-08-20 20:05:37.245601557,electronics,web,17.95,1
1120,2025-09-10 07:37:36.724299670,apparel,web,125.27,0
1120,2026-03-14 11:48:36.251254662,grocery,web,34.49,0
1120,2026-03-20 00:08:39.168263841,sports,web,17.04,0
1120,2026-04-09 05:40:05.024927534,home,web,6.68,0
1120,2026-06-05 14:01:31.083773322,grocery,store,83.45,0
1122,2026-06-01 15:13:37.389502163,apparel,store,11.95,0
1123,2026-01-24 22:02:07.059820105,apparel,web,4.21,0
1123,2026-03-30 22:25:56.279741762,home,web,42.21,0
1123,2026-04-08 08:47:05.505075333,apparel,web,41.11,0
1123,2026-04-15 22:14:51.858560087,sports,web,49.79,0
1123,2026-04-24 13:43:21.020586189,grocery,mobile_app,10.45,0
1124,2026-06-17 05:27:25.750643193,electronics,web,30.36,0
1124,2026-06-21 19:18:35.219126103,beauty,mobile_app,83.3,0
1124,2026-07-02 03:48:23.293192591,sports,store,19.39,0
1124,2026-07-30 08:17:07.277658669,sports,mobile_app,20.65,0
1125,2025-03-18 02:37:54.003902561,home,store,44.67,0
1125,2025-04-06 14:22:46.735655253,home,web,17.25,0
1125,2025-05-11 07:11:19.038552643,apparel,mobile_app,16.07,0
1125,2025-06-25 07:50:48.894873637,beauty,mobile_app,46.04,0
1125,2025-07-28 11:29:16.423555730,sports,store,29.09,0
1125,2025-12-01 15:12:37.877706369,beauty,store,19.92,0
1125,2026-01-05 16:45:30.201662526,home,mobile_app,64.53,0
1125,2026-01-18 18:26:04.933737851,grocery,mobile_app,14.39,0
1125,2026-01-27 10:27:51.305414752,home,web,59.22,0
1125,2026-04-24 00:57:06.870664207,grocery,web,22.86,0
1125,2026-04-30 12:02:22.647384382,sports,mobile_app,62.05,0
1125,2026-05-25 23:43:06.181264929,grocery,web,70.4,0
1125,2026-07-19 04:13:39.005543594,sports,mobile_app,174.01,0
1126,2025-01-12 18:57:52.689872189,apparel,store,44.23,0
1126,2025-01-21 11:17:05.820881505,sports,mobile_app,20.88,0
1126,2025-02-04 03:34:33.698153269,apparel,mobile_app,150.26,0
1126,2025-02-19 14:17:07.100324984,beauty,mobile_app,56.24,0
1126,2025-04-23 20:15:20.121319564,electronics,web,69.4,0
1126,2025-05-12 04:17:41.023977481,apparel,web,60.78,0
1126,2025-06-05 22:12:03.795027501,grocery,mobile_app,20.71,0
1126,2025-12-24 08:09:18.260142817,apparel,web,31.34,0
1126,2026-07-05 12:44:25.374498813,electronics,mobile_app,32.72,0
1126,2026-07-25 09:26:49.175813910,grocery,store,44.7,0
1127,2024-11-04 20:27:58.644488512,beauty,store,25.99,0
1127,2024-11-08 08:59:02.356329524,sports,mobile_app,18.52,0
1127,2024-11-15 06:13:10.788103941,apparel,web,22.94,0
1127,2025-03-27 13:53:47.423317077,grocery,web,18.2,0
1127,2025-04-11 14:51:45.836629281,sports,web,56.62,0
1127,2025-04-19 11:31:56.277453127,grocery,mobile_app,86.68,0
1127,2025-07-08 01:51:30.194050629,grocery,mobile_app,12.3,0
1127,2025-07-30 19:05:11.486945881,grocery,mobile_app,28.04,0
1127,2025-09-12 01:24:59.497965035,sports,web,8.25,0
1127,2025-11-28 12:10:20.923812161,sports,web,18.39,0
1127,2025-11-29 04:46:20.705115006,home,web,64.85,0
1127,2025-12-06 22:13:31.408859364,grocery,mobile_app,32.13,0
1127,2025-12-22 09:53:37.201526696,home,store,497.25,0
1127,2025-12-22 16:12:39.191638951,electronics,mobile_app,145.74,0
1127,2025-12-24 00:15:46.903876195,beauty,mobile_app,149.42,0
1127,2026-01-11 17:22:24.029207064,beauty,web,36.21,0
1127,2026-05-25 17:26:21.768640109,grocery,mobile_app,20.89,0
1127,2026-05-27 06:58:55.931563828,apparel,web,14.56,0
1127,2026-06-14 11:49:59.906118153,sports,web,6.39,0
1127,2026-07-08 09:11:29.738227085,grocery,mobile_app,11.05,1
1128,2025-12-01 11:50:11.193831958,grocery,mobile_app,19.96,0
1128,2025-12-31 10:29:32.411143254,electronics,mobile_app,28.76,0
1128,2026-01-07 15:55:03.460234772,beauty,mobile_app,36.12,0
1128,2026-05-26 23:00:38.407539076,apparel,web,17.73,0
1128,2026-07-25 07:26:42.442752840,beauty,store,78.64,0
1129,2025-04-29 18:41:19.157009387,electronics,store,10.31,0
1129,2025-05-18 03:00:07.138390274,beauty,mobile_app,77.71,0
1129,2025-05-27 15:06:26.335461048,apparel,web,36.65,0
1129,2025-06-20 00:28:17.091382861,home,mobile_app,100.16,0
1129,2025-08-14 23:09:30.231455910,beauty,mobile_app,82.46,0
1129,2025-09-18 03:05:27.968322901,electronics,mobile_app,47.13,0
1129,2025-12-04 14:49:39.289809818,electronics,web,10.11,0
1129,2025-12-22 06:05:15.946342619,home,store,16.94,0
1129,2025-12-30 22:10:11.763357364,electronics,mobile_app,15.15,0
1129,2026-02-12 14:27:04.135520904,home,store,51.13,0
1129,2026-03-06 20:15:01.953036525,home,mobile_app,24.41,0
1129,2026-03-11 02:27:13.425509382,electronics,mobile_app,164.42,0
1129,2026-04-10 17:27:06.751264591,beauty,mobile_app,121.46,0
1129,2026-06-22 17:26:38.345578374,sports,store,34.79,0
1129,2026-07-05 16:25:03.866023082,beauty,web,9.55,0
1130,2025-12-15 01:55:18.851303249,electronics,store,51.71,0
1130,2026-01-01 09:57:33.473794542,beauty,mobile_app,32.37,0
1130,2026-01-04 09:24:16.328818524,apparel,store,135.5,0
1130,2026-06-10 19:38:28.449690026,electronics,store,83.2,0
1130,2026-06-16 18:51:35.395556043,beauty,web,99.56,0
1131,2026-03-05 14:58:09.012616761,grocery,mobile_app,12.16,0
1131,2026-03-13 08:26:06.258085377,apparel,mobile_app,18.39,0
1131,2026-06-13 07:55:13.755689421,apparel,web,14.42,0
1132,2025-09-16 01:25:46.101440808,home,web,57.57,0
1132,2025-09-24 08:25:11.697075999,apparel,web,60.53,0
1132,2025-09-27 08:22:46.529888158,beauty,web,64.61,0
1132,2025-10-16 13:25:09.421640758,beauty,mobile_app,23.07,0
1132,2025-10-23 20:24:02.253435432,grocery,store,42.91,0
1132,2025-10-25 18:51:45.799435639,grocery,store,13.74,0
1132,2025-11-16 00:14:27.765708481,apparel,mobile_app,33.82,0
1132,2026-01-03 13:27:40.500648314,beauty,mobile_app,16.74,1
1132,2026-01-22 03:18:29.341897368,beauty,web,22.21,0
1132,2026-03-01 09:53:22.023747258,home,web,22.64,0
1132,2026-04-14 20:46:45.262741121,home,store,17.35,0
1132,2026-04-18 08:08:09.151295468,home,web,11.63,0
1132,2026-05-11 12:37:44.460790597,grocery,web,48.48,0
1132,2026-05-15 22:48:30.533186063,grocery,web,10.07,0
1132,2026-07-06 03:54:12.418984239,apparel,mobile_app,44.59,0
1132,2026-07-07 14:20:49.105507693,electronics,mobile_app,73.93,0
1133,2025-01-04 14:36:45.642458325,sports,web,17.48,0
1133,2025-02-13 11:56:37.226426315,beauty,mobile_app,20.41,0
1133,2025-04-16 00:55:45.788997821,home,web,38.22,0
1133,2025-07-29 11:11:06.591366816,apparel,mobile_app,10.66,0
1133,2025-08-13 06:46:02.731588269,beauty,web,102.58,0
1133,2025-10-24 01:51:31.311581061,grocery,mobile_app,21.65,0
1133,2026-01-23 02:32:31.768096307,electronics,store,74.23,1
1133,2026-03-30 21:58:51.492273491,beauty,web,79.95,0
1133,2026-07-04 17:38:06.441798610,beauty,mobile_app,77.94,0
1133,2026-07-22 20:53:50.907160560,sports,web,55.5,0
1133,2026-07-23 05:53:55.029963429,sports,web,117.7,0
1134,2025-03-25 18:19:00.032546972,sports,mobile_app,3.29,0
1134,2025-04-08 22:27:45.640526763,sports,web,154.0,0
1134,2025-05-05 08:26:02.533056401,sports,web,9.63,0
1134,2025-05-25 17:43:26.720627506,apparel,web,47.81,0
1134,2025-07-09 20:40:19.057174248,beauty,store,50.29,0
1134,2025-08-12 05:36:51.597219791,electronics,mobile_app,53.9,0
1134,2025-08-16 05:22:47.231203299,sports,web,28.45,1
1134,2025-08-22 01:49:21.798224691,sports,web,44.35,0
1134,2025-09-18 06:25:30.781538032,apparel,mobile_app,50.78,0
1134,2025-10-13 06:59:01.334437976,home,web,44.15,0
1134,2025-11-12 13:32:55.972828009,sports,store,57.14,1
1134,2026-01-04 12:47:41.836987367,electronics,web,38.78,0
1134,2026-01-09 01:25:09.554670233,grocery,web,51.31,0
1134,2026-04-09 16:50:45.705363568,beauty,store,3.36,0
1134,2026-04-14 01:47:42.656934394,apparel,web,83.03,0
1134,2026-05-24 20:13:01.896731579,sports,mobile_app,37.96,1
1134,2026-06-28 11:52:35.064932984,home,web,47.95,0
1134,2026-07-01 20:58:16.708013389,sports,mobile_app,64.89,0
1134,2026-07-13 02:35:11.763029625,beauty,store,15.43,0
1134,2026-07-30 20:39:00.078049011,apparel,web,27.02,0
1134,2026-07-31 13:52:30.084240191,beauty,store,17.64,0
1135,2025-06-28 09:01:02.349143464,electronics,mobile_app,152.26,0
1135,2025-08-07 19:31:59.517445201,grocery,web,54.82,0
1135,2025-12-10 04:30:10.715918164,electronics,mobile_app,22.73,0
1135,2026-01-10 17:44:01.375224481,sports,store,11.59,0
1135,2026-03-11 19:43:00.041365298,sports,mobile_app,16.15,0
1135,2026-04-16 07:42:23.428498534,apparel,web,44.87,0
1135,2026-04-24 05:32:36.555994565,grocery,store,24.24,0
1135,2026-05-07 09:32:36.452073849,home,store,16.47,0
1137,2025-11-22 03:34:12.923090386,grocery,store,51.81,0
1137,2025-12-10 18:35:50.144503434,electronics,mobile_app,47.97,0
1137,2026-01-04 06:45:46.562583742,home,web,24.53,0
1137,2026-02-24 16:27:52.101542731,apparel,store,138.95,0
1137,2026-04-01 05:20:06.167800761,sports,store,19.36,1
1137,2026-05-22 11:24:34.898279648,home,web,18.46,0
1137,2026-05-30 16:48:41.332648076,home,mobile_app,35.65,0
1138,2025-11-25 12:38:59.537477539,beauty,web,15.07,0
1138,2026-01-10 01:50:36.396529141,sports,web,32.8,0
1138,2026-03-07 11:54:29.949306256,home,web,71.02,0
1138,2026-03-26 20:26:09.460046853,grocery,web,8.58,0
1138,2026-03-27 22:25:19.898205658,apparel,web,15.61,0
1138,2026-03-28 06:09:33.142536574,beauty,web,19.02,0
1138,2026-04-04 13:53:28.060639728,grocery,mobile_app,47.63,0
1138,2026-04-29 09:35:04.242280483,grocery,mobile_app,19.46,0
1138,2026-07-14 15:11:17.010641219,electronics,mobile_app,37.14,0
1139,2025-07-20 19:22:36.451944990,electronics,web,125.78,0
1139,2025-07-30 20:57:56.410597345,home,web,19.91,0
1139,2025-08-03 10:42:25.844820498,apparel,mobile_app,7.5,0
1139,2025-08-08 13:34:32.697881792,grocery,web,22.13,0
1139,2025-08-30 15:24:03.815372716,apparel,mobile_app,13.65,1
1139,2025-09-21 22:41:12.186702514,home,store,58.78,0
1139,2025-10-04 06:00:50.091239973,beauty,mobile_app,27.77,0
1139,2025-10-22 09:16:26.249692222,apparel,web,14.89,0
1139,2025-12-13 07:32:24.095741424,electronics,mobile_app,5.77,0
1139,2025-12-28 16:09:42.194226382,electronics,mobile_app,16.88,0
1139,2026-01-09 03:22:45.705235368,beauty,store,29.3,0
1139,2026-01-30 14:23:54.707050568,apparel,web,140.61,0
1139,2026-02-06 22:45:17.386313726,electronics,mobile_app,18.77,0
1139,2026-02-07 08:26:26.587367624,electronics,mobile_app,72.55,0
1139,2026-03-05 03:15:42.633152076,sports,mobile_app,38.07,0
1139,2026-04-05 05:53:59.057907098,electronics,mobile_app,49.94,0
1139,2026-05-30 07:44:42.166163182,sports,web,20.36,0
1139,2026-06-18 10:11:41.769030961,beauty,store,15.02,0
1139,2026-07-18 07:10:49.106313504,electronics,web,48.82,0
1140,2025-05-19 01:34:36.213853596,apparel,store,69.94,0
1140,2025-06-06 17:39:48.794191123,sports,store,8.37,0
1140,2025-06-11 09:10:30.778561005,home,web,24.73,0
1140,2025-08-04 01:40:21.527035853,electronics,mobile_app,17.24,0
1140,2025-09-15 20:44:22.474140277,home,store,9.47,0
1140,2025-10-30 17:46:40.656105768,apparel,mobile_app,24.87,0
1140,2025-11-07 06:20:33.577162504,home,store,21.53,0
1140,2026-02-16 07:28:17.951000397,sports,mobile_app,25.04,0
1140,2026-06-13 12:33:29.566433699,home,mobile_app,11.85,0
1140,2026-07-29 23:09:57.349795960,home,mobile_app,99.55,0
1141,2025-01-05 00:46:08.333261516,grocery,mobile_app,35.53,0
1141,2025-03-10 13:29:12.470006994,beauty,mobile_app,121.73,0
1141,2025-05-27 13:19:14.669782784,beauty,store,3.55,0
1141,2026-01-22 04:13:17.753454587,sports,web,113.79,0
1141,2026-04-19 10:54:26.604029970,apparel,mobile_app,97.89,0
1141,2026-05-12 11:17:18.024487573,beauty,web,18.83,0
1141,2026-05-16 04:38:04.451320142,home,mobile_app,25.05,0
1141,2026-06-10 01:55:13.058001904,electronics,mobile_app,80.26,0
1142,2025-10-01 03:50:59.718925632,home,web,26.16,0
1142,2025-10-31 18:34:39.253999999,grocery,mobile_app,23.58,0
1142,2025-11-10 20:38:56.612795675,electronics,web,21.96,0
1142,2025-12-22 04:22:00.619795944,apparel,web,7.45,0
1142,2025-12-27 19:35:57.731105029,home,web,39.95,0
1142,2025-12-30 09:05:01.647953613,beauty,web,22.88,0
1142,2026-02-19 21:35:10.408549823,beauty,mobile_app,27.21,0
1142,2026-03-19 09:11:30.811715523,apparel,web,29.97,0
1142,2026-04-12 13:33:59.231810751,grocery,store,278.74,0
1142,2026-05-04 16:03:40.684107635,grocery,mobile_app,9.4,0
1142,2026-05-09 17:02:27.341087016,grocery,web,54.68,0
1142,2026-07-15 17:05:56.895933725,home,web,33.85,0
1142,2026-07-21 04:22:23.202004380,apparel,mobile_app,30.97,0
1143,2025-06-06 20:18:21.617792946,apparel,mobile_app,40.0,0
1143,2025-08-11 10:25:47.875316400,beauty,web,42.07,0
1143,2025-08-26 16:22:10.689296281,apparel,mobile_app,54.84,0
1143,2025-10-18 04:36:10.572940104,apparel,mobile_app,52.73,0
1143,2025-12-28 22:39:55.190959952,electronics,mobile_app,162.25,0
1143,2026-01-14 16:47:10.235477231,home,mobile_app,223.13,0
1143,2026-02-20 18:14:43.050765011,home,web,87.69,0
1143,2026-02-26 17:34:05.808983555,electronics,store,37.35,0
1143,2026-05-28 09:35:49.092495090,beauty,web,234.67,0
1143,2026-06-05 20:16:41.508166734,grocery,web,34.24,0
1143,2026-07-22 20:38:50.733838476,apparel,mobile_app,106.73,0
1144,2025-08-26 16:34:08.266762353,grocery,web,15.73,0
1144,2025-09-08 10:55:14.318835030,apparel,mobile_app,12.63,0
1144,2025-10-13 12:26:30.846798644,home,web,201.27,0
1144,2025-12-30 20:51:10.785405209,home,web,51.39,0
1144,2026-02-23 03:15:49.600709142,grocery,mobile_app,18.55,0
1144,2026-03-10 06:38:32.240471759,beauty,store,261.54,0
1144,2026-04-25 01:25:20.317718767,home,web,18.49,0
1144,2026-05-27 17:08:54.068634805,grocery,web,39.84,0
1144,2026-06-01 19:08:52.833949547,apparel,mobile_app,82.75,0
1145,2025-09-29 12:16:38.605854026,grocery,mobile_app,44.35,1
1145,2025-12-10 12:21:38.975906581,electronics,web,43.82,0
1145,2025-12-31 22:58:42.223786848,home,mobile_app,9.62,0
1145,2026-01-28 22:18:29.786774547,electronics,web,95.73,0
1145,2026-02-12 01:46:27.595022051,sports,store,32.66,1
1145,2026-02-25 19:56:41.217995677,beauty,web,34.1,0
1145,2026-04-22 15:46:40.317455632,home,web,26.12,0
1145,2026-05-10 17:37:25.555602516,sports,web,25.75,0
1145,2026-06-18 23:57:28.946029747,beauty,web,108.84,0
1146,2025-12-30 01:18:43.360659291,electronics,web,64.1,0
1146,2026-03-19 12:31:34.083049046,home,web,38.36,0
1146,2026-04-07 13:03:29.899157798,sports,web,91.73,0
1147,2025-09-20 02:12:56.594142654,grocery,web,16.64,0
1147,2025-12-04 19:26:08.256769498,home,mobile_app,61.74,0
1147,2026-01-02 15:43:38.928377001,sports,store,23.34,1
1147,2026-01-28 18:57:06.973033320,electronics,web,25.18,0
1147,2026-02-04 08:14:01.697752816,beauty,mobile_app,43.16,0
1147,2026-04-04 13:12:47.030170727,home,mobile_app,51.44,0
1147,2026-06-27 00:55:26.687939388,sports,web,6.45,0
1147,2026-07-12 02:14:42.897270786,grocery,mobile_app,49.97,0
1148,2025-04-18 23:38:15.448799432,apparel,web,23.97,0
1148,2025-06-06 07:26:12.036148360,sports,web,64.92,0
1148,2025-07-14 20:59:25.733044799,electronics,mobile_app,22.56,0
1148,2025-08-02 16:56:05.867357701,electronics,mobile_app,25.79,0
1148,2025-08-27 01:41:06.703512568,grocery,mobile_app,19.2,0
1148,2025-09-08 18:57:00.925539296,grocery,web,27.36,0
1148,2025-09-17 05:46:27.777860498,electronics,web,5.29,0
1148,2025-09-17 13:44:57.555648920,electronics,mobile_app,75.3,0
1148,2025-09-19 04:43:45.592319157,home,web,18.35,0
1148,2025-10-11 08:35:37.896010896,sports,store,13.43,0
1148,2025-12-10 17:55:52.445552408,apparel,mobile_app,14.09,0
1148,2025-12-18 23:51:29.935466931,grocery,store,104.48,0
1148,2026-01-29 08:24:47.624956560,apparel,web,48.17,0
1148,2026-02-26 13:49:40.408220983,apparel,mobile_app,26.26,0
1148,2026-03-03 12:53:26.074104729,electronics,mobile_app,11.35,0
1148,2026-03-11 01:14:18.788175937,home,web,11.65,0
1148,2026-03-18 20:28:26.981506359,grocery,store,46.13,0
1148,2026-05-11 01:58:04.563183942,grocery,mobile_app,66.21,0
1148,2026-06-20 21:34:56.125635860,beauty,mobile_app,55.04,1
1148,2026-07-16 02:37:54.953510869,sports,store,46.54,0
1149,2026-01-26 14:11:59.338663619,electronics,web,32.53,0
1149,2026-02-05 16:37:31.739248932,home,mobile_app,42.53,0
1149,2026-03-18 14:13:45.829297324,home,web,35.04,0
1149,2026-04-14 13:38:35.227732693,electronics,mobile_app,16.71,0
1149,2026-05-10 15:38:54.779066391,sports,store,28.48,0
1149,2026-05-10 19:09:10.191856513,apparel,store,37.52,0
1149,2026-06-11 11:54:06.001408504,electronics,web,5.93,0
1149,2026-07-08 07:02:14.541214837,sports,web,98.19,0
1150,2025-06-24 14:35:18.975888742,grocery,store,76.73,0
1150,2025-07-03 07:47:54.654040868,sports,web,7.27,0
1150,2025-08-02 02:39:59.631411206,beauty,web,36.89,0
1150,2025-10-17 04:04:49.407194450,home,web,57.67,0
1150,2025-10-26 12:13:58.001136491,grocery,mobile_app,8.88,0
1150,2025-12-10 12:45:42.893974959,apparel,mobile_app,15.1,0
1150,2025-12-22 19:03:16.643613897,apparel,mobile_app,27.56,0
1150,2026-02-22 17:50:05.009676833,home,web,20.14,0
1150,2026-03-01 06:30:19.995697383,sports,web,9.18,0
1150,2026-03-01 06:41:41.168355934,home,mobile_app,86.36,0
1150,2026-04-13 03:19:45.095895578,sports,mobile_app,152.34,0
1150,2026-05-01 17:12:19.272694223,beauty,mobile_app,35.08,0
1151,2025-11-09 09:14:28.783508378,beauty,store,23.7,0
1151,2026-01-13 16:19:55.736578673,beauty,web,24.2,0
1151,2026-01-24 13:26:42.658849954,home,web,11.13,0
1151,2026-03-01 17:22:31.837825586,sports,web,13.67,1
1151,2026-04-10 01:40:12.806197490,home,web,39.71,1
1151,2026-04-13 04:45:21.496741359,electronics,store,60.26,0
1151,2026-04-14 10:43:41.562929211,electronics,mobile_app,132.42,0
1151,2026-05-23 22:21:13.520061761,sports,mobile_app,21.16,0
1151,2026-05-24 12:18:23.035886387,electronics,web,33.21,0
1151,2026-06-02 12:16:08.036112729,electronics,store,8.88,0
1151,2026-06-06 19:22:21.509634072,grocery,mobile_app,35.1,0
1151,2026-06-29 23:37:39.880320272,electronics,store,28.09,0
1152,2025-11-17 16:28:09.179470048,apparel,mobile_app,52.3,0
1152,2025-12-17 19:54:34.418499967,electronics,web,6.43,0
1152,2026-03-29 06:22:30.233686487,sports,web,8.53,0
1152,2026-06-29 01:37:54.271451563,grocery,web,56.43,0
1153,2026-04-07 17:01:00.152249330,electronics,mobile_app,41.32,0
1153,2026-05-03 11:35:49.837286795,apparel,mobile_app,33.1,0
1153,2026-05-16 12:13:55.122618824,sports,mobile_app,27.48,0
1154,2025-08-09 23:41:05.181689712,apparel,web,42.64,0
1154,2025-09-01 21:14:07.075061345,grocery,mobile_app,84.17,0
1154,2025-09-02 09:37:39.946712549,home,mobile_app,19.97,0
1154,2025-09-07 14:27:15.185539124,apparel,mobile_app,86.38,0
1154,2025-09-13 15:18:47.027687945,sports,store,33.93,0
1154,2025-11-21 14:30:36.108083106,grocery,web,31.1,0
1154,2025-11-22 23:05:04.885643533,beauty,web,91.09,0
1154,2025-11-23 07:04:17.156843043,home,mobile_app,38.59,0
1154,2025-12-17 20:45:28.141587585,apparel,store,68.78,0
1154,2025-12-22 16:51:36.263110767,electronics,web,108.05,1
1154,2025-12-24 04:08:43.961710287,sports,mobile_app,22.49,1
1154,2026-02-02 21:11:44.709813442,apparel,web,22.43,0
1154,2026-03-20 22:26:00.165250505,apparel,web,27.81,0
1154,2026-03-31 21:39:27.661117816,electronics,web,17.12,0
1154,2026-05-27 22:46:09.448612312,beauty,web,65.27,0
1154,2026-06-03 09:47:31.639267381,grocery,store,71.79,0
1154,2026-06-30 21:41:00.814794041,beauty,store,93.19,0
1154,2026-07-13 14:00:20.519529463,home,mobile_app,20.9,0
1154,2026-07-16 19:54:35.166873906,home,web,41.82,0
1155,2026-07-20 08:09:40.956103567,electronics,store,40.26,0
1156,2025-10-17 09:45:07.527536255,sports,web,17.44,0
1156,2025-10-18 23:42:56.588161050,home,web,20.72,0
1156,2025-11-15 01:12:59.512195896,beauty,mobile_app,70.24,0
1156,2026-05-11 17:29:26.554733322,beauty,store,206.04,0
1157,2026-04-18 03:40:10.351868215,sports,web,8.89,0
1157,2026-04-28 09:16:54.946595280,apparel,web,12.76,0
1157,2026-07-05 13:23:21.215419536,electronics,web,19.98,0
1157,2026-07-30 14:17:26.276236161,sports,web,24.97,0
1158,2025-10-27 03:24:28.488598589,home,mobile_app,62.87,0
1158,2025-10-29 12:05:43.187284882,home,mobile_app,69.88,0
1158,2026-03-12 12:22:07.930565861,grocery,mobile_app,63.58,0
1158,2026-03-21 06:30:09.101994760,beauty,mobile_app,30.02,0
1158,2026-03-26 07:18:00.471126840,grocery,mobile_app,39.45,0
1158,2026-04-01 06:56:17.618935883,beauty,web,65.11,0
1158,2026-06-28 11:00:21.716846217,sports,mobile_app,88.13,0
1158,2026-06-29 14:14:37.824896821,home,mobile_app,22.38,0
1159,2026-05-27 09:44:18.962612209,home,mobile_app,30.1,0
1159,2026-06-05 11:16:14.027609675,sports,mobile_app,59.02,0
1159,2026-06-13 07:08:53.773567242,home,store,4.5,0
1159,2026-06-14 14:46:27.798842177,apparel,mobile_app,102.27,0
1159,2026-07-14 09:28:34.874726132,sports,store,97.29,0
1159,2026-07-28 23:40:57.983120352,electronics,web,102.09,0
1159,2026-07-30 20:34:49.404326852,apparel,mobile_app,197.38,0
1160,2025-12-07 17:06:19.847210942,home,mobile_app,71.38,0
1160,2025-12-28 00:45:22.826720342,electronics,store,11.43,0
1161,2025-05-22 18:54:29.840137733,sports,web,28.69,1
1161,2025-10-31 02:34:06.296370984,sports,store,86.37,0
1161,2026-03-31 15:28:45.105431400,home,store,86.12,0
1161,2026-06-20 22:11:57.389240737,sports,web,56.87,0
1161,2026-06-30 04:28:10.862135216,apparel,mobile_app,56.13,0
1162,2025-10-14 02:59:48.756151968,sports,store,157.12,0
1162,2025-11-24 18:05:28.457623467,grocery,mobile_app,77.95,1
1162,2026-01-13 03:24:43.762395091,sports,mobile_app,18.14,0
1162,2026-02-22 13:01:56.298461520,apparel,web,25.82,0
1162,2026-03-01 16:15:20.424841742,beauty,web,68.26,0
1162,2026-03-05 20:08:03.560131865,sports,mobile_app,81.02,0
1162,2026-04-11 03:57:52.692066870,sports,store,92.89,0
1162,2026-05-12 01:08:54.776380082,electronics,store,21.05,0
1162,2026-05-24 17:08:56.178833145,home,mobile_app,30.29,0
1162,2026-07-14 20:10:11.826346449,electronics,mobile_app,37.6,0
1163,2026-01-20 07:22:38.799800043,apparel,web,42.51,0
1163,2026-02-09 04:49:18.269528310,home,store,5.28,0
1163,2026-02-22 22:33:56.066952217,sports,web,115.29,0
1163,2026-03-26 04:22:52.395259282,electronics,web,55.44,0
1163,2026-04-08 19:49:51.430545299,apparel,store,7.24,0
1163,2026-05-12 11:57:44.883589920,sports,web,18.52,0
1163,2026-07-04 14:54:54.129310126,grocery,mobile_app,29.48,0
1163,2026-07-07 04:55:37.070168192,beauty,store,45.12,0
1163,2026-07-19 22:50:48.445735808,sports,web,20.85,0
1163,2026-07-26 04:51:18.914770207,apparel,web,77.57,0
1164,2025-06-21 04:17:16.117530144,apparel,web,15.51,0
1164,2025-06-28 03:50:19.690392132,beauty,web,29.03,0
1164,2025-09-09 18:46:39.655678720,grocery,store,6.51,0
1164,2025-10-11 03:10:16.875744134,sports,web,47.36,0
1164,2026-01-04 04:40:38.937091389,home,mobile_app,118.06,0
1164,2026-01-06 12:23:57.068937433,grocery,mobile_app,85.24,0
1164,2026-01-07 01:35:30.155024726,beauty,web,40.56,0
1164,2026-01-09 17:52:58.497510136,apparel,web,111.76,0
1164,2026-04-21 23:09:57.481245369,sports,web,10.81,0
1165,2026-04-09 01:56:09.777585146,sports,web,71.3,1
1165,2026-06-06 15:01:52.901066767,sports,mobile_app,79.91,0
1165,2026-06-25 22:29:06.366744508,grocery,web,68.2,0
1165,2026-07-18 08:44:33.660164478,sports,store,33.36,1
1166,2026-06-23 18:28:07.626077585,sports,store,32.44,0
1166,2026-07-08 02:48:54.685255441,home,mobile_app,6.99,0
1167,2026-07-15 15:41:23.115212739,home,mobile_app,95.28,0
1167,2026-07-29 01:51:13.130728644,electronics,web,48.85,0
1168,2025-11-30 16:21:59.567070963,grocery,mobile_app,36.0,0
1168,2026-02-12 03:20:33.769922563,beauty,mobile_app,8.06,0
1168,2026-02-13 07:35:39.241449984,beauty,store,23.99,0
1168,2026-04-17 09:39:19.085344759,apparel,web,35.41,1
1168,2026-06-25 12:30:20.423577425,electronics,mobile_app,25.55,0
1169,2024-06-20 12:21:47.814032693,grocery,web,110.67,0
1169,2024-07-02 16:04:46.253058874,electronics,web,31.27,1
1169,2024-10-14 23:09:53.374493408,home,web,32.76,1
1169,2024-10-26 04:20:55.506249488,grocery,mobile_app,40.24,0
1169,2024-11-17 13:01:31.475759906,home,mobile_app,6.79,0
1169,2024-12-19 07:34:16.672240586,beauty,mobile_app,127.54,0
1169,2025-05-01 12:59:45.551765049,electronics,web,99.09,0
1169,2025-08-08 05:30:09.683301223,beauty,store,9.95,1
1169,2025-08-14 06:41:55.073343492,apparel,web,16.47,0
1169,2025-09-24 04:52:51.710373987,electronics,web,22.32,0
1169,2025-11-24 02:01:42.605913585,apparel,web,29.96,0
1169,2025-12-07 18:38:44.741470298,beauty,web,38.39,0
1169,2025-12-22 16:12:19.805064512,grocery,mobile_app,12.47,0
1169,2025-12-27 13:26:35.367818779,apparel,web,29.67,0
1169,2026-01-04 22:36:42.500337953,apparel,web,163.69,0
1169,2026-02-03 08:55:40.657371451,sports,store,26.11,0
1169,2026-04-02 09:38:41.373938066,sports,mobile_app,50.85,0
1169,2026-06-05 22:16:09.877240287,apparel,mobile_app,80.79,0
1169,2026-06-22 17:03:16.957697841,home,mobile_app,94.51,0
1170,2025-02-22 11:35:29.090431110,electronics,mobile_app,5.64,0
1170,2025-03-31 17:25:54.555718541,grocery,store,5.29,0
1170,2025-03-31 21:20:19.360836053,grocery,store,40.67,0
1170,2025-04-28 20:21:15.294247679,grocery,mobile_app,18.53,0
1170,2025-05-18 21:14:06.728910916,home,store,73.09,0
1170,2025-07-31 13:57:03.055396603,beauty,store,3.15,0
1170,2025-09-06 09:03:21.457323461,home,mobile_app,53.2,0
1170,2025-09-20 08:11:27.920476171,electronics,web,15.18,0
1170,2026-01-12 10:44:51.529583953,home,web,21.99,1
1170,2026-01-25 23:01:46.103580210,apparel,web,35.91,0
1170,2026-03-07 23:01:34.736990472,beauty,mobile_app,20.77,0
1170,2026-06-09 15:22:16.657657251,apparel,store,120.37,0
1170,2026-06-25 02:29:32.855166828,beauty,web,49.37,0
1170,2026-07-09 07:31:19.749040070,apparel,store,36.49,0
1171,2025-02-09 07:12:54.644741234,apparel,web,182.26,0
1171,2025-03-23 13:27:30.148214519,sports,web,9.63,0
1171,2025-04-11 11:45:58.253581898,sports,store,32.2,1
1171,2025-04-17 17:59:48.915533297,sports,web,72.46,0
1171,2025-08-30 08:51:30.017817597,grocery,mobile_app,89.34,0
1171,2025-09-03 03:25:44.015519301,beauty,mobile_app,87.65,0
1171,2026-02-01 09:37:15.052483676,beauty,store,213.2,0
1171,2026-02-05 14:57:15.370313677,sports,web,13.47,0
1171,2026-02-08 08:13:44.310784959,sports,web,48.16,0
1171,2026-02-14 12:21:03.637527910,grocery,store,14.45,0
1171,2026-02-16 15:16:20.778019110,electronics,store,17.34,0
1171,2026-06-24 15:39:05.789898954,grocery,mobile_app,52.93,0
1171,2026-07-24 02:33:25.223963925,sports,web,44.56,0
1172,2025-09-22 18:09:16.531429001,grocery,mobile_app,12.31,0
1172,2025-10-18 06:55:38.034908861,beauty,web,64.62,0
1172,2026-02-19 09:15:40.097284298,grocery,mobile_app,8.44,0
1172,2026-02-25 11:28:15.928636636,home,mobile_app,23.45,0
1172,2026-04-24 20:01:26.142988017,electronics,store,81.05,0
1172,2026-05-22 03:52:21.673561893,apparel,mobile_app,12.54,0
1172,2026-05-23 13:01:36.977078845,grocery,store,104.94,0
1172,2026-06-25 05:54:01.277922863,home,mobile_app,71.05,0
1172,2026-07-20 00:48:17.509825648,electronics,mobile_app,63.07,0
1173,2026-02-15 23:54:47.420345434,grocery,web,20.47,0
1173,2026-03-18 22:18:15.457802239,home,web,82.68,0
1173,2026-05-07 13:07:09.228121407,grocery,web,43.9,0
1173,2026-05-08 06:56:14.281810178,sports,mobile_app,29.68,0
1173,2026-05-09 08:56:10.807677217,electronics,mobile_app,46.65,0
1174,2026-04-09 09:54:13.345618087,grocery,web,3.0,0
1174,2026-06-17 04:26:13.179175328,grocery,mobile_app,42.7,0
1174,2026-07-30 09:33:49.677815829,apparel,store,25.94,1
1175,2026-07-22 15:45:38.430936268,apparel,web,29.85,0
1175,2026-07-28 01:29:45.934869714,beauty,mobile_app,3.0,0
1176,2026-03-18 10:13:57.564077834,home,mobile_app,32.09,0
1176,2026-05-11 14:10:50.194027774,sports,web,49.44,0
1176,2026-06-24 08:10:22.805111393,sports,web,89.21,0
1177,2025-10-19 04:09:44.419550138,home,web,37.12,0
1177,2025-12-13 20:22:31.116005565,electronics,web,40.93,0
1177,2026-01-17 09:58:53.665629514,electronics,web,259.56,0
1177,2026-02-06 08:49:37.783677605,grocery,mobile_app,21.74,0
1177,2026-03-07 15:29:07.907985428,beauty,mobile_app,10.54,0
1177,2026-06-14 17:35:10.383549124,grocery,mobile_app,11.07,1
1177,2026-06-20 17:01:04.487447401,home,web,31.45,0
1177,2026-06-20 23:21:48.782013699,electronics,store,16.83,0
1177,2026-06-22 11:20:46.496770017,home,web,51.52,0
1177,2026-07-01 23:16:18.439857192,beauty,mobile_app,10.32,0
1177,2026-07-25 22:47:46.962875205,home,mobile_app,18.43,0
1178,2026-03-23 12:16:23.549587928,electronics,web,9.19,0
1178,2026-05-26 02:49:15.670526829,home,web,169.96,1
1179,2025-12-13 12:35:06.602179817,sports,web,106.29,0
1179,2026-01-18 09:51:26.433767875,grocery,mobile_app,61.18,0
1179,2026-01-25 19:47:24.128000310,home,mobile_app,122.41,0
1179,2026-03-01 17:07:08.907159951,sports,web,43.25,0
1179,2026-03-27 02:33:20.979133601,electronics,web,27.37,0
1179,2026-05-12 02:53:34.868093563,home,store,27.68,0
1179,2026-06-18 00:51:23.937438197,beauty,store,16.77,0
1181,2025-12-25 23:41:04.985093449,grocery,web,6.76,0
1181,2025-12-27 22:50:45.105586129,home,store,7.91,0
1181,2026-01-09 23:32:53.189131347,sports,mobile_app,82.24,0
1181,2026-01-16 13:26:48.709195870,apparel,web,13.28,1
1181,2026-02-28 20:22:57.790728046,apparel,mobile_app,104.07,0
1181,2026-03-23 00:27:42.171450259,apparel,web,38.26,0
1181,2026-04-28 19:21:02.288795141,electronics,store,35.73,0
1181,2026-06-03 04:34:46.879029480,home,web,3.0,0
1181,2026-06-18 21:22:16.345413336,apparel,mobile_app,47.76,0
1182,2026-01-14 04:23:29.523183559,apparel,web,97.9,0
1182,2026-01-22 23:42:27.913526191,grocery,mobile_app,36.8,0
1182,2026-03-06 09:22:17.820222759,home,mobile_app,13.23,0
1182,2026-04-23 11:39:46.346492618,sports,store,79.46,0
1182,2026-05-07 15:37:17.882464052,apparel,web,169.67,0
1182,2026-05-18 18:28:42.522862694,grocery,web,25.28,0
1182,2026-05-28 23:57:26.829539880,apparel,mobile_app,8.36,0
1182,2026-06-10 19:49:50.808451466,electronics,mobile_app,10.16,0
1182,2026-06-21 14:34:21.301941476,beauty,web,9.69,0
1182,2026-06-28 08:54:14.245641242,electronics,web,16.04,0
1182,2026-07-21 14:33:04.471750680,home,web,11.21,0
1182,2026-07-27 08:40:24.398657507,beauty,web,22.22,0
1183,2025-03-01 16:02:27.647512380,sports,store,54.14,0
1183,2025-03-27 23:55:42.240719905,home,store,21.9,0
1183,2025-05-04 16:57:27.729900306,electronics,store,36.51,0
1183,2025-05-22 11:15:28.294835622,grocery,store,50.89,0
1183,2025-06-04 01:09:51.308977525,home,web,7.99,0
1183,2025-06-08 03:32:01.239508067,home,mobile_app,31.62,0
1183,2025-06-08 09:39:39.367413320,sports,web,78.72,0
1183,2025-07-23 01:15:35.905158081,electronics,mobile_app,20.95,0
1183,2025-07-23 08:00:54.343077878,sports,web,48.19,0
1183,2025-07-25 19:28:06.176707704,electronics,store,84.36,0
1183,2025-10-17 19:44:53.632009456,sports,store,46.68,0
1183,2025-12-15 18:41:52.701008355,beauty,store,105.65,0
1183,2025-12-20 22:21:04.530336169,home,mobile_app,15.21,0
1183,2025-12-21 10:55:37.523189312,apparel,web,107.94,1
1183,2025-12-27 19:10:13.532124764,electronics,mobile_app,16.05,0
1183,2026-01-16 05:48:58.032839875,apparel,store,37.66,0
1183,2026-02-24 09:18:00.775998006,electronics,web,18.62,0
1183,2026-03-07 02:53:44.645633146,electronics,web,8.52,0
1184,2025-12-09 00:57:08.184934455,sports,store,41.4,0
1184,2026-05-07 02:27:41.465910819,home,web,12.38,0
1184,2026-05-08 10:26:55.943909849,home,web,22.85,0
1184,2026-05-10 22:53:21.091185690,home,store,114.68,0
1184,2026-07-28 04:17:08.785982061,sports,mobile_app,116.35,0
1185,2025-12-24 21:23:05.833746523,sports,web,55.57,1
1185,2026-03-21 06:13:07.330016646,beauty,mobile_app,13.55,0
1186,2025-11-15 04:47:09.627752305,home,store,209.08,0
1186,2026-04-13 20:29:27.791188412,home,store,60.3,0
1186,2026-05-29 15:34:13.411865943,apparel,web,32.29,0
1188,2025-04-11 09:21:30.022557947,sports,web,24.5,0
1188,2025-05-09 01:08:47.435115662,beauty,web,105.32,0
1188,2025-05-10 10:53:26.904862202,electronics,web,108.95,0
1188,2025-06-18 14:58:02.692381109,electronics,web,28.66,0
1188,2025-08-27 21:31:36.045684766,beauty,web,35.94,0
1188,2026-03-11 21:42:49.855737880,sports,web,122.82,0
1188,2026-04-04 00:37:21.869047877,electronics,mobile_app,161.86,0
1188,2026-04-27 10:59:55.919099798,electronics,store,31.86,0
1188,2026-05-15 17:19:24.953681744,electronics,web,291.14,0
1189,2025-05-17 09:32:13.037996657,apparel,mobile_app,164.63,0
1189,2025-06-10 19:22:04.426353498,electronics,web,13.37,0
1189,2025-11-11 15:21:48.938031142,grocery,mobile_app,31.55,1
1189,2025-11-14 04:45:47.982322628,beauty,web,34.06,0
1189,2025-12-06 20:39:15.020784792,sports,mobile_app,8.72,0
1189,2026-01-08 15:20:29.084780775,sports,web,19.66,1
1189,2026-02-21 06:21:00.928166012,sports,mobile_app,39.4,0
1189,2026-04-23 18:12:22.972383922,home,web,35.04,0
1189,2026-05-17 01:30:07.946022085,grocery,web,64.74,0
1189,2026-06-16 02:43:01.690219264,grocery,mobile_app,31.37,0
1189,2026-07-08 21:38:13.276903080,home,store,33.85,1
1191,2026-02-19 03:44:13.503338120,home,store,13.19,0
1191,2026-03-14 08:16:57.580249538,beauty,mobile_app,80.16,0
1191,2026-03-31 07:22:50.549412697,grocery,web,21.14,0
1191,2026-04-30 02:17:34.326809564,home,store,36.25,0
1191,2026-06-12 09:01:11.390540143,sports,store,26.09,0
1191,2026-06-30 19:23:23.896178973,home,web,78.07,0
1192,2026-01-01 13:07:24.698017180,beauty,mobile_app,71.2,0
1192,2026-01-29 08:44:59.105820858,sports,web,430.74,0
1192,2026-05-19 03:00:58.265200904,grocery,mobile_app,19.27,0
1192,2026-05-23 11:02:33.333890013,sports,store,50.51,0
1192,2026-06-29 16:12:45.416563272,home,mobile_app,59.73,0
1192,2026-07-22 21:16:53.409286103,home,mobile_app,83.27,0
1193,2026-03-10 08:51:58.603303233,home,web,181.4,0
1193,2026-04-09 00:15:11.106897884,beauty,web,28.45,1
1193,2026-06-17 04:30:22.479709490,beauty,web,25.91,0
1194,2024-12-08 03:05:34.392030571,home,web,40.67,0
1194,2024-12-08 05:23:14.081942997,sports,mobile_app,93.06,0
1194,2025-01-26 10:21:48.260188446,beauty,store,135.65,0
1194,2025-01-30 21:29:28.557313708,sports,web,15.15,0
1194,2025-06-28 00:46:46.786409876,apparel,mobile_app,15.84,0
1194,2025-07-05 21:28:29.104838003,beauty,mobile_app,19.55,0
1194,2025-07-21 16:01:37.219985879,apparel,store,17.84,0
1194,2025-08-07 04:52:22.897867530,beauty,web,86.17,0
1194,2025-10-04 01:32:35.594511395,beauty,mobile_app,41.2,0
1194,2025-11-03 09:11:58.618663288,sports,web,104.3,1
1194,2025-12-05 17:30:58.933290618,apparel,store,3.0,0
1194,2025-12-11 23:52:43.218163765,electronics,mobile_app,74.91,0
1194,2025-12-18 08:52:39.385712105,electronics,store,43.69,0
1194,2025-12-29 01:13:34.267046584,home,web,74.87,0
1194,2026-02-07 23:05:05.905972842,beauty,web,21.9,0
1194,2026-02-16 05:30:49.145305966,electronics,store,29.76,0
1194,2026-04-20 22:59:13.985349980,grocery,web,5.7,0
1194,2026-06-06 20:34:33.895179835,apparel,store,56.28,0
1195,2025-10-16 08:44:16.615281593,home,mobile_app,49.41,0
1195,2025-12-17 20:46:39.718970899,grocery,store,10.04,0
1195,2026-02-13 17:03:53.301509615,electronics,mobile_app,53.09,0
1196,2026-05-17 12:05:51.519057971,beauty,mobile_app,26.98,0
1196,2026-05-25 04:35:52.223697405,electronics,web,20.96,0
1196,2026-06-05 08:12:53.798919711,sports,web,113.72,0
1196,2026-06-07 12:35:02.602918770,sports,web,47.0,0
1196,2026-07-02 18:55:39.484611187,apparel,mobile_app,180.93,0
1196,2026-07-07 11:33:18.618194546,apparel,store,218.23,0
1197,2026-03-21 16:27:03.426150099,electronics,store,40.81,0
1197,2026-03-25 09:46:11.480670411,sports,web,37.32,0
1197,2026-04-12 20:36:31.274442297,sports,web,134.92,0
1197,2026-04-20 20:41:53.554785962,home,mobile_app,104.42,0
1197,2026-05-18 15:58:48.852747253,electronics,mobile_app,274.17,1
1197,2026-05-30 04:55:29.400880357,grocery,store,105.5,0
1197,2026-06-28 16:39:47.918771606,grocery,mobile_app,41.83,0
1197,2026-07-05 01:48:07.409922043,grocery,mobile_app,75.44,0
1197,2026-07-07 16:18:22.152426708,sports,store,86.53,0
1198,2024-06-22 13:13:56.641086299,electronics,mobile_app,11.43,0
1198,2024-08-19 11:26:22.931382011,sports,store,71.79,1
1198,2024-10-02 15:50:40.442143483,grocery,web,35.4,0
1198,2025-02-01 01:12:19.744769806,grocery,store,94.43,0
1198,2025-03-25 09:11:18.971348024,apparel,store,10.8,0
1198,2025-04-08 09:11:19.998226315,apparel,web,28.76,0
1198,2025-05-07 17:46:10.447042610,apparel,web,86.67,1
1198,2025-06-24 13:49:59.439716064,apparel,web,15.48,1
1198,2025-08-30 22:03:44.044338721,electronics,mobile_app,88.3,0
1198,2025-10-15 12:12:23.587330539,electronics,mobile_app,221.54,0
1198,2026-06-05 19:07:01.982246595,home,store,18.7,0
1198,2026-06-07 19:57:03.921105111,home,web,44.94,0
1199,2024-11-25 05:45:13.001172518,home,mobile_app,56.18,0
1199,2024-12-18 08:59:43.900663811,apparel,mobile_app,43.58,0
1199,2025-01-18 06:56:32.840008521,grocery,web,89.01,0
1199,2025-02-15 10:08:12.887091981,beauty,store,7.36,0
1199,2025-05-24 11:09:21.795695574,home,mobile_app,157.66,0
1199,2025-06-20 21:23:03.404584430,electronics,store,12.74,0
1199,2025-07-06 13:35:08.648266707,home,web,112.37,0
1199,2025-08-22 07:08:32.510245794,beauty,mobile_app,22.25,0
1199,2025-09-19 11:03:12.163885002,sports,web,19.76,0
1199,2025-10-14 07:59:53.331819726,grocery,mobile_app,71.52,0
1199,2026-04-03 00:24:21.670021674,sports,mobile_app,6.26,0
1199,2026-05-12 02:52:44.198188243,grocery,store,46.07,0
1199,2026-06-30 17:37:16.025427956,apparel,store,47.31,0
1200,2025-06-17 03:59:35.038218676,apparel,mobile_app,41.94,0
1200,2025-07-09 01:12:16.242370863,sports,store,48.03,0
1200,2025-08-29 10:34:03.560509693,home,web,25.05,1
1200,2025-10-04 12:31:43.504937804,electronics,web,4.87,0
1200,2025-12-05 06:01:00.625626751,grocery,store,54.47,0
1200,2026-01-23 06:57:38.273816423,beauty,web,6.28,0
1200,2026-02-20 12:15:19.390903186,home,mobile_app,33.17,0
1200,2026-03-02 10:13:24.791197302,grocery,mobile_app,17.76,0
1200,2026-04-23 16:53:33.081414170,home,web,11.8,0
1200,2026-04-28 10:21:19.835739882,home,mobile_app,12.15,0
1200,2026-05-25 15:51:41.737340106,grocery,store,15.14,0
1200,2026-06-25 17:17:46.514883659,sports,mobile_app,43.06,0
1201,2024-07-26 15:24:46.937585328,grocery,mobile_app,9.73,0
1201,2024-10-10 11:08:06.203100961,beauty,mobile_app,37.54,0
1201,2024-12-04 07:55:32.117705400,grocery,web,154.23,0
1201,2025-05-20 08:55:38.258186235,home,web,21.53,0
1201,2025-06-15 20:17:25.330820689,electronics,mobile_app,85.87,0
1201,2025-07-01 22:26:09.678411583,home,store,43.82,0
1201,2025-07-05 10:42:32.926986672,beauty,web,32.23,0
1201,2025-11-09 10:49:21.156866735,home,web,19.9,0
1201,2025-11-28 17:41:52.965194142,sports,mobile_app,32.67,0
1201,2025-12-27 01:34:41.807823030,sports,store,3.0,0
1201,2026-01-13 21:03:15.548625732,electronics,mobile_app,35.56,0
1201,2026-05-09 04:30:34.823361154,beauty,store,23.07,0
1201,2026-05-18 17:41:36.662751891,home,web,25.87,0
1202,2025-07-07 09:21:40.704180452,home,web,44.18,0
1202,2025-08-01 01:02:55.058323359,grocery,web,88.42,0
1202,2025-09-18 07:02:08.211073961,home,mobile_app,28.58,0
1202,2025-10-10 11:06:27.553810729,home,web,45.69,0
1202,2025-10-12 18:04:49.075418681,grocery,web,8.18,0
1202,2025-10-13 06:16:30.686741006,home,mobile_app,37.03,0
1202,2025-10-30 14:57:05.715081199,beauty,web,13.18,0
1202,2025-11-30 23:52:17.307994685,apparel,mobile_app,276.15,0
1202,2025-12-25 00:38:40.942988293,electronics,mobile_app,37.14,0
1202,2026-04-07 15:06:56.619511932,home,mobile_app,106.17,0
1202,2026-06-13 04:09:40.366755686,beauty,web,20.85,0
1202,2026-07-07 13:57:15.847180296,apparel,mobile_app,23.02,0
1203,2024-10-12 17:44:10.258050100,electronics,web,31.5,0
1203,2024-12-08 09:01:50.470125681,home,store,21.5,0
1203,2024-12-21 13:01:52.651165259,home,web,122.09,0
1203,2025-01-06 19:28:54.831307389,grocery,mobile_app,65.8,0
1203,2025-01-09 06:28:04.186891992,home,web,29.47,0
1203,2025-01-09 20:35:40.199107716,grocery,web,29.59,0
1203,2025-01-18 15:52:07.710988864,apparel,web,27.97,0
1203,2025-01-19 21:08:39.554890363,home,store,54.77,0
1203,2025-01-26 22:20:28.683800374,apparel,web,88.39,1
1203,2025-03-21 18:46:09.890421154,apparel,web,14.32,1
1203,2025-06-22 03:51:20.595045004,sports,mobile_app,59.66,0
1203,2025-10-27 08:56:47.454568008,grocery,mobile_app,30.51,1
1203,2026-01-13 22:19:26.381793942,sports,web,41.82,0
1203,2026-02-21 09:30:41.069540166,grocery,store,53.2,0
1203,2026-05-08 00:35:18.639064876,apparel,store,67.45,0
1203,2026-06-07 06:44:22.516504541,apparel,web,21.1,0
1203,2026-06-13 07:13:44.716018106,home,web,38.63,0
1203,2026-06-19 04:37:23.268752271,electronics,web,37.68,0
1204,2025-09-02 22:53:23.936115132,grocery,mobile_app,100.28,0
1204,2025-09-09 15:04:10.563491364,apparel,web,26.94,0
1204,2025-10-16 12:46:14.823510050,home,web,34.74,1
1204,2025-10-22 21:35:13.124087325,beauty,web,74.27,0
1204,2025-11-05 04:02:24.663811336,electronics,web,18.48,1
1204,2025-11-07 18:16:25.136709877,beauty,mobile_app,148.58,0
1204,2025-11-13 06:28:58.473109886,home,mobile_app,146.88,0
1204,2025-12-08 14:38:22.227918280,home,web,36.77,0
1204,2025-12-11 17:31:54.479551440,apparel,web,85.64,0
1204,2025-12-18 22:17:31.741060402,electronics,web,9.07,0
1204,2026-01-20 02:25:56.357475724,home,web,27.18,0
1204,2026-04-26 12:33:12.906303639,sports,mobile_app,6.51,0
1204,2026-07-28 04:40:49.986448467,grocery,store,24.85,0
1205,2026-05-22 20:41:21.978721496,grocery,mobile_app,25.89,0
1205,2026-06-07 16:42:21.670310417,electronics,web,45.4,0
1205,2026-06-16 14:16:54.422214385,apparel,mobile_app,38.01,0
1205,2026-07-07 08:30:35.071414736,home,web,49.91,0
1205,2026-07-09 02:14:00.254305289,grocery,web,55.9,0
1205,2026-07-15 01:28:55.015561860,grocery,store,13.66,0
1206,2024-12-11 07:04:42.341939124,electronics,store,84.28,0
1206,2025-02-11 09:39:12.767301067,sports,web,43.08,0
1206,2025-02-26 18:21:05.128479133,apparel,web,5.17,0
1206,2025-03-11 10:21:05.314605817,beauty,web,65.02,0
1206,2025-04-28 19:43:04.233746744,grocery,web,115.59,0
1206,2025-07-02 08:57:38.099590370,sports,mobile_app,73.43,0
1206,2025-07-06 22:51:29.444792801,grocery,mobile_app,113.67,0
1206,2026-02-04 06:06:22.508891672,apparel,web,239.0,0
1206,2026-04-22 07:31:27.699894092,grocery,mobile_app,15.39,0
1206,2026-05-04 16:44:43.248262313,sports,web,14.47,1
1207,2025-06-05 08:19:08.868111511,home,web,26.15,0
1207,2025-07-04 13:03:55.246289467,home,mobile_app,43.86,0
1207,2025-07-15 19:46:46.476895029,electronics,mobile_app,99.79,0
1207,2025-07-18 05:03:50.687631502,beauty,web,14.48,1
1207,2025-07-20 12:11:49.683868570,grocery,mobile_app,60.91,0
1207,2025-10-22 15:02:19.960983102,grocery,web,41.43,0
1207,2025-10-23 15:54:25.681547889,grocery,web,6.16,0
1207,2025-12-16 05:46:44.507948569,grocery,web,17.2,0
1207,2026-01-21 11:06:02.827000985,grocery,mobile_app,22.87,0
1207,2026-04-26 22:56:58.596396412,grocery,web,16.27,0
1207,2026-04-29 16:26:14.208476378,beauty,mobile_app,44.68,0
1207,2026-05-08 14:54:31.034828313,apparel,mobile_app,5.01,0
1207,2026-06-25 17:38:15.557573015,electronics,web,6.09,0
1208,2024-12-02 11:18:02.195970901,apparel,web,70.37,0
1208,2024-12-05 14:05:40.542218630,beauty,mobile_app,10.44,0
1208,2024-12-07 19:59:34.807828241,electronics,web,18.68,0
1208,2025-03-18 09:51:33.336106946,electronics,web,27.18,0
1208,2025-05-11 20:18:09.490766974,sports,web,71.72,0
1208,2025-05-13 20:06:52.206444121,sports,mobile_app,207.01,0
1208,2025-07-01 07:12:49.763782046,grocery,web,23.3,0
1208,2025-09-20 00:31:00.058623439,sports,mobile_app,14.37,0
1208,2025-10-25 20:38:49.734967635,electronics,store,6.21,0
1208,2025-11-19 03:58:21.520606584,beauty,web,151.54,0
1208,2026-01-07 15:31:56.967862199,apparel,mobile_app,66.23,0
1208,2026-02-12 09:05:55.492176469,sports,store,26.82,0
1208,2026-02-25 07:04:52.968256971,beauty,mobile_app,12.1,0
1208,2026-03-04 13:33:18.538972094,electronics,web,44.97,1
1208,2026-06-24 02:10:58.731376055,sports,web,42.58,0
1209,2026-01-09 03:23:36.668892593,home,web,44.84,0
1209,2026-01-14 12:12:50.495066416,apparel,web,30.02,0
1209,2026-04-15 09:58:00.799222959,sports,web,31.11,0
1209,2026-04-17 15:10:25.023540415,electronics,mobile_app,40.11,1
1209,2026-05-15 16:40:24.130987341,beauty,mobile_app,29.19,0
1209,2026-06-05 00:05:34.073718568,beauty,web,6.96,0
1209,2026-06-07 14:38:30.777091835,grocery,mobile_app,19.67,0
1209,2026-06-16 16:21:19.981806521,grocery,store,19.4,0
1209,2026-07-08 12:10:45.468842215,electronics,web,31.09,0
1210,2024-08-22 21:05:12.917724012,grocery,mobile_app,88.9,0
1210,2024-09-16 12:49:57.498755967,electronics,mobile_app,90.77,0
1210,2024-09-26 12:04:30.955549112,apparel,web,22.22,0
1210,2024-11-16 03:06:54.019922737,apparel,web,22.85,0
1210,2024-11-27 11:48:51.575049211,apparel,web,50.38,0
1210,2025-02-01 02:04:56.718921634,grocery,mobile_app,8.37,0
1210,2025-02-04 14:15:11.304182345,beauty,mobile_app,32.28,0
1210,2025-02-24 22:44:48.041228648,beauty,web,12.93,0
1210,2026-02-18 19:03:35.202128205,apparel,mobile_app,124.21,0
1210,2026-06-15 14:58:30.877495643,beauty,mobile_app,154.09,0
1210,2026-07-05 23:01:08.826377719,beauty,mobile_app,44.01,0
1211,2025-10-03 07:22:37.254983595,home,web,117.97,0
1211,2025-11-05 08:57:27.690799634,electronics,mobile_app,7.64,0
1211,2025-12-16 04:16:01.716617675,apparel,store,30.42,0
1211,2025-12-19 08:03:44.924360179,apparel,mobile_app,106.46,0
1211,2025-12-29 10:59:28.663387688,grocery,web,29.01,0
1211,2026-02-03 15:04:30.825568857,grocery,store,10.36,0
1211,2026-03-13 18:40:51.263423159,apparel,web,14.29,1
1211,2026-05-26 09:00:01.433973958,sports,web,95.61,0
1211,2026-07-01 13:55:38.062810958,grocery,web,14.02,0
1212,2025-04-21 16:36:38.102019515,apparel,web,36.78,0
1212,2025-05-07 05:21:19.968629720,apparel,web,29.99,0
1212,2025-05-16 14:14:59.435220411,sports,web,131.89,0
1212,2025-06-15 07:03:41.672508817,sports,mobile_app,16.8,0
1212,2025-06-30 20:22:24.264122883,beauty,mobile_app,47.04,0
1212,2025-09-09 06:24:37.927156646,electronics,mobile_app,19.89,1
1213,2025-11-02 21:55:36.503091622,sports,web,25.67,0
1213,2025-11-19 13:14:27.625191188,home,mobile_app,13.67,0
1213,2026-01-26 12:15:15.982367190,electronics,store,21.35,0
1213,2026-04-08 12:16:07.445684894,apparel,store,21.09,0
1213,2026-06-12 12:59:21.902394270,apparel,mobile_app,10.47,0
1213,2026-06-18 09:31:07.269817680,electronics,mobile_app,95.83,0
1214,2025-05-14 04:20:43.184747484,sports,store,70.61,0
1214,2025-10-26 22:10:12.997257805,electronics,store,249.05,0
1214,2025-11-13 00:21:22.651354363,home,mobile_app,13.11,0
1214,2026-01-08 16:53:34.781966264,home,mobile_app,68.35,0
1214,2026-01-24 09:57:31.815473939,sports,store,17.59,0
1214,2026-03-05 22:31:28.750620571,sports,mobile_app,4.74,0
1214,2026-03-30 12:11:18.396061417,grocery,web,77.88,0
1214,2026-05-15 13:04:18.266322784,electronics,mobile_app,26.42,0
1214,2026-05-23 01:12:14.449933345,electronics,web,21.05,0
1214,2026-06-19 04:27:21.634575149,apparel,web,33.41,0
1214,2026-07-28 08:37:14.524858200,sports,web,22.33,0
1217,2026-03-20 23:03:54.076727152,apparel,web,58.3,0
1217,2026-04-09 18:32:06.934575515,beauty,mobile_app,31.82,0
1217,2026-04-20 22:02:47.571996285,sports,web,35.45,0
1217,2026-05-11 14:03:21.361480941,electronics,store,53.04,0
1217,2026-05-14 16:29:19.794474356,grocery,mobile_app,41.5,0
1217,2026-05-16 10:11:34.870629017,electronics,mobile_app,36.18,0
1217,2026-06-20 03:17:05.728115668,apparel,web,12.61,0
1217,2026-07-04 07:28:18.537584434,apparel,mobile_app,14.41,0
1217,2026-07-10 00:23:11.574629040,home,web,69.02,0
1218,2025-06-07 20:23:02.650273409,sports,mobile_app,17.54,0
1218,2025-11-17 03:58:33.009066028,grocery,mobile_app,12.95,0
1218,2025-12-15 08:24:05.976055913,electronics,mobile_app,341.02,0
1218,2026-01-28 21:30:25.190196072,electronics,web,25.51,0
1219,2024-12-24 17:09:28.323110460,electronics,web,34.24,0
1219,2025-01-08 08:31:47.646438986,home,store,35.66,0
1219,2025-01-14 03:59:33.846286491,grocery,web,89.55,0
1219,2025-02-28 09:13:39.197740970,sports,web,14.42,0
1219,2025-03-15 11:51:51.153126048,home,mobile_app,25.96,0
1219,2025-04-21 23:56:35.725313406,grocery,store,113.72,0
1219,2025-06-07 06:00:48.593878103,sports,store,41.83,0
1219,2025-07-05 17:44:24.191165006,apparel,store,60.05,0
1219,2025-07-12 01:45:08.520497545,apparel,mobile_app,16.89,0
1219,2025-07-14 15:34:31.583370588,sports,web,171.96,0
1219,2025-07-25 00:24:52.468541289,apparel,mobile_app,79.83,0
1219,2025-08-08 23:56:05.028589346,home,store,27.26,0
1219,2025-08-19 04:38:07.001899887,apparel,web,77.68,0
1219,2025-10-25 19:55:05.279101836,beauty,mobile_app,25.05,1
1219,2025-11-01 19:34:37.250959772,electronics,store,25.76,0
1219,2025-12-30 21:20:09.852168751,grocery,web,30.12,0
1219,2026-01-26 17:48:10.944325173,electronics,mobile_app,20.85,0
1219,2026-02-19 18:56:43.884037312,beauty,mobile_app,34.02,0
1219,2026-03-17 02:46:22.107703458,electronics,web,89.43,0
1219,2026-03-31 12:45:05.028547928,sports,store,29.31,0
1219,2026-04-13 08:36:57.282768611,grocery,store,28.46,0
1219,2026-04-15 05:24:15.012485050,grocery,web,27.24,0
1219,2026-06-19 09:44:32.683162794,home,web,20.4,0
1219,2026-07-19 00:27:23.772417685,beauty,store,211.44,0
1219,2026-07-27 15:55:30.182492079,sports,mobile_app,93.61,0
1220,2025-12-25 20:52:26.302955918,apparel,mobile_app,10.14,0
1220,2026-01-05 05:48:49.099192514,grocery,web,8.49,0
1220,2026-01-06 18:32:38.537913766,sports,web,125.36,0
1220,2026-03-18 00:21:19.746101149,sports,web,92.87,0
1220,2026-05-14 17:40:31.121287050,home,web,41.78,0
1220,2026-06-01 12:06:54.689705154,grocery,web,22.62,0
1220,2026-06-15 04:39:45.547513877,home,store,84.76,0
1221,2025-02-05 16:29:35.713550294,grocery,store,37.72,0
1221,2025-02-23 22:01:29.207617441,sports,store,35.87,0
1221,2025-02-26 13:37:30.575674342,electronics,store,16.44,0
1221,2025-04-02 01:14:51.830017752,apparel,web,56.99,0
1221,2025-04-07 01:52:47.066054567,home,mobile_app,8.77,0
1221,2025-05-17 14:22:36.767025835,apparel,store,33.48,0
1221,2025-09-07 08:25:27.097069368,apparel,store,23.13,0
1221,2025-11-02 13:54:19.787311449,apparel,mobile_app,15.82,0
1221,2025-11-14 08:22:41.237260755,sports,store,15.41,0
1221,2026-01-07 22:30:19.062928472,apparel,web,11.77,0
1221,2026-02-10 06:50:47.099872015,electronics,store,11.42,0
1221,2026-03-21 04:26:43.708367974,apparel,web,157.21,0
1221,2026-04-10 21:11:41.098989360,home,web,48.11,0
1221,2026-06-28 05:25:26.944751171,grocery,web,33.77,0
1222,2025-09-21 06:09:19.933576572,electronics,mobile_app,3.18,1
1222,2025-10-12 14:07:02.245556439,sports,web,8.5,0
1222,2025-11-07 03:26:44.643564327,electronics,mobile_app,203.22,0
1222,2025-12-04 13:36:02.998185247,electronics,store,35.05,0
1222,2025-12-22 06:18:36.241422080,home,store,10.53,0
1222,2026-01-28 22:52:10.701511778,sports,mobile_app,9.27,0
1222,2026-03-04 16:36:49.133095131,apparel,web,4.8,0
1222,2026-05-27 11:10:57.218298387,apparel,web,34.78,0
1222,2026-06-23 09:47:24.743572547,electronics,web,53.44,0
1222,2026-07-26 21:03:47.049041883,beauty,web,67.12,0
1223,2024-04-25 13:35:11.367364114,electronics,web,127.87,0
1223,2024-05-03 18:22:05.061324755,apparel,store,25.37,0
1223,2024-06-26 11:19:40.534749296,beauty,web,8.63,0
1223,2024-08-11 12:40:54.562750513,sports,web,26.94,0
1223,2024-09-11 21:03:34.373339934,beauty,mobile_app,146.01,0
1223,2024-09-22 05:47:38.959253906,apparel,mobile_app,62.19,1
1223,2024-11-28 12:14:37.265448288,apparel,store,23.28,0
1223,2024-12-06 17:26:28.646104699,electronics,web,12.71,0
1223,2024-12-08 02:45:23.630346594,grocery,mobile_app,20.13,0
1223,2025-02-05 19:54:07.953841616,home,web,73.4,0
1223,2025-02-12 15:22:21.246060648,grocery,web,21.19,1
1223,2025-02-17 08:12:08.642958296,sports,web,51.37,0
1223,2025-10-28 11:32:40.139409717,apparel,mobile_app,9.48,0
1223,2025-11-17 08:09:18.461839850,apparel,store,80.77,1
1223,2025-12-18 03:56:19.504149090,home,store,16.44,0
1223,2026-01-08 09:12:13.211657036,beauty,mobile_app,6.88,0
1223,2026-02-14 07:43:15.826357483,sports,mobile_app,33.56,0
1223,2026-05-06 07:34:03.467812826,apparel,store,50.02,0
1223,2026-05-10 23:03:16.512366114,electronics,store,79.13,0
1223,2026-05-21 15:35:39.356161256,sports,store,97.7,0
1223,2026-07-04 06:03:23.526581930,electronics,mobile_app,7.57,0
1223,2026-07-08 09:42:11.841399879,sports,mobile_app,17.15,0
1224,2025-04-12 02:03:37.638450813,electronics,web,9.71,0
1224,2025-04-20 19:16:50.338208594,apparel,store,43.89,0
1224,2025-07-03 22:55:36.856123441,apparel,store,68.19,0
1224,2025-07-16 11:26:33.514120035,grocery,store,29.56,0
1224,2025-08-17 13:11:53.444632200,electronics,web,35.54,0
1224,2025-09-10 12:47:17.197680449,electronics,mobile_app,13.8,0
1224,2025-10-28 21:28:38.504109185,sports,store,32.32,0
1224,2025-12-18 04:59:08.780821694,electronics,web,43.42,1
1224,2025-12-29 06:36:57.889153631,home,mobile_app,26.3,0
1224,2026-01-23 20:54:13.242324707,home,web,38.73,0
1224,2026-03-25 01:38:48.242965137,grocery,web,32.99,0
1224,2026-05-14 07:35:00.236390908,grocery,mobile_app,57.65,0
1224,2026-06-07 02:03:28.875011565,apparel,web,18.11,0
1224,2026-06-07 04:25:48.235740436,apparel,store,44.09,0
1224,2026-06-27 08:07:02.324686898,beauty,mobile_app,23.66,0
1225,2025-09-02 02:03:35.711101622,grocery,mobile_app,57.35,0
1225,2025-09-08 12:05:45.700507565,electronics,web,40.14,0
1225,2025-11-09 10:26:32.293127147,apparel,store,56.95,0
1225,2025-11-22 14:49:03.553216683,sports,store,73.42,0
1225,2025-12-21 22:27:04.992935484,grocery,store,101.01,0
1225,2026-06-02 13:14:31.936814673,sports,mobile_app,12.52,0
1226,2025-02-13 22:04:06.017806722,apparel,mobile_app,3.95,0
1226,2025-03-27 04:55:42.259757927,grocery,web,31.81,0
1226,2025-04-16 19:29:09.250036596,apparel,store,42.6,0
1226,2025-04-17 22:39:40.368110383,electronics,store,29.93,0
1226,2025-07-09 20:05:44.868116709,electronics,mobile_app,30.82,0
1226,2025-08-09 04:46:36.749100142,sports,mobile_app,46.12,0
1226,2025-09-09 03:05:44.275627727,grocery,web,15.75,0
1226,2025-10-07 02:05:22.308899977,grocery,web,34.25,0
1226,2026-02-05 01:23:18.442727829,grocery,mobile_app,161.1,0
1226,2026-02-22 13:51:55.705659135,electronics,web,62.7,0
1226,2026-05-06 03:28:43.849047968,apparel,store,21.96,0
1226,2026-06-17 17:32:00.093120386,grocery,store,53.43,0
1227,2026-06-22 12:25:41.189568672,beauty,store,51.17,0
1227,2026-07-02 09:52:42.024908125,electronics,mobile_app,9.44,0
1228,2024-10-29 13:23:37.316184444,sports,store,23.19,0
1228,2024-11-04 15:04:04.708603788,apparel,store,35.81,0
1228,2024-12-03 06:19:53.867782232,beauty,store,57.87,0
1228,2025-01-07 03:20:21.701389088,sports,mobile_app,40.52,0
1228,2025-01-25 08:19:54.738042955,apparel,web,11.44,0
1228,2025-05-28 08:21:56.910604012,apparel,store,24.22,0
1228,2025-07-14 00:14:13.770475613,electronics,store,22.16,0
1228,2025-07-17 06:19:30.613722073,grocery,web,29.19,0
1228,2025-08-26 04:11:02.033403234,beauty,web,66.15,0
1228,2025-09-02 05:31:35.235355544,apparel,web,17.98,0
1228,2025-10-14 08:07:11.714229855,apparel,store,5.99,0
1228,2026-03-22 12:04:13.189779705,beauty,mobile_app,16.6,0
1228,2026-04-03 15:00:34.742620682,electronics,web,206.55,0
1228,2026-05-02 09:41:41.877348614,grocery,web,76.42,0
1228,2026-06-10 06:42:26.395322795,sports,store,84.73,0
1228,2026-06-22 11:43:03.767102550,electronics,mobile_app,13.84,1
1228,2026-07-15 22:58:36.462356095,sports,mobile_app,69.27,0
1229,2026-05-12 22:02:09.101852267,home,web,110.33,0
1229,2026-06-16 12:06:08.309635157,apparel,web,32.97,0
1230,2026-03-28 02:10:32.201940064,beauty,store,124.98,0
1230,2026-04-03 09:08:22.407315288,home,web,30.98,0
1230,2026-04-26 11:57:42.556323529,sports,mobile_app,23.37,0
1230,2026-05-31 01:28:58.098895107,beauty,web,7.97,0
1230,2026-07-19 22:56:56.234010953,sports,mobile_app,6.68,0
1231,2025-06-28 02:44:42.157575526,grocery,store,5.61,0
1231,2025-09-05 22:30:52.835603504,home,web,12.07,0
1231,2026-01-11 19:44:30.215680092,electronics,store,13.17,0
1231,2026-01-19 10:55:43.534497228,sports,store,40.45,0
1231,2026-01-22 20:59:41.271427692,home,mobile_app,24.73,0
1231,2026-01-25 00:52:42.306099742,home,mobile_app,97.49,0
1231,2026-01-27 00:58:44.225334351,beauty,mobile_app,37.29,0
1231,2026-02-02 05:59:12.224177333,home,web,71.44,0
1231,2026-04-01 20:06:28.679103519,electronics,web,16.23,0
1231,2026-05-20 06:01:51.691718364,beauty,mobile_app,36.43,0
1231,2026-06-11 03:42:50.990837622,grocery,web,41.27,0
1231,2026-07-22 03:55:45.562397863,apparel,web,8.79,0
1232,2025-04-25 18:32:19.761314972,grocery,web,20.58,0
1232,2025-04-27 19:58:43.628623536,home,store,84.58,0
1232,2025-06-16 10:06:56.099607529,beauty,mobile_app,11.92,0
1232,2025-07-08 03:19:55.557716431,sports,mobile_app,49.61,0
1232,2025-08-18 10:50:25.011090681,home,store,13.55,0
1232,2025-09-02 23:28:18.619488129,home,store,110.44,0
1232,2025-09-14 19:10:58.602633770,beauty,mobile_app,55.09,1
1232,2026-01-04 11:06:14.603279297,beauty,store,96.97,0
1232,2026-02-09 23:30:10.164589045,sports,store,49.77,0
1232,2026-02-19 22:51:14.521171957,electronics,web,13.63,1
1232,2026-03-28 06:29:25.552397568,beauty,store,55.29,1
1232,2026-04-04 14:29:09.143479220,apparel,store,22.62,0
1233,2024-08-29 07:52:29.904421824,beauty,mobile_app,12.92,0
1233,2024-09-01 02:45:24.568241507,home,web,88.75,0
1233,2024-09-22 00:35:37.753877809,home,web,30.5,0
1233,2024-11-13 09:05:08.645631974,beauty,mobile_app,24.0,0
1233,2025-04-19 06:32:15.570012835,electronics,web,60.22,0
1233,2025-05-22 17:32:09.719561084,electronics,mobile_app,124.38,0
1233,2025-06-24 19:23:21.613656463,grocery,mobile_app,10.56,0
1233,2025-07-12 22:50:16.873680120,electronics,web,56.63,0
1233,2025-07-25 03:38:03.935802046,electronics,mobile_app,69.3,0
1233,2025-09-02 00:37:30.895414750,apparel,store,7.15,0
1233,2025-10-26 01:03:50.012902587,grocery,mobile_app,114.76,0
1233,2026-02-01 05:11:14.377974533,apparel,mobile_app,5.4,0
1233,2026-03-05 00:39:13.196905584,apparel,store,93.57,0
1233,2026-03-21 23:05:08.284052533,beauty,store,12.27,0
1233,2026-04-16 11:57:32.441287272,beauty,mobile_app,41.57,0
1233,2026-04-25 10:44:02.167770322,home,web,25.28,0
1233,2026-07-19 14:49:53.325209822,electronics,web,18.16,0
1233,2026-07-21 04:38:17.341910028,beauty,web,116.96,0
1234,2025-07-25 15:48:17.212298720,grocery,web,15.73,0
1234,2025-08-03 07:59:33.310610771,home,mobile_app,44.7,0
1234,2025-08-29 10:00:47.935097545,electronics,web,3.75,0
1234,2025-09-08 07:41:34.138434953,grocery,mobile_app,22.71,0
1234,2025-10-19 21:57:53.911054057,grocery,mobile_app,18.64,0
1234,2025-11-08 02:45:14.891665672,apparel,store,20.84,0
1234,2025-11-12 12:08:10.725446593,electronics,mobile_app,15.95,0
1234,2025-12-14 23:53:47.037069577,sports,store,115.24,0
1234,2026-01-18 15:07:40.423583027,home,web,79.23,0
1234,2026-04-04 14:06:32.791161624,beauty,store,46.92,0
1234,2026-06-18 14:03:40.527446294,electronics,mobile_app,30.35,0
1235,2025-07-25 02:02:14.045645280,apparel,web,66.45,0
1235,2025-09-04 06:27:37.379429131,beauty,store,48.2,0
1235,2025-09-20 22:47:38.655508068,home,mobile_app,16.69,0
1235,2026-01-03 05:12:57.909129279,grocery,web,23.49,0
1235,2026-02-03 11:46:44.358491413,apparel,mobile_app,34.99,0
1235,2026-03-15 08:11:51.123560044,sports,web,170.88,0
1235,2026-04-17 13:17:39.101909914,apparel,web,16.48,0
1236,2025-11-11 15:33:01.856142859,grocery,web,24.38,0
1236,2025-12-13 02:00:40.829927625,beauty,web,83.54,0
1236,2025-12-22 11:39:41.908329499,beauty,store,85.53,0
1236,2026-01-12 19:27:10.189247916,home,mobile_app,139.49,0
1236,2026-03-09 04:50:46.959379674,beauty,web,19.46,0
1236,2026-04-12 03:20:52.702191200,grocery,mobile_app,12.79,0
1236,2026-05-04 05:57:19.353495528,apparel,web,6.48,0
1236,2026-07-04 16:33:11.948966949,electronics,mobile_app,68.37,1
1236,2026-07-29 04:41:22.618901602,apparel,web,17.49,0
1237,2026-07-30 08:46:58.318255267,grocery,store,56.08,0
1238,2026-03-24 00:12:33.463241517,apparel,store,85.78,0
1238,2026-05-18 05:11:47.181414694,electronics,web,32.31,0
1238,2026-07-30 01:03:49.708770267,grocery,mobile_app,34.53,0
1239,2026-02-05 19:17:51.140094170,home,mobile_app,18.15,0
1239,2026-03-16 07:01:32.852261318,sports,mobile_app,43.05,0
1239,2026-04-28 06:56:01.947182053,grocery,web,33.56,0
1240,2026-06-20 14:05:35.790413479,apparel,web,90.74,0
1240,2026-06-22 04:04:11.017281395,beauty,mobile_app,16.9,0
1240,2026-07-07 11:07:02.354270232,apparel,web,32.39,0
1240,2026-07-10 00:52:20.872753660,electronics,mobile_app,145.87,0
1241,2026-04-18 21:33:43.149394348,beauty,web,38.3,0
1241,2026-05-28 04:55:44.511067391,sports,mobile_app,38.86,0
1241,2026-06-29 02:12:25.822228761,sports,mobile_app,24.32,0
1242,2024-10-24 07:20:56.164474289,beauty,web,21.81,0
1242,2024-11-17 16:23:22.035243872,electronics,web,7.11,0
1242,2024-12-20 02:02:28.934664237,home,web,14.61,0
1242,2025-01-13 09:52:34.867001076,grocery,store,74.87,0
1242,2025-02-02 16:31:45.903390505,grocery,store,98.88,0
1242,2025-02-18 15:11:40.554014871,electronics,web,32.45,0
1242,2025-03-02 02:20:27.349288484,beauty,web,30.13,0
1242,2025-03-06 07:28:44.427929690,sports,store,10.77,0
1242,2025-06-06 16:56:57.234722813,beauty,mobile_app,7.65,0
1242,2025-08-30 16:55:08.824413516,electronics,web,79.26,0
1242,2025-10-28 02:38:33.176818519,sports,mobile_app,202.92,0
1242,2025-11-13 12:44:16.922203314,beauty,web,26.33,0
1242,2026-02-18 05:58:29.529679196,electronics,mobile_app,24.23,0
1242,2026-03-02 05:23:16.794471731,beauty,mobile_app,63.36,0
1242,2026-04-07 09:04:02.532336828,home,store,48.03,0
1242,2026-04-21 15:17:23.903886832,apparel,mobile_app,134.24,0
1242,2026-06-01 02:55:35.485116416,sports,mobile_app,53.07,0
1242,2026-06-18 11:27:50.786809425,grocery,store,60.9,0
1242,2026-07-14 15:40:47.381415811,electronics,mobile_app,26.14,0
1243,2025-08-25 03:39:39.781561620,grocery,mobile_app,50.42,0
1243,2025-10-05 17:13:53.430945693,sports,web,14.52,0
1243,2025-11-03 02:00:25.888699930,sports,web,156.6,0
1243,2025-11-28 17:35:22.814322565,home,web,3.53,0
1243,2025-12-30 21:11:18.840865336,electronics,web,18.69,0
1243,2026-01-03 10:06:35.420759376,grocery,web,45.1,0
1243,2026-01-12 18:23:43.472549602,sports,store,12.18,0
1243,2026-01-22 06:24:13.010691920,home,web,21.79,0
1243,2026-03-09 19:02:39.830010720,apparel,web,7.95,0
1243,2026-03-13 23:26:58.459888280,electronics,store,16.22,0
1243,2026-04-25 12:27:44.767819921,beauty,web,35.38,0
1243,2026-05-07 22:20:33.376967555,electronics,web,96.02,0
1243,2026-05-20 16:03:34.956090839,home,store,14.12,0
1243,2026-07-02 06:27:48.745488071,apparel,store,17.55,0
1243,2026-07-15 23:02:47.116242474,apparel,mobile_app,187.41,0
1244,2025-09-25 09:50:33.884840012,apparel,store,12.4,0
1244,2025-10-01 13:54:46.639313494,beauty,mobile_app,11.97,0
1244,2025-12-27 13:27:57.228516908,apparel,mobile_app,44.62,0
1244,2026-01-02 21:09:33.910980446,apparel,store,19.47,0
1244,2026-01-29 20:40:34.485824226,beauty,web,39.97,0
1244,2026-02-03 19:09:07.818377657,beauty,web,30.64,0
1244,2026-04-08 18:46:33.711389712,sports,web,32.04,0
1244,2026-05-19 10:19:26.142061651,sports,web,7.4,0
1244,2026-06-20 19:02:24.951640788,electronics,web,25.26,0
1245,2025-04-29 23:34:21.274331621,apparel,web,193.92,0
1245,2025-05-11 17:24:40.524038571,sports,mobile_app,33.11,0
1245,2025-10-29 13:16:12.727589739,electronics,web,15.06,0
1245,2025-11-01 03:09:17.413329456,apparel,mobile_app,31.03,0
1245,2025-11-21 18:17:07.591766813,apparel,web,62.46,0
1245,2025-11-22 11:14:20.200741420,home,web,7.26,1
1245,2026-02-18 22:56:35.475360121,apparel,mobile_app,50.33,0
1245,2026-03-05 06:23:06.143550355,home,web,67.55,0
1245,2026-04-05 04:25:09.466863546,home,store,130.29,1
1245,2026-04-14 11:45:41.145581057,apparel,mobile_app,75.53,0
1246,2024-08-23 11:05:07.907371248,apparel,store,168.52,0
1246,2024-10-25 18:51:02.277828185,grocery,web,21.16,0
1246,2024-11-26 15:42:11.319310659,apparel,mobile_app,146.18,1
1246,2025-04-26 18:33:21.349177632,sports,mobile_app,7.21,0
1246,2025-05-19 16:02:29.441166971,apparel,mobile_app,42.38,0
1246,2025-05-25 12:55:18.852830340,home,web,68.14,0
1246,2025-07-17 00:53:26.231204873,sports,web,19.79,0
1246,2025-07-24 03:04:58.392138672,grocery,web,52.42,1
1246,2025-07-30 18:43:19.304283605,sports,store,10.25,0
1246,2025-08-09 06:58:15.860917768,sports,web,58.62,0
1246,2026-01-03 18:04:20.836238993,beauty,mobile_app,8.85,0
1246,2026-07-11 05:01:40.773225280,grocery,mobile_app,27.74,0
1246,2026-07-14 23:47:26.134867511,grocery,mobile_app,60.83,0
1247,2025-09-06 12:17:51.365533704,apparel,mobile_app,66.47,0
1247,2025-09-13 02:25:51.943401875,electronics,web,7.39,0
1247,2025-09-14 21:41:06.475779289,apparel,store,24.69,0
1247,2025-10-13 05:25:56.195644455,beauty,web,145.07,0
1247,2025-12-07 15:34:45.304282549,home,web,13.26,0
1247,2026-02-16 06:52:53.789375272,home,web,3.0,0
1247,2026-03-06 12:48:28.473727511,beauty,mobile_app,41.31,0
1247,2026-06-29 12:03:55.271223657,sports,web,11.82,0
1247,2026-07-01 06:05:37.063147889,home,store,24.97,0
1247,2026-07-04 02:10:30.114963192,grocery,mobile_app,43.49,0
1247,2026-07-24 18:34:53.099100348,electronics,web,11.39,0
1248,2026-01-20 21:02:49.057033408,electronics,mobile_app,22.49,0
1248,2026-01-22 12:59:45.804840127,home,store,14.38,0
1248,2026-03-15 21:17:19.711669632,electronics,mobile_app,49.21,0
1248,2026-04-12 13:43:13.908819548,sports,store,10.43,0
1248,2026-05-03 03:08:51.814997512,grocery,mobile_app,51.94,0
1248,2026-05-26 07:23:51.519199765,electronics,mobile_app,31.82,0
1248,2026-06-07 03:01:09.872649633,apparel,store,75.14,0
1248,2026-07-01 11:12:52.006415320,beauty,web,34.65,0
1248,2026-07-11 07:27:51.205600167,beauty,mobile_app,23.48,0
1249,2025-10-29 11:48:13.141199742,electronics,web,31.66,0
1249,2025-11-29 16:37:52.933768824,sports,web,13.9,0
1249,2026-02-03 01:50:38.096807312,grocery,web,67.72,0
1249,2026-02-18 21:15:25.310049786,beauty,web,43.86,0
1249,2026-06-29 05:28:49.307592908,grocery,web,80.08,0
1250,2024-06-11 06:29:10.217053369,grocery,mobile_app,146.76,0
1250,2024-07-05 08:40:09.075122383,sports,store,35.06,0
1250,2024-09-20 13:45:21.608007210,home,web,60.72,0
1250,2024-09-24 08:01:45.527290128,sports,store,28.82,0
1250,2024-11-27 23:35:17.649254300,beauty,web,29.66,0
1250,2025-05-29 02:24:37.304313662,sports,mobile_app,24.68,0
1250,2025-07-23 12:22:41.510492533,sports,web,17.94,0
1250,2025-08-01 12:34:23.084550849,apparel,web,28.08,0
1250,2026-04-26 21:34:03.024392221,electronics,web,18.89,0
1250,2026-05-13 21:47:21.077834543,grocery,mobile_app,70.82,0
1250,2026-05-25 12:55:34.680040234,grocery,store,34.83,0
1250,2026-06-16 22:16:23.687320193,home,store,14.41,0
1251,2026-03-12 20:09:18.442164635,electronics,mobile_app,3.0,0
1251,2026-06-25 15:03:35.020382303,home,web,8.88,0
1252,2026-02-02 04:22:52.352316270,apparel,store,69.97,0
1252,2026-02-25 13:49:35.459572242,sports,web,11.09,0
1252,2026-04-26 15:52:08.573481892,home,web,21.07,0
1252,2026-06-12 01:31:46.455219512,beauty,web,4.88,0
1252,2026-07-22 11:02:44.004767597,beauty,web,13.31,0
1252,2026-07-31 18:42:34.343569645,beauty,web,57.58,0
1253,2026-06-23 04:22:32.163920827,grocery,mobile_app,48.72,0
1253,2026-07-05 02:00:48.575803980,beauty,mobile_app,136.84,0
1253,2026-07-23 14:38:21.504026265,electronics,store,28.44,0
1254,2026-05-27 07:51:07.423658491,beauty,web,21.65,0
1254,2026-05-28 02:46:30.448384205,sports,store,44.33,0
1254,2026-05-28 08:55:19.425017240,home,mobile_app,82.93,0
1254,2026-06-03 15:14:20.795393976,electronics,mobile_app,229.06,0
1254,2026-06-08 05:38:05.912952720,apparel,mobile_app,39.0,0
1254,2026-06-22 06:09:20.974905358,sports,web,67.27,0
1254,2026-07-01 02:38:51.191950949,electronics,store,190.4,0
1254,2026-07-05 22:04:06.147216063,apparel,store,35.15,0
1255,2025-08-13 03:11:04.346802534,beauty,mobile_app,23.69,0
1255,2025-08-28 07:49:09.699779165,grocery,mobile_app,11.46,0
1255,2025-08-29 16:03:45.309579613,sports,mobile_app,34.95,0
1255,2025-10-18 23:46:44.343370972,sports,mobile_app,14.12,0
1255,2025-11-15 13:44:17.260589530,apparel,store,29.43,0
1255,2025-12-03 10:54:21.710451526,home,store,71.62,0
1255,2025-12-17 15:15:15.061421529,apparel,web,49.66,0
1255,2026-01-03 13:48:20.043610644,grocery,web,5.78,0
1255,2026-03-23 13:25:05.613151740,sports,mobile_app,18.38,0
1255,2026-05-12 15:07:18.593004591,grocery,mobile_app,71.89,0
1255,2026-05-19 12:37:50.114531629,apparel,mobile_app,19.97,0
1255,2026-05-27 13:04:00.231622793,home,mobile_app,98.62,0
1255,2026-06-09 22:49:22.255555538,beauty,web,65.8,0
1255,2026-07-29 23:12:15.162889326,grocery,mobile_app,77.38,0
1256,2026-07-06 23:53:27.165507072,electronics,store,49.94,0
1257,2026-05-02 12:54:00.487119701,home,web,49.43,0
1257,2026-05-10 16:05:59.286865154,home,web,251.41,0
1257,2026-05-11 03:50:02.975092432,electronics,store,145.66,0
1257,2026-05-17 19:06:06.239538991,grocery,web,117.13,0
1257,2026-06-13 12:42:38.962835545,apparel,web,22.89,0
1257,2026-07-06 18:37:01.815569040,grocery,mobile_app,24.25,0
1257,2026-07-10 11:04:40.344514689,grocery,mobile_app,42.64,0
1258,2025-12-31 21:48:35.898498568,electronics,web,95.37,0
1258,2026-02-01 20:34:50.987805770,sports,store,10.03,0
1258,2026-02-04 13:11:05.504651088,apparel,web,19.64,0
1258,2026-02-05 04:26:54.967347704,apparel,web,10.68,0
1258,2026-02-19 21:33:21.149874648,grocery,mobile_app,19.05,0
1258,2026-02-27 00:36:19.280981880,home,mobile_app,37.61,0
1258,2026-03-08 01:20:05.534328158,home,store,58.66,0
1258,2026-03-20 18:11:35.104943887,grocery,store,91.47,1
1258,2026-03-25 04:40:45.116596854,grocery,mobile_app,13.51,0
1258,2026-04-07 19:40:27.713645222,beauty,store,8.65,0
1258,2026-05-09 01:19:27.170596342,grocery,mobile_app,43.71,0
1258,2026-05-15 23:11:46.926723538,sports,store,29.58,0
1258,2026-06-06 12:20:23.355445195,beauty,store,41.93,0
1259,2026-02-22 13:26:21.382732968,home,store,23.54,0
1259,2026-02-23 01:28:45.375679405,beauty,store,50.99,0
1259,2026-03-21 18:19:15.216750034,electronics,web,53.9,0
1259,2026-04-17 09:10:31.059594069,home,mobile_app,22.88,0
1259,2026-06-11 21:15:48.690565477,home,web,85.69,0
1259,2026-06-23 14:34:49.586548322,home,web,3.45,0
1259,2026-07-28 22:34:51.955280853,beauty,mobile_app,23.65,0
1260,2025-01-16 03:00:25.505198802,grocery,web,16.83,0
1260,2025-04-16 16:46:13.984262936,apparel,mobile_app,20.16,0
1260,2025-05-18 07:09:30.025297144,beauty,mobile_app,90.87,0
1260,2025-07-02 07:43:29.088281004,electronics,web,48.45,0
1260,2025-08-05 00:44:46.057704119,grocery,mobile_app,53.09,0
1260,2025-08-28 13:20:53.641848495,beauty,web,30.11,0
1260,2025-11-30 06:50:36.560625392,sports,store,87.4,0
1260,2025-12-03 18:52:54.932039663,electronics,mobile_app,21.73,0
1260,2025-12-07 20:57:05.058045029,sports,mobile_app,208.62,0
1260,2026-02-09 09:06:27.362123874,electronics,web,47.22,0
1260,2026-05-15 22:41:41.464236720,beauty,store,119.46,0
1261,2026-03-25 09:05:54.528986979,apparel,mobile_app,13.25,0
1261,2026-04-03 14:28:20.364765131,apparel,mobile_app,68.57,0
1261,2026-04-11 11:24:44.108311796,home,web,67.52,0
1261,2026-04-12 21:16:24.181232797,grocery,store,63.76,0
1261,2026-06-02 02:17:30.424107843,apparel,mobile_app,157.25,0
1261,2026-06-18 11:57:46.747483140,sports,mobile_app,14.6,0
1261,2026-07-22 15:54:39.868855647,home,mobile_app,19.75,0
1262,2024-10-21 08:33:04.490167384,beauty,web,33.48,0
1262,2024-10-31 15:26:20.271155865,home,web,8.76,1
1262,2024-11-28 06:40:14.446784119,home,store,7.1,0
1262,2025-05-02 16:14:32.515031424,beauty,mobile_app,31.67,1
1262,2025-05-10 05:32:33.193263979,beauty,mobile_app,7.63,1
1262,2025-05-20 17:45:00.707246759,beauty,web,101.6,0
1262,2025-08-12 12:45:38.314886458,sports,web,49.89,0
1262,2025-08-16 18:54:42.617811900,electronics,mobile_app,6.22,0
1262,2025-09-06 09:25:20.270667260,electronics,mobile_app,49.73,0
1262,2025-09-15 11:00:47.758509496,home,store,4.45,0
1262,2025-10-17 16:00:54.844839412,electronics,store,20.72,0
1262,2025-10-27 22:05:15.057574291,sports,mobile_app,81.04,0
1262,2025-12-05 07:42:28.144540590,sports,store,46.29,0
1262,2026-01-06 12:59:38.903860577,home,web,8.08,0
1262,2026-01-10 16:55:16.904210569,home,store,12.5,0
1262,2026-02-02 07:33:29.398122830,grocery,web,85.64,0
1262,2026-02-23 22:57:25.074947365,grocery,store,12.71,0
1262,2026-03-14 15:03:36.386020081,apparel,mobile_app,84.63,0
1262,2026-03-24 11:33:07.610120822,grocery,mobile_app,60.81,0
1262,2026-04-29 12:09:32.684990919,beauty,store,23.36,0
1262,2026-05-22 14:26:37.525380021,home,store,37.7,0
1263,2025-10-20 11:17:50.873177029,grocery,mobile_app,14.12,1
1263,2025-10-27 16:35:57.718687457,electronics,web,105.2,0
1263,2025-11-22 18:14:49.552082777,grocery,web,5.93,1
1263,2026-02-04 03:36:26.660299202,home,store,56.31,0
1263,2026-03-06 22:10:06.342320640,electronics,web,15.58,0
1263,2026-03-14 10:23:14.490843729,home,web,30.0,0
1263,2026-03-21 23:49:09.844237445,home,store,22.9,0
1263,2026-03-27 03:17:34.836497829,electronics,web,101.42,0
1263,2026-04-16 12:24:54.271380235,home,store,26.46,0
1263,2026-05-02 11:45:02.885488874,beauty,web,30.28,0
1263,2026-05-20 11:54:21.507944426,grocery,store,80.55,0
1263,2026-06-20 11:36:47.103814645,apparel,store,48.9,0
1263,2026-06-30 18:52:20.162639983,home,web,27.58,1
1263,2026-07-16 10:02:50.832654870,apparel,mobile_app,71.38,0
1264,2025-05-28 11:28:05.469148722,apparel,web,42.07,0
1264,2025-10-11 19:05:31.788146288,apparel,mobile_app,90.95,0
1264,2025-12-11 07:49:48.410206482,beauty,store,11.05,0
1264,2026-01-08 06:06:46.123336227,grocery,web,22.9,0
1264,2026-05-25 06:40:02.843409937,sports,mobile_app,59.11,0
1264,2026-07-18 01:53:07.961230859,sports,web,9.53,0
1265,2026-02-10 23:05:48.947958612,beauty,web,7.39,0
1265,2026-03-02 00:35:04.996763083,beauty,store,32.77,0
1265,2026-03-18 10:45:00.735667293,apparel,web,17.25,0
1265,2026-04-03 15:04:12.091446247,home,store,40.88,0
1265,2026-04-14 17:12:54.507891128,electronics,store,318.4,0
1265,2026-05-12 11:54:57.633578073,home,store,22.41,0
1267,2026-07-03 10:54:03.925101926,sports,web,254.49,0
1267,2026-07-04 12:26:04.695530943,sports,web,7.85,0
1267,2026-07-22 23:53:11.604157167,electronics,web,17.98,0
1268,2025-11-11 12:41:28.689364416,sports,store,18.69,0
1268,2025-11-11 13:46:21.878915745,apparel,mobile_app,15.88,0
1268,2025-12-10 06:00:00.740677945,sports,web,16.76,0
1268,2025-12-11 23:40:43.483582624,home,web,88.81,0
1268,2025-12-30 23:54:20.538603430,home,web,12.66,0
1268,2026-01-15 20:39:42.050193443,home,mobile_app,3.0,0
1268,2026-02-08 19:30:38.656046552,electronics,mobile_app,30.66,0
1268,2026-02-15 12:32:26.272673411,sports,mobile_app,15.33,0
1268,2026-04-30 21:05:49.729318492,apparel,web,63.03,0
1269,2024-08-15 22:21:53.605669856,grocery,web,12.01,0
1269,2024-09-20 12:57:37.098698161,grocery,mobile_app,138.0,0
1269,2025-02-20 04:30:30.516464146,home,store,35.35,0
1269,2025-05-18 07:23:09.321242220,sports,web,31.98,0
1269,2025-06-02 16:34:09.640668032,sports,mobile_app,568.89,0
1269,2025-09-21 13:54:20.682869991,electronics,mobile_app,52.59,0
1269,2025-11-07 02:53:21.242884739,beauty,web,18.19,0
1269,2025-11-25 01:01:25.099096864,beauty,mobile_app,153.88,0
1269,2025-12-15 13:40:40.603635155,home,mobile_app,67.39,0
1269,2026-03-07 21:22:50.616490389,electronics,web,59.67,0
1269,2026-03-17 15:44:23.105605160,home,web,30.7,0
1269,2026-03-22 22:29:48.526333861,apparel,web,66.57,0
1269,2026-03-31 01:24:55.167764202,beauty,mobile_app,16.6,0
1269,2026-06-14 11:19:51.264853830,grocery,store,41.99,0
1269,2026-06-25 01:49:08.245537574,home,mobile_app,44.25,1
1269,2026-07-04 03:55:38.984228066,sports,store,25.86,0
1270,2026-06-26 11:24:08.146327214,beauty,mobile_app,17.93,0
1270,2026-07-04 11:52:38.031602575,grocery,web,42.78,0
1270,2026-07-04 18:31:36.977543723,apparel,web,90.99,0
1270,2026-07-12 00:37:31.437265343,sports,mobile_app,4.15,1
1270,2026-07-26 06:42:12.459147204,beauty,mobile_app,21.75,0
1270,2026-07-30 15:39:35.833215894,beauty,web,45.07,0
1271,2025-12-25 21:40:41.889102500,sports,mobile_app,37.14,0
1271,2025-12-27 15:38:25.408007417,grocery,web,6.22,0
1271,2026-04-09 12:13:53.312382639,electronics,web,25.62,0
1271,2026-05-13 19:50:01.758357445,home,mobile_app,37.68,0
1271,2026-05-18 21:49:45.876831687,beauty,web,47.84,0
1271,2026-06-09 08:42:54.216946150,grocery,web,29.15,0
1271,2026-06-11 12:29:06.656866392,apparel,web,30.34,0
1273,2024-09-28 10:47:59.406037818,beauty,store,35.17,0
1273,2024-10-02 05:01:01.709701381,grocery,mobile_app,102.13,0
1273,2024-12-31 13:12:45.844881371,electronics,mobile_app,8.38,0
1273,2025-04-07 19:36:00.512592040,sports,web,17.2,0
1273,2025-05-01 02:22:47.811027522,beauty,web,16.98,0
1273,2025-06-17 00:36:48.770650481,beauty,web,45.17,0
1273,2025-06-30 19:00:23.524731456,apparel,store,23.05,0
1273,2025-07-19 21:05:25.068502778,grocery,store,49.83,0
1273,2025-07-28 16:29:31.397579238,home,web,72.8,0
1273,2025-08-11 04:43:30.028185089,sports,store,29.77,0
1273,2025-10-11 22:27:34.742134106,home,mobile_app,54.33,0
1273,2025-12-20 17:42:18.446145527,home,web,19.24,0
1273,2026-01-22 16:30:25.581677110,beauty,store,11.99,1
1273,2026-03-26 18:01:46.620992911,beauty,web,99.96,0
1273,2026-06-04 09:10:20.185237140,beauty,web,12.77,0
1273,2026-06-30 23:30:33.582376461,beauty,mobile_app,108.14,0
1274,2025-06-13 09:45:26.340594820,home,web,55.22,1
1274,2025-07-28 20:45:31.155343327,beauty,store,3.0,0
1274,2025-09-20 21:35:32.871952876,apparel,store,156.1,0
1274,2025-09-27 22:59:40.483574394,apparel,web,42.87,0
1274,2025-11-20 00:59:05.410005041,sports,mobile_app,27.65,0
1274,2026-01-11 06:49:59.470847294,home,web,14.28,0
1274,2026-02-23 20:08:05.341703234,grocery,web,138.07,0
1274,2026-02-25 11:51:04.588470314,grocery,mobile_app,16.72,0
1274,2026-03-18 12:04:35.168010652,electronics,web,80.36,0
1274,2026-06-04 00:19:56.620032330,electronics,web,45.55,0
1274,2026-07-24 19:21:51.623411176,home,web,21.49,0
1274,2026-07-25 01:45:35.735757529,grocery,mobile_app,104.19,0
1274,2026-07-25 21:19:13.062556451,grocery,mobile_app,10.53,0
1275,2026-01-17 07:07:30.964546074,beauty,mobile_app,9.99,0
1275,2026-01-20 20:22:33.738048573,electronics,web,44.34,0
1275,2026-01-30 03:52:47.002352941,beauty,mobile_app,51.69,0
1275,2026-03-08 18:52:54.374217261,electronics,mobile_app,36.1,0
1275,2026-03-28 13:05:03.931555252,sports,mobile_app,23.34,0
1275,2026-04-10 07:38:41.725826745,home,mobile_app,11.38,0
1275,2026-04-19 05:03:16.146985041,apparel,web,21.31,0
1275,2026-06-09 10:53:09.941485379,grocery,store,63.46,0
1275,2026-06-14 05:23:18.952109590,apparel,store,42.15,0
1275,2026-06-29 12:59:18.258693000,sports,mobile_app,53.1,0
1275,2026-07-05 04:55:01.669159128,home,store,42.7,0
1275,2026-07-17 21:39:40.735512945,sports,web,50.22,0
1276,2025-07-08 19:47:56.316964872,apparel,mobile_app,73.53,0
1276,2025-09-08 08:36:40.196801636,grocery,web,13.59,0
1276,2025-10-12 22:46:39.511209974,apparel,web,14.65,0
1276,2025-12-09 00:05:29.128953930,apparel,mobile_app,17.89,0
1276,2026-01-04 17:48:21.066838175,home,store,23.69,0
1276,2026-01-11 17:29:59.818613070,electronics,web,59.36,0
1276,2026-01-13 17:48:46.438877261,sports,web,118.68,0
1276,2026-02-23 18:07:18.422870878,sports,store,17.29,0
1276,2026-03-10 02:35:47.892482973,apparel,web,19.39,0
1276,2026-03-18 06:20:35.895336746,home,web,3.0,0
1276,2026-05-20 05:31:52.885859800,electronics,web,6.85,0
1276,2026-05-26 10:45:35.536668178,sports,mobile_app,14.87,0
1276,2026-07-17 01:22:41.966083961,grocery,mobile_app,57.82,0
1277,2025-04-29 07:19:30.467874202,home,mobile_app,36.12,0
1277,2025-05-07 19:58:55.142425509,electronics,mobile_app,22.65,1
1277,2025-05-09 22:02:58.101604789,electronics,mobile_app,14.48,0
1277,2025-07-18 10:14:53.846406272,apparel,mobile_app,17.91,0
1277,2025-09-24 01:50:57.974243954,apparel,web,33.76,0
1277,2025-11-23 22:40:14.691466252,electronics,web,20.81,0
1277,2026-01-28 00:38:47.126227094,electronics,mobile_app,11.06,0
1277,2026-01-28 23:49:22.358944537,sports,web,63.23,0
1277,2026-05-10 12:21:39.899995353,apparel,store,30.41,0
1277,2026-07-29 01:11:16.056871484,electronics,web,88.39,0
1278,2025-01-08 14:02:07.886440971,beauty,store,36.75,0
1278,2025-02-02 18:58:28.999835864,beauty,mobile_app,15.07,0
1278,2025-05-28 06:23:37.053524640,grocery,mobile_app,29.06,0
1278,2025-07-31 03:25:24.543028814,home,web,127.65,0
1278,2025-08-07 20:20:10.544343461,electronics,web,25.47,0
1278,2025-12-07 12:25:08.632614873,electronics,store,17.29,0
1278,2026-01-18 15:01:05.472828336,grocery,mobile_app,33.79,0
1280,2025-02-03 17:04:49.884552311,sports,mobile_app,38.86,1
1280,2025-05-15 20:59:35.007491576,beauty,web,26.44,0
1280,2025-06-21 17:11:37.025270276,electronics,mobile_app,47.49,0
1280,2025-07-23 13:00:35.551137361,sports,web,90.04,0
1280,2025-08-25 01:46:33.635865945,apparel,web,22.43,0
1280,2025-11-05 07:31:37.889606266,grocery,store,11.86,1
1280,2025-11-15 02:00:49.141925594,beauty,store,28.96,0
1280,2026-01-13 23:49:48.264049376,beauty,mobile_app,11.58,0
1280,2026-01-22 15:07:28.392287728,apparel,store,43.43,0
1280,2026-02-18 17:13:15.437231095,beauty,web,32.88,0
1280,2026-04-28 00:20:40.333606138,beauty,web,31.2,0
1280,2026-05-21 16:40:44.561393608,sports,mobile_app,99.19,0
1280,2026-06-30 21:43:10.059105303,grocery,web,106.07,0
1280,2026-07-08 22:30:56.405568439,apparel,web,30.44,0
1280,2026-07-09 12:57:55.940074068,apparel,mobile_app,152.25,0
1280,2026-07-23 04:59:39.605288491,home,store,50.26,0
1281,2025-02-06 08:12:16.126001678,grocery,web,62.64,0
1281,2025-02-13 16:29:20.659256941,grocery,mobile_app,17.25,0
1281,2025-04-19 17:55:47.002913663,electronics,web,26.01,0
1281,2025-04-28 10:15:02.363521591,grocery,web,33.19,0
1281,2025-05-21 14:13:10.109094338,electronics,mobile_app,6.69,0
1281,2025-05-28 12:46:13.715823853,home,mobile_app,61.01,0
1281,2025-06-26 12:28:28.516003228,electronics,web,304.19,0
1281,2025-08-08 00:25:56.675717763,grocery,web,27.9,1
1281,2025-09-16 17:13:12.655806526,beauty,web,78.08,0
1281,2025-10-12 15:22:13.847014699,beauty,store,25.87,0
1281,2025-10-21 15:20:32.770577611,home,store,28.25,0
1281,2025-10-29 10:16:37.751095978,home,mobile_app,12.03,0
1281,2026-01-24 16:14:13.504092709,grocery,web,18.54,0
1281,2026-02-17 17:31:39.657068268,sports,mobile_app,18.84,1
1281,2026-02-26 13:08:11.872738554,electronics,web,8.04,0
1281,2026-05-06 19:27:28.312453726,beauty,web,21.15,0
1281,2026-05-22 15:13:25.702324801,apparel,mobile_app,22.35,1
1281,2026-05-24 12:55:42.408867960,grocery,web,37.12,0
1281,2026-06-11 08:46:34.596439099,grocery,web,41.18,0
1281,2026-06-23 22:29:39.954197700,grocery,store,14.05,0
1282,2025-02-04 03:30:14.427387556,grocery,web,42.42,0
1282,2025-02-08 04:32:41.156005316,apparel,store,59.43,0
1282,2025-02-17 06:42:14.885352075,electronics,web,98.91,0
1282,2025-04-27 19:43:57.101648598,grocery,web,103.84,0
1282,2025-06-24 22:00:35.309856670,home,mobile_app,76.23,0
1282,2025-08-22 17:08:21.734768605,home,web,153.71,0
1282,2025-09-17 20:30:37.242446245,apparel,web,36.4,0
1282,2025-10-04 03:55:25.727786003,electronics,web,28.24,0
1282,2025-10-21 10:27:38.412779087,sports,web,14.39,0
1282,2026-01-10 16:53:13.485865080,sports,mobile_app,9.71,0
1282,2026-05-05 08:05:27.290610681,beauty,mobile_app,25.84,0
1282,2026-06-04 20:32:46.667841859,home,store,84.1,0
1282,2026-07-07 05:30:53.140468223,home,web,15.21,0
1282,2026-07-12 18:43:59.952145256,grocery,web,7.55,0
1282,2026-07-28 23:35:34.153871894,beauty,web,27.99,0
1283,2025-10-06 20:16:21.081512041,beauty,mobile_app,23.21,0
1283,2026-02-01 14:06:56.863331027,electronics,web,7.26,0
1283,2026-03-01 19:22:09.290537202,home,mobile_app,32.77,0
1283,2026-04-17 22:14:51.815600132,home,web,41.64,0
1283,2026-04-29 14:43:09.503047661,beauty,web,15.98,0
1283,2026-07-26 01:40:46.539164318,sports,mobile_app,8.28,0
1284,2025-01-26 22:17:12.217580515,home,mobile_app,23.7,0
1284,2025-02-04 10:37:02.271393152,grocery,mobile_app,13.28,0
1284,2025-03-05 11:17:43.647518305,sports,mobile_app,27.72,0
1284,2025-06-05 10:35:07.312388200,home,web,97.01,0
1284,2025-08-18 23:30:38.677870988,home,web,69.23,0
1284,2025-08-27 02:42:31.160668119,home,web,50.06,0
1284,2026-03-25 01:51:45.247843397,home,web,42.37,0
1284,2026-03-25 23:39:09.260576203,sports,store,43.11,0
1284,2026-05-19 10:58:11.824111008,grocery,store,134.0,0
1284,2026-07-31 23:17:55.690957237,electronics,web,23.55,0
1285,2025-10-20 19:31:27.225044046,beauty,web,15.14,0
1285,2025-10-22 20:04:34.134868765,sports,web,17.87,0
1285,2026-01-01 21:00:51.037038827,home,web,45.73,0
1285,2026-01-21 13:40:30.704560467,sports,mobile_app,184.62,0
1285,2026-02-10 09:35:24.292148594,sports,web,8.7,0
1285,2026-03-10 23:23:03.448883997,sports,store,4.4,0
1285,2026-03-14 02:26:42.290718746,grocery,web,48.84,0
1285,2026-05-12 19:47:34.176792754,beauty,web,62.46,0
1285,2026-05-23 15:58:33.577993457,beauty,mobile_app,10.48,1
1285,2026-06-03 07:29:22.181414574,grocery,web,56.4,0
1285,2026-06-17 09:35:08.814182750,apparel,mobile_app,44.59,0
1285,2026-07-10 22:52:06.029338104,home,web,31.42,0
1286,2026-06-08 15:28:08.649583925,grocery,mobile_app,81.63,0
1286,2026-07-09 19:34:35.667048818,apparel,web,71.61,0
1286,2026-07-12 01:48:47.750244051,beauty,web,29.3,0
1287,2025-05-12 14:10:41.074938650,sports,web,24.12,0
1287,2025-06-06 23:06:26.882177245,electronics,store,70.37,0
1287,2025-06-20 09:46:00.976108584,sports,web,10.43,0
1287,2025-06-29 22:44:39.922795364,electronics,mobile_app,20.18,0
1287,2025-07-18 11:59:50.389933391,grocery,mobile_app,22.86,0
1287,2025-11-12 10:33:17.699245880,sports,mobile_app,26.34,0
1287,2025-12-10 04:23:02.673004874,home,web,46.25,0
1287,2025-12-20 10:14:10.735813796,home,web,15.88,0
1287,2026-01-08 10:49:02.406459228,sports,mobile_app,58.12,0
1287,2026-03-20 23:45:36.411931199,apparel,mobile_app,17.35,0
1287,2026-03-22 02:10:15.702867889,grocery,store,28.53,0
1288,2026-03-20 06:36:32.295579838,home,store,25.36,0
1288,2026-04-14 13:47:06.576776653,grocery,web,10.29,0
1288,2026-05-11 12:34:22.818078509,electronics,web,54.07,0
1288,2026-05-15 03:29:03.395641670,grocery,web,35.44,0
1288,2026-06-18 12:17:47.972833230,beauty,mobile_app,285.87,0
1289,2026-05-31 21:45:11.993914530,grocery,store,48.36,0
1289,2026-06-28 07:38:47.330846834,home,mobile_app,67.14,0
1290,2026-01-06 17:17:44.009450117,home,web,53.94,0
1290,2026-01-10 16:28:56.430234731,grocery,web,87.09,0
1290,2026-04-09 01:01:57.729544551,beauty,web,97.64,1
1290,2026-04-12 03:29:55.512862878,home,mobile_app,14.95,0
1290,2026-04-13 17:23:13.682415987,home,mobile_app,62.71,0
1290,2026-04-28 05:28:18.062785618,apparel,mobile_app,21.77,0
1290,2026-05-11 08:43:28.212041816,grocery,store,11.25,0
1290,2026-07-06 12:01:04.504880047,grocery,web,94.51,0
1290,2026-07-14 23:35:15.373425345,sports,web,26.99,0
1290,2026-07-16 08:30:04.263721169,beauty,web,90.76,1
1291,2026-01-18 19:22:24.894377357,sports,web,72.77,0
1291,2026-02-23 09:23:14.075517743,beauty,web,17.75,0
1291,2026-07-18 07:52:48.149222837,electronics,web,26.5,0
1292,2025-05-29 22:35:29.091163010,grocery,mobile_app,151.73,0
1292,2025-06-15 21:33:57.976383531,apparel,web,149.78,0
1292,2025-08-20 08:59:52.971677780,apparel,web,24.95,0
1292,2025-09-06 21:00:29.663230269,beauty,mobile_app,13.33,0
1292,2025-09-13 14:42:08.495016195,sports,mobile_app,4.12,0
1292,2025-10-13 04:00:13.258675472,beauty,mobile_app,66.52,0
1292,2025-12-19 16:51:55.134256243,electronics,web,20.01,0
1292,2026-01-09 03:10:03.533384355,sports,web,22.19,0
1292,2026-01-23 01:36:35.602817755,sports,store,42.97,0
1292,2026-02-10 11:59:58.825915870,electronics,web,36.35,0
1292,2026-05-15 23:32:46.512460764,electronics,store,87.92,0
1292,2026-05-21 11:17:41.605194950,electronics,mobile_app,27.35,0
1293,2025-09-30 10:37:45.277788680,grocery,mobile_app,7.32,0
1293,2025-10-02 00:35:59.283773394,apparel,web,136.61,0
1293,2025-10-04 05:57:48.214775892,apparel,web,19.16,0
1293,2025-10-24 22:27:07.152484139,electronics,mobile_app,99.4,0
1293,2025-12-02 23:05:34.652202006,beauty,mobile_app,56.38,1
1293,2025-12-24 02:22:10.865835555,grocery,store,15.98,0
1293,2025-12-29 05:15:57.554173547,electronics,mobile_app,23.1,0
1293,2026-02-14 19:06:07.341645736,electronics,web,24.42,0
1293,2026-05-24 14:36:39.299394350,sports,web,148.92,1
1293,2026-05-30 06:45:06.374864126,grocery,mobile_app,93.6,0
1293,2026-07-08 05:07:51.836429499,electronics,web,6.11,0
1293,2026-07-19 03:05:57.461400258,grocery,mobile_app,125.99,0
1293,2026-07-30 09:54:31.683139287,apparel,mobile_app,84.72,1
1295,2024-10-17 17:46:38.273490077,electronics,store,3.19,0
1295,2024-12-15 14:10:00.385776650,apparel,web,73.87,0
1295,2024-12-16 16:49:34.591094622,apparel,web,18.01,0
1295,2024-12-20 10:27:15.692746943,grocery,web,37.68,0
1295,2025-01-19 23:00:24.619384466,electronics,web,31.77,0
1295,2025-02-03 11:23:40.331403883,beauty,web,42.42,0
1295,2025-02-25 15:33:39.610648049,electronics,web,32.24,0
1295,2025-04-19 04:37:28.305190437,grocery,store,20.83,0
1295,2025-07-01 08:49:51.511259119,beauty,web,15.59,0
1295,2025-07-07 19:09:14.687410090,electronics,web,65.99,0
1295,2025-08-19 08:21:22.192583985,apparel,web,230.44,0
1295,2025-08-19 14:04:39.462119697,sports,mobile_app,78.88,0
1295,2025-10-17 13:59:57.487338897,electronics,web,16.24,0
1295,2025-10-31 23:46:31.405673327,electronics,store,26.45,0
1295,2025-11-03 11:21:13.252106748,home,mobile_app,21.16,0
1295,2025-12-16 19:08:53.399950409,beauty,web,38.88,1
1295,2026-04-04 15:08:03.511040623,beauty,mobile_app,50.43,1
1295,2026-06-18 01:45:02.972432941,electronics,web,20.06,1
1296,2025-10-09 01:25:30.783603254,apparel,web,58.64,0
1296,2025-10-22 16:32:59.247287155,beauty,web,133.23,0
1296,2025-11-21 18:10:02.840447041,apparel,mobile_app,46.21,0
1296,2026-05-10 07:10:07.741372590,beauty,mobile_app,36.37,0
1296,2026-05-12 23:42:38.437981609,home,store,53.13,0
1296,2026-05-17 10:26:23.003142772,apparel,mobile_app,13.42,0
1296,2026-06-08 20:45:36.277570680,home,web,32.11,0
1297,2026-01-08 06:54:07.416883878,sports,mobile_app,28.69,0
1297,2026-01-22 03:27:11.718601293,home,store,17.11,1
1297,2026-03-10 22:35:50.253990925,electronics,mobile_app,82.15,0
1297,2026-04-06 18:10:13.125423813,electronics,store,263.15,0
1297,2026-05-03 07:32:51.208303431,beauty,web,19.79,0
1297,2026-05-06 07:33:16.288139022,grocery,web,7.47,0
1298,2025-09-12 00:38:29.034969119,beauty,web,22.41,0
1298,2025-09-25 01:27:53.394794269,apparel,store,16.8,0
1298,2025-12-17 23:23:53.836867525,apparel,mobile_app,20.63,0
1298,2026-01-26 23:33:40.099714572,sports,web,22.45,0
1298,2026-03-11 23:11:39.671801808,grocery,mobile_app,25.1,0
1298,2026-04-05 02:21:23.589500498,sports,mobile_app,18.54,0
1298,2026-04-18 02:00:33.381304707,grocery,mobile_app,9.43,0
1299,2026-04-22 02:58:18.728152387,beauty,store,79.92,0
1299,2026-05-04 12:49:59.084599325,grocery,web,26.38,0
1299,2026-06-05 18:44:57.473375727,home,web,23.94,0
1299,2026-06-12 09:40:36.041725105,electronics,store,21.61,0
1299,2026-06-26 10:09:44.372287723,beauty,store,62.38,0
1299,2026-07-30 05:04:00.897494333,beauty,web,21.02,0
1300,2026-07-07 09:48:44.164625974,electronics,mobile_app,88.01,0
1301,2025-10-22 09:29:29.017114118,home,mobile_app,10.64,0
1301,2025-11-30 14:05:57.358594053,beauty,store,82.93,0
1301,2026-01-03 09:30:40.936392660,sports,mobile_app,13.06,0
1301,2026-01-05 18:21:32.166974869,beauty,mobile_app,29.83,0
1301,2026-02-03 23:33:44.617578011,beauty,store,16.95,0
1301,2026-03-01 10:57:29.347197411,electronics,mobile_app,51.06,0
1301,2026-03-07 06:31:31.671891218,sports,store,74.15,0
1301,2026-04-13 23:37:47.016269660,home,mobile_app,33.82,0
1301,2026-06-10 03:03:02.423764026,home,web,20.0,0
1301,2026-06-23 22:43:32.213503805,home,web,54.12,0
1302,2026-06-10 09:20:12.977757621,beauty,store,28.94,0
1302,2026-07-03 07:58:01.608878977,electronics,web,40.49,0
1302,2026-07-07 16:02:45.978025537,grocery,mobile_app,131.99,0
1302,2026-07-30 16:26:30.240603192,electronics,web,25.26,0
1303,2025-03-20 13:19:37.601491878,apparel,web,26.29,0
1303,2025-04-08 02:40:58.664882309,electronics,web,35.09,0
1303,2025-04-19 03:40:56.071544374,home,web,5.11,0
1303,2025-06-01 17:18:38.951510323,home,web,17.28,0
1303,2025-06-07 07:26:23.394986506,grocery,mobile_app,17.91,0
1303,2025-06-09 01:55:39.702024478,apparel,web,56.85,0
1303,2025-06-10 09:55:49.867035071,home,mobile_app,31.47,0
1303,2025-08-15 22:59:11.254563215,beauty,web,26.77,0
1303,2025-10-22 15:27:29.421111410,electronics,web,93.39,0
1303,2025-11-07 02:07:01.568835204,home,web,90.35,0
1303,2025-11-23 06:39:21.625910545,beauty,mobile_app,42.15,0
1303,2025-12-26 19:48:24.750134712,sports,mobile_app,116.15,0
1303,2026-02-04 13:38:44.026197628,home,web,12.78,0
1303,2026-03-08 12:21:14.775831188,electronics,web,90.84,0
1303,2026-05-27 08:28:02.714717517,beauty,web,17.8,0
1304,2024-12-02 00:31:34.731828253,apparel,web,55.99,0
1304,2025-02-16 07:53:42.706976664,beauty,mobile_app,114.45,0
1304,2025-02-26 10:58:37.154866248,home,store,35.61,0
1304,2025-04-20 14:34:02.945930970,apparel,store,15.3,0
1304,2025-04-24 21:17:23.227284198,beauty,mobile_app,34.97,0
1304,2025-06-21 18:49:08.934808008,home,mobile_app,26.87,0
1304,2025-07-29 16:51:43.501275433,grocery,store,154.87,0
1304,2025-09-11 16:02:34.682937234,home,mobile_app,186.32,0
1304,2025-11-13 01:08:43.218658787,home,mobile_app,49.72,0
1304,2026-01-14 13:56:24.866900981,apparel,web,45.73,0
1304,2026-01-15 00:09:29.674173935,apparel,mobile_app,29.86,1
1304,2026-02-06 03:07:53.596587055,apparel,web,31.09,0
1304,2026-04-04 06:24:50.642107644,home,web,29.56,0
1304,2026-05-13 12:24:30.277518702,grocery,mobile_app,193.0,0
1305,2026-01-14 11:56:39.769972754,apparel,web,23.08,0
1305,2026-01-29 20:15:30.641208146,apparel,web,54.21,1
1305,2026-03-13 16:52:29.394952119,electronics,mobile_app,21.92,0
1305,2026-04-08 00:44:14.356496277,apparel,web,16.57,0
1306,2025-07-14 14:35:39.122987318,beauty,mobile_app,72.66,0
1306,2025-09-12 17:12:54.669515677,electronics,store,44.72,0
1306,2025-09-24 21:00:38.852857622,beauty,web,28.51,0
1306,2025-10-20 22:45:25.022651547,electronics,mobile_app,6.75,0
1306,2025-10-21 12:08:20.651032577,sports,web,8.3,0
1306,2025-11-20 05:45:50.121184646,home,web,101.72,0
1306,2025-12-18 10:35:20.344891183,beauty,mobile_app,5.36,0
1306,2025-12-25 11:07:42.968170445,electronics,web,49.4,0
1306,2026-03-21 23:00:37.349172029,sports,store,38.38,0
1306,2026-04-28 18:05:20.084418701,sports,store,16.98,0
1306,2026-05-04 02:40:26.444404592,beauty,web,20.98,0
1306,2026-05-20 23:50:20.439497115,home,store,13.13,1
1307,2026-01-11 15:10:01.891488176,grocery,web,54.54,0
1307,2026-02-08 05:43:03.664962250,electronics,web,66.28,0
1307,2026-03-23 09:36:19.873749022,electronics,mobile_app,30.02,0
1308,2026-03-27 02:25:37.204982524,grocery,web,10.71,0
1308,2026-04-11 19:26:36.370649375,apparel,mobile_app,36.87,0
1308,2026-04-19 01:04:06.387140456,home,mobile_app,23.29,0
1308,2026-05-19 21:53:35.893381319,home,mobile_app,23.52,0
1308,2026-06-07 14:48:15.677411686,electronics,store,12.77,0
1308,2026-06-23 09:30:51.917819208,grocery,web,7.09,0
1308,2026-07-18 10:29:24.221598571,beauty,mobile_app,49.37,0
1309,2025-09-15 20:54:07.611004224,sports,store,31.76,0
1309,2025-09-23 09:21:19.655168864,home,mobile_app,13.68,0
1309,2025-10-21 04:33:50.468153844,sports,web,45.47,0
1309,2025-11-10 14:53:23.053263830,electronics,web,27.5,0
1309,2025-12-02 16:57:55.544419743,electronics,store,38.21,0
1309,2025-12-04 20:34:25.008302471,home,mobile_app,30.44,0
1309,2026-04-25 22:10:19.895083021,sports,web,90.42,0
1309,2026-07-25 14:53:42.450209440,grocery,web,153.28,0
1310,2024-11-28 10:35:00.289989736,apparel,web,12.6,0
1310,2024-12-22 21:06:23.506592406,electronics,mobile_app,52.89,0
1310,2025-04-10 08:46:45.837133894,apparel,store,26.7,0
1310,2025-06-03 14:36:49.061722237,sports,mobile_app,30.04,0
1310,2025-07-05 17:18:47.029075725,home,web,30.94,0
1310,2025-10-02 02:11:32.081126102,home,mobile_app,11.34,0
1310,2025-12-04 12:28:32.375616137,home,web,48.64,0
1310,2025-12-08 11:14:50.573148643,home,store,35.7,0
1310,2026-01-15 01:38:42.917179281,home,web,30.52,0
1310,2026-01-24 09:41:15.073380243,apparel,mobile_app,68.5,0
1310,2026-02-11 04:35:31.450465632,beauty,mobile_app,57.31,0
1310,2026-03-01 03:41:11.220648602,apparel,web,18.01,0
1310,2026-04-04 06:50:01.476156449,apparel,web,96.82,1
1310,2026-05-11 12:47:11.524391279,electronics,store,134.5,0
1310,2026-06-01 09:06:41.874549112,electronics,web,100.99,0
1311,2026-01-06 19:54:17.183981394,apparel,web,126.17,0
1311,2026-02-02 04:16:56.005252755,grocery,web,14.53,0
1311,2026-02-11 21:55:42.508903331,beauty,store,11.01,0
1311,2026-03-10 08:59:20.141788169,home,mobile_app,61.15,0
1311,2026-05-01 18:29:40.867340808,electronics,mobile_app,3.81,0
1311,2026-05-10 05:44:20.262251720,electronics,web,17.93,0
1311,2026-06-08 11:45:02.255475886,beauty,web,97.62,0
1311,2026-06-11 03:01:12.730868933,electronics,web,48.01,0
1311,2026-07-10 00:43:09.386588698,electronics,web,38.63,0
1311,2026-07-13 23:45:01.088685254,apparel,mobile_app,64.51,0
1311,2026-07-26 06:12:40.771310133,sports,mobile_app,80.69,0
1312,2026-05-11 03:17:06.580368733,home,web,24.24,0
1312,2026-07-27 04:46:32.157531239,home,store,39.42,0
1313,2025-02-09 18:12:43.249785250,beauty,mobile_app,63.09,0
1313,2025-03-21 08:53:56.355136976,home,web,70.15,0
1313,2025-04-10 10:31:08.135617757,electronics,store,36.56,0
1313,2025-05-08 21:13:02.928163602,sports,store,23.67,0
1313,2025-10-03 13:34:00.013163734,apparel,web,51.01,0
1313,2026-03-18 09:07:30.154041521,sports,store,11.99,0
1313,2026-07-03 16:00:01.979648868,beauty,mobile_app,18.09,0
1314,2025-01-23 14:16:04.285288408,home,store,20.52,0
1314,2025-02-05 17:17:50.684968583,grocery,web,19.82,0
1314,2025-02-17 00:22:36.928153103,home,web,14.14,0
1314,2025-02-18 09:34:10.438224900,apparel,web,52.28,0
1314,2025-03-21 06:26:53.955287650,beauty,store,58.13,0
1314,2025-06-21 00:28:57.743763171,apparel,store,16.72,0
1314,2025-11-30 10:46:23.900824042,beauty,web,58.85,0
1314,2025-12-17 18:17:47.411213039,apparel,web,10.53,0
1314,2025-12-21 11:38:18.670885204,apparel,mobile_app,23.04,0
1314,2025-12-22 14:12:17.953043424,apparel,store,24.93,0
1314,2026-01-22 05:27:09.016345092,electronics,web,13.82,0
1314,2026-02-14 10:15:49.257244694,apparel,web,101.63,0
1314,2026-04-04 19:46:30.849329407,beauty,web,18.58,0
1314,2026-04-22 11:10:56.649295713,apparel,store,37.14,1
1314,2026-05-01 07:31:57.694746983,electronics,web,238.23,0
1314,2026-06-12 02:43:25.285517225,grocery,mobile_app,74.12,0
1314,2026-07-31 18:39:48.695693968,home,store,70.92,0
1315,2025-04-15 14:00:56.263099338,sports,mobile_app,27.97,0
1315,2025-07-15 11:54:16.485659056,electronics,store,17.53,0
1315,2025-08-29 22:30:36.538672053,grocery,store,11.09,0
1315,2025-09-03 04:04:37.452721063,beauty,web,18.85,0
1315,2025-09-25 12:23:19.425492912,grocery,mobile_app,12.78,0
1315,2025-10-30 02:38:18.569141376,apparel,store,162.77,0
1315,2026-01-19 04:41:20.180921914,beauty,web,17.61,0
1315,2026-05-16 13:46:59.236428012,sports,mobile_app,34.36,0
1316,2026-02-01 20:24:05.824576616,sports,web,16.85,0
1316,2026-03-16 18:00:33.964546027,beauty,web,6.41,0
1316,2026-03-22 20:54:22.730210165,electronics,mobile_app,13.15,0
1316,2026-04-22 16:22:28.128653521,home,web,22.0,0
1316,2026-05-24 17:32:34.112267567,sports,web,48.49,0
1317,2025-05-05 09:25:37.234250182,home,mobile_app,45.46,0
1317,2025-09-22 13:00:37.828362609,grocery,store,66.15,0
1317,2025-10-09 20:01:23.969303821,apparel,mobile_app,3.0,0
1317,2026-01-26 18:37:21.612115860,electronics,mobile_app,255.6,0
1317,2026-02-13 12:14:35.004130489,home,web,32.5,0
1318,2025-11-27 05:28:40.388257465,home,web,11.8,0
1318,2026-01-23 17:42:49.969548070,apparel,web,49.75,0
1318,2026-03-22 14:04:39.758409541,apparel,store,87.56,0
1318,2026-03-31 15:18:20.715984965,sports,mobile_app,17.21,0
1318,2026-04-12 13:52:53.185897739,beauty,mobile_app,52.33,0
1318,2026-07-08 14:50:00.447475618,home,mobile_app,201.9,1
1318,2026-07-10 19:39:38.380252853,apparel,mobile_app,9.84,0
1319,2026-01-10 04:27:03.616757727,beauty,web,36.14,0
1319,2026-02-14 07:41:39.432280578,electronics,web,4.09,0
1319,2026-03-02 16:21:20.377771457,beauty,web,19.7,0
1319,2026-05-29 20:21:45.306548773,sports,web,61.08,0
1319,2026-06-05 11:52:40.687961218,sports,web,16.41,0
1319,2026-06-07 05:43:20.407000538,beauty,web,23.98,0
1319,2026-06-26 09:55:11.353222471,home,store,78.46,0
1319,2026-07-10 02:22:21.511140477,beauty,web,85.78,0
1320,2025-12-01 03:27:44.544608234,home,mobile_app,29.06,0
1320,2026-04-30 20:52:14.609034768,home,store,13.91,0
1320,2026-07-02 16:26:15.371929568,home,web,18.49,0
1320,2026-07-28 11:18:22.960905596,apparel,web,42.31,0
1322,2026-03-06 06:46:14.921164177,home,store,13.22,0
1322,2026-04-02 02:24:56.207984470,electronics,web,16.41,0
1322,2026-04-20 23:46:06.666767064,apparel,mobile_app,14.52,0
1322,2026-04-28 15:47:27.107610078,apparel,web,59.91,1
1322,2026-05-08 11:43:39.737817014,apparel,store,9.03,0
1322,2026-05-27 09:52:52.636239996,beauty,store,82.21,0
1322,2026-07-08 11:05:28.488308666,apparel,mobile_app,37.85,0
1322,2026-07-25 04:21:19.714323275,grocery,mobile_app,13.86,0
1323,2025-04-08 08:01:26.636152694,apparel,web,48.76,0
1323,2025-04-22 17:16:14.322701047,home,mobile_app,68.46,0
1323,2025-04-23 07:07:28.649349892,electronics,web,11.27,0
1323,2025-08-09 10:07:53.229980004,apparel,web,21.19,0
1323,2025-08-24 22:33:16.042459300,sports,web,110.56,0
1323,2025-09-11 18:00:08.024456999,electronics,mobile_app,17.54,1
1323,2025-10-12 10:51:00.751156569,apparel,mobile_app,63.12,0
1323,2025-11-01 16:26:23.530724811,apparel,mobile_app,49.32,0
1323,2025-12-08 09:56:47.721116271,home,mobile_app,21.67,0
1323,2025-12-16 18:45:38.636793876,grocery,web,53.84,0
1323,2025-12-26 18:16:49.317422391,electronics,mobile_app,113.3,0
1323,2026-01-28 22:22:40.358751523,apparel,web,13.97,0
1323,2026-03-08 13:27:48.395924767,electronics,web,35.07,0
1323,2026-03-11 14:17:14.956033710,sports,store,17.69,0
1323,2026-04-23 11:52:35.668652647,beauty,web,94.97,0
1324,2025-07-23 15:04:52.951584905,grocery,store,19.72,0
1324,2025-08-17 18:36:08.583695669,sports,mobile_app,42.66,0
1324,2025-10-03 16:49:50.089253857,sports,mobile_app,16.68,0
1324,2025-10-20 16:25:58.730159214,grocery,web,49.84,0
1324,2025-10-25 09:27:54.265768284,home,store,14.23,0
1324,2025-10-26 19:43:13.586439435,sports,mobile_app,22.73,0
1324,2025-10-29 08:25:39.050479967,grocery,web,52.26,0
1324,2025-11-20 17:48:58.165979847,sports,store,14.86,0
1324,2026-02-15 15:02:40.994128842,electronics,web,18.21,0
1324,2026-02-18 20:01:41.700746499,sports,web,64.26,0
1324,2026-06-26 23:31:22.467304445,grocery,web,49.11,0
1324,2026-07-20 17:28:45.108716921,apparel,store,23.87,0
1325,2025-07-18 10:29:01.836069038,electronics,mobile_app,21.89,0
1325,2025-08-30 11:28:58.462660183,electronics,web,15.71,0
1325,2026-02-21 03:43:05.038516206,apparel,web,16.68,0
1325,2026-04-04 22:28:39.025999186,sports,web,77.99,0
1325,2026-04-06 12:01:40.837892348,electronics,store,20.91,0
1325,2026-05-02 12:27:32.942710308,electronics,mobile_app,32.18,0
1325,2026-05-06 08:58:16.698530220,electronics,mobile_app,31.49,0
1326,2026-04-21 15:33:08.622401818,beauty,web,58.85,0
1326,2026-04-26 16:02:06.932782747,home,web,71.67,0
1326,2026-05-27 00:42:03.627635634,apparel,mobile_app,34.41,0
1326,2026-06-04 06:39:27.471811079,beauty,store,42.91,0
1326,2026-06-06 17:15:20.274113817,home,mobile_app,97.84,0
1326,2026-07-14 03:12:00.742795667,apparel,web,113.41,0
1327,2024-12-05 13:32:36.468517699,beauty,mobile_app,12.11,0
1327,2025-01-05 21:36:20.418604486,home,store,36.07,0
1327,2025-01-13 06:40:42.126179952,beauty,web,5.39,0
1327,2025-03-12 20:49:16.115360875,home,web,49.31,0
1327,2025-03-14 17:28:55.157556962,grocery,web,97.99,0
1327,2025-05-16 07:46:16.034813058,grocery,web,47.22,0
1327,2025-05-25 10:48:21.111716768,home,mobile_app,77.63,0
1327,2025-08-09 23:39:23.141983957,home,mobile_app,18.24,0
1327,2025-11-20 20:01:01.526837898,apparel,mobile_app,21.95,0
1327,2026-04-09 13:02:42.148674566,home,mobile_app,46.02,0
1329,2025-01-19 17:08:10.442516226,electronics,web,6.79,0
1329,2025-04-03 08:41:50.192601726,sports,web,52.89,0
1329,2025-05-23 06:05:31.468723360,beauty,store,8.88,0
1329,2025-06-29 03:25:56.979540849,apparel,web,45.99,0
1329,2025-08-12 02:32:18.138523869,apparel,mobile_app,18.65,0
1329,2025-09-09 14:32:17.939572265,apparel,store,174.01,0
1329,2025-10-07 11:54:06.816872224,beauty,mobile_app,7.51,0
1329,2025-10-09 11:59:19.640237499,grocery,store,44.86,0
1329,2025-10-28 19:37:04.345121214,home,web,14.25,0
1329,2026-01-01 04:54:06.571923227,home,web,14.59,0
1329,2026-01-10 17:57:53.153915579,home,web,33.69,0
1329,2026-01-28 21:29:28.740288155,beauty,web,9.01,0
1329,2026-05-06 08:41:37.408428431,beauty,web,15.22,0
1329,2026-06-23 13:05:49.189449901,grocery,web,22.43,0
1330,2025-11-13 17:28:19.405356445,grocery,web,26.18,0
1330,2026-02-25 04:40:10.657286619,beauty,store,35.4,0
1330,2026-03-23 00:23:45.517975599,home,store,15.89,0
1330,2026-04-28 16:42:31.150349347,beauty,mobile_app,6.79,0
1330,2026-06-02 00:58:59.352226418,electronics,web,29.33,0
1330,2026-06-07 02:06:53.552757658,beauty,web,19.27,0
1330,2026-06-30 19:51:50.722439274,apparel,web,17.07,0
1330,2026-07-23 16:42:03.489159238,electronics,store,19.18,0
1331,2026-02-03 22:11:53.617871959,home,mobile_app,34.06,0
1331,2026-02-05 09:03:43.483146768,grocery,web,21.46,0
1331,2026-02-25 00:31:54.795874276,sports,mobile_app,35.26,0
1331,2026-03-20 08:22:00.498895148,beauty,web,32.92,0
1331,2026-05-06 02:13:52.544076744,home,web,35.79,0
1331,2026-05-07 14:06:53.784148462,grocery,web,77.81,0
1331,2026-05-21 21:37:17.854631285,sports,web,25.42,0
1331,2026-05-25 01:37:17.725694175,grocery,store,163.9,0
1331,2026-07-17 23:42:58.726352739,apparel,mobile_app,12.28,0
1332,2025-06-02 15:07:12.948838493,sports,web,17.07,0
1332,2025-06-22 02:47:14.501870336,grocery,store,59.55,1
1332,2025-08-03 20:52:10.364098873,electronics,mobile_app,73.92,0
1332,2025-09-14 09:09:17.473603824,home,web,10.73,0
1332,2025-10-04 07:11:36.019108240,apparel,store,113.31,0
1332,2025-10-11 09:21:34.060206462,electronics,store,5.59,0
1332,2025-11-04 15:15:06.671381386,grocery,store,17.29,0
1332,2025-12-18 03:12:32.999514106,grocery,web,123.68,0
1332,2026-03-22 17:23:54.159813929,sports,web,28.05,0
1332,2026-04-22 06:38:23.918438887,grocery,mobile_app,11.38,0
1332,2026-05-30 13:52:09.771220938,sports,mobile_app,14.78,0
1332,2026-06-23 06:52:40.507594214,home,mobile_app,18.04,0
1333,2026-04-16 18:40:42.153954217,apparel,web,5.86,0
1333,2026-04-23 13:13:19.602037589,sports,store,93.9,0
1333,2026-05-07 14:33:05.816562619,beauty,web,8.35,0
1333,2026-05-24 14:17:15.063212193,electronics,web,80.33,0
1333,2026-06-16 23:50:41.627678531,grocery,web,51.38,0
1333,2026-07-05 06:25:10.420622576,electronics,web,11.48,0
1333,2026-07-14 23:39:07.370313460,home,store,21.25,0
1333,2026-07-15 19:12:23.033634622,electronics,mobile_app,26.97,0
1333,2026-07-30 03:38:41.007217699,home,web,33.03,0
1333,2026-07-30 11:29:33.156914136,electronics,mobile_app,53.68,0
1334,2024-10-12 15:22:51.607051485,grocery,mobile_app,16.86,1
1334,2024-10-18 11:10:41.864604341,apparel,mobile_app,70.86,0
1334,2025-01-26 05:51:24.566679752,electronics,web,15.76,0
1334,2025-02-27 14:13:38.096278058,home,mobile_app,53.3,0
1334,2025-08-30 07:20:06.994493316,apparel,mobile_app,19.07,0
1334,2025-10-21 04:41:56.659944305,grocery,mobile_app,13.32,0
1334,2025-12-06 12:22:28.935250922,apparel,store,28.37,0
1334,2025-12-29 01:48:39.442384573,apparel,store,45.43,0
1334,2026-02-05 04:15:25.513857574,sports,mobile_app,3.0,0
1334,2026-03-16 13:48:44.315104830,sports,web,64.06,0
1334,2026-03-22 16:23:24.214383632,electronics,web,25.72,0
1334,2026-07-25 09:31:43.597920542,apparel,mobile_app,79.35,0
1335,2025-10-10 03:11:29.809201005,electronics,mobile_app,26.23,0
1335,2025-10-16 06:59:33.414998229,beauty,web,46.59,0
1335,2025-11-02 11:03:07.380658106,beauty,mobile_app,23.05,0
1335,2025-11-04 22:35:25.819820520,apparel,mobile_app,148.5,0
1335,2026-03-13 12:16:01.653577122,beauty,web,43.37,0
1335,2026-03-18 06:42:41.919811912,home,web,166.42,0
1335,2026-04-04 17:28:50.051011556,beauty,mobile_app,6.99,1
1335,2026-04-10 10:56:51.864832885,grocery,store,27.72,0
1335,2026-04-27 09:26:35.421478083,sports,web,41.58,0
1335,2026-05-09 18:35:15.609501416,electronics,web,10.27,0
1336,2025-07-17 01:31:44.550105526,sports,mobile_app,98.29,0
1336,2025-08-30 16:43:07.244825313,home,web,50.32,0
1336,2025-10-21 21:00:33.621124516,home,web,7.86,0
1336,2025-11-05 06:34:10.752396649,electronics,store,31.29,0
1336,2025-11-08 13:24:04.335443194,apparel,mobile_app,21.64,0
1336,2025-11-30 15:49:07.623509152,apparel,web,30.14,0
1336,2025-12-10 14:02:19.023908848,grocery,mobile_app,10.34,0
1336,2025-12-14 08:49:21.682915427,sports,mobile_app,54.58,0
1336,2025-12-20 06:08:52.349086283,electronics,web,11.46,0
1336,2026-02-04 23:25:09.477311633,electronics,store,38.27,0
1336,2026-02-26 00:17:33.900372577,electronics,mobile_app,17.88,0
1336,2026-03-03 17:17:49.083803567,electronics,mobile_app,16.15,0
1336,2026-03-15 18:22:47.914712752,electronics,web,13.65,0
1336,2026-03-22 15:42:12.366445940,beauty,web,4.7,0
1336,2026-05-19 01:58:27.291754255,electronics,web,25.68,0
1336,2026-06-04 01:58:09.582094650,electronics,mobile_app,70.89,0
1336,2026-06-24 04:46:06.302671274,electronics,web,45.59,0
1337,2025-03-01 15:26:20.080881664,apparel,mobile_app,174.23,0
1337,2025-03-17 21:08:57.641280864,apparel,mobile_app,189.0,0
1337,2025-03-21 16:08:00.931231968,sports,web,24.65,0
1337,2025-04-17 16:43:42.218852973,grocery,mobile_app,11.02,0
1337,2025-05-12 12:15:24.849027827,apparel,web,122.53,0
1337,2025-06-28 14:02:06.331865116,electronics,web,62.71,0
1337,2025-07-16 23:48:39.342444167,beauty,store,15.93,0
1337,2025-08-15 07:41:51.776137355,beauty,store,9.23,0
1337,2025-12-31 07:12:50.697704641,apparel,store,16.04,0
1337,2026-01-25 23:43:35.862459235,grocery,mobile_app,124.4,0
1337,2026-06-12 14:26:54.173309926,electronics,web,40.89,0
1337,2026-06-16 16:07:25.977840802,sports,mobile_app,88.55,1
1337,2026-06-29 11:31:39.874473987,sports,web,7.99,0
1338,2026-02-16 12:06:20.019621886,electronics,mobile_app,10.13,0
1338,2026-04-20 02:48:58.939565375,home,store,6.69,0
1338,2026-05-21 05:59:03.092994828,electronics,store,67.94,0
1339,2025-08-17 07:57:04.489249626,home,mobile_app,25.02,0
1339,2025-08-29 12:08:03.426693556,sports,web,33.4,1
1339,2025-09-28 10:41:19.079562901,home,mobile_app,9.79,0
1339,2025-10-24 11:11:59.073814424,apparel,mobile_app,32.95,0
1339,2025-11-06 17:16:14.751910906,home,store,20.03,0
1339,2026-01-12 04:08:40.962585313,sports,mobile_app,7.41,0
1339,2026-01-27 03:14:17.975648838,grocery,web,26.6,0
1339,2026-02-20 17:24:40.833895989,apparel,store,98.22,0
1339,2026-03-06 02:33:06.042586729,sports,mobile_app,29.65,0
1339,2026-04-13 00:13:16.719993322,home,web,52.1,0
1339,2026-05-21 04:28:03.954034483,electronics,web,3.76,0
1339,2026-06-21 00:01:33.551404274,grocery,web,55.3,0
1339,2026-07-30 02:00:38.025285950,grocery,mobile_app,89.01,0
1340,2026-01-17 00:12:05.785564395,home,mobile_app,41.67,0
1340,2026-02-21 02:59:08.133211845,sports,mobile_app,42.19,0
1340,2026-03-27 23:24:47.035015391,sports,store,59.32,0
1340,2026-06-07 14:45:41.488950814,electronics,web,118.89,0
1340,2026-06-14 12:43:00.148014630,electronics,mobile_app,29.37,0
1341,2026-04-04 00:24:33.911448599,home,store,90.53,0
1341,2026-05-18 15:48:45.166800672,electronics,store,111.93,0
1341,2026-05-23 15:08:39.485029941,electronics,store,18.67,1
1341,2026-07-05 02:25:01.205188205,grocery,web,26.17,0
1341,2026-07-19 19:26:51.246403106,beauty,web,45.46,0
1342,2026-06-14 12:53:53.737610885,beauty,mobile_app,28.53,0
1342,2026-06-18 15:30:34.718044822,electronics,mobile_app,60.42,0
1342,2026-07-14 13:15:36.392064434,grocery,web,11.44,0
1344,2025-09-17 19:38:30.883311016,apparel,mobile_app,120.11,0
1344,2025-12-15 17:27:20.718094522,home,web,47.08,0
1344,2026-05-28 13:07:27.287556474,electronics,web,23.39,0
1344,2026-07-29 07:10:36.893267951,beauty,mobile_app,60.14,0
1345,2026-05-03 06:34:41.996269601,apparel,web,93.77,0
1345,2026-05-07 21:51:29.742786916,electronics,web,97.57,0
1345,2026-05-20 01:40:13.377026756,electronics,web,47.33,0
1345,2026-05-25 22:27:46.885117295,electronics,web,21.09,1
1345,2026-06-04 13:43:10.529458629,home,store,23.52,0
1345,2026-06-07 20:46:03.652618089,apparel,mobile_app,11.21,0
1345,2026-06-08 11:57:23.875708801,apparel,web,25.0,0
1345,2026-06-11 02:29:07.579120310,home,web,136.58,0
1345,2026-06-12 13:48:07.866880117,beauty,mobile_app,111.51,0
1345,2026-06-22 14:34:17.316776623,grocery,store,9.97,0
1346,2024-11-06 01:19:03.267391063,grocery,web,38.26,0
1346,2024-11-17 12:41:12.312149825,electronics,store,9.31,0
1346,2024-12-02 02:23:43.238743086,home,web,67.67,0
1346,2025-01-31 03:17:44.723530413,electronics,web,35.31,0
1346,2025-02-14 08:58:08.905489030,beauty,mobile_app,31.65,1
1346,2025-03-06 09:23:10.302629430,beauty,web,30.09,0
1346,2025-04-04 07:55:09.721055738,apparel,store,109.04,0
1346,2025-04-17 14:25:26.560881604,beauty,store,38.81,0
1346,2025-09-11 17:26:18.197089553,grocery,web,14.44,0
1346,2025-09-24 08:28:30.846939206,beauty,web,55.99,0
1346,2025-09-26 14:49:43.605498502,beauty,mobile_app,66.35,0
1346,2025-10-04 01:02:40.549897041,apparel,mobile_app,24.67,0
1346,2025-10-20 21:32:02.712383840,grocery,store,37.62,0
1346,2025-11-13 16:31:46.474642094,home,mobile_app,11.99,0
1346,2025-11-16 21:00:08.506651796,sports,web,8.07,0
1346,2025-12-15 14:09:07.679579248,home,mobile_app,47.22,0
1346,2026-04-01 12:01:31.779657354,grocery,store,10.75,0
1346,2026-06-03 15:35:56.008208285,electronics,web,82.75,0
1347,2025-06-23 11:02:15.956576863,home,mobile_app,20.59,0
1347,2025-07-03 05:12:43.274597867,electronics,mobile_app,14.19,0
1347,2025-07-05 17:29:15.027335886,beauty,web,72.47,0
1347,2025-07-31 08:38:37.647097746,beauty,web,27.11,0
1347,2025-08-18 10:58:25.983210401,home,web,94.75,0
1347,2025-10-02 06:51:24.064753643,sports,mobile_app,20.92,0
1347,2025-11-22 03:01:48.975133461,grocery,mobile_app,39.22,0
1347,2025-11-24 14:52:48.131016382,grocery,web,103.7,0
1347,2025-11-26 03:01:47.581117706,grocery,web,30.47,0
1347,2026-01-11 23:53:41.006561275,electronics,mobile_app,31.1,0
1347,2026-01-18 20:54:16.529226800,grocery,web,76.56,0
1347,2026-01-19 03:33:18.015448960,home,mobile_app,25.23,0
1347,2026-01-25 13:23:28.630318149,home,mobile_app,55.81,0
1347,2026-03-23 01:16:40.935900384,grocery,store,109.06,0
1347,2026-06-04 18:33:08.266534344,electronics,web,21.14,0
1348,2024-12-05 07:19:16.488217967,electronics,mobile_app,32.12,0
1348,2025-01-31 13:54:18.639886980,sports,mobile_app,4.71,0
1348,2025-03-13 03:41:19.931195040,sports,store,63.57,0
1348,2025-03-28 23:25:17.009060172,home,store,206.23,0
1348,2025-05-14 13:39:50.867542901,beauty,mobile_app,29.63,0
1348,2025-08-10 00:16:43.671781255,home,web,22.13,0
1348,2025-08-10 08:37:52.719809388,home,store,109.55,0
1348,2026-01-23 19:30:58.334004974,home,web,11.17,0
1348,2026-03-02 03:21:33.716707080,grocery,web,22.68,0
1348,2026-04-11 04:11:52.223638183,home,web,95.81,0
1348,2026-07-09 02:14:08.623863690,electronics,mobile_app,20.17,0
1349,2025-01-15 13:30:44.047050671,beauty,mobile_app,35.63,0
1349,2025-01-24 07:33:14.145666316,electronics,web,49.7,0
1349,2025-02-22 15:49:15.999702667,home,web,22.81,0
1349,2025-05-30 06:55:47.955394203,beauty,web,42.11,0
1349,2025-07-22 03:29:31.714809191,grocery,store,50.97,0
1349,2025-08-16 22:41:58.598724803,apparel,mobile_app,75.14,0
1349,2025-08-30 14:50:58.922502075,grocery,web,28.68,0
1349,2025-09-12 05:12:13.748744402,beauty,store,122.14,0
1349,2025-09-13 23:55:59.672732938,apparel,web,26.94,0
1349,2025-10-16 14:55:21.951052853,grocery,web,81.21,0
1349,2026-01-11 13:03:27.734805977,electronics,web,29.19,0
1349,2026-02-14 20:15:16.572737938,apparel,web,59.24,0
1349,2026-04-03 07:07:56.077882842,home,store,22.35,0
1349,2026-04-16 16:21:25.110476877,electronics,web,31.92,0
1349,2026-06-01 20:05:26.104355417,home,mobile_app,16.55,0
1349,2026-06-09 00:10:21.622862482,sports,mobile_app,29.13,0
1349,2026-06-29 08:38:54.796467028,beauty,mobile_app,312.56,0
1349,2026-07-27 02:34:55.917926455,grocery,web,6.51,1
1349,2026-07-30 12:22:42.343484852,sports,mobile_app,5.11,0
1350,2025-11-20 09:17:11.335733952,sports,web,49.49,0
1350,2025-11-23 14:49:53.714861519,grocery,store,128.57,0
1350,2025-12-01 05:12:54.613448194,home,mobile_app,42.6,0
1350,2025-12-13 17:51:27.132651329,home,web,17.4,0
1350,2026-01-21 16:55:00.012318635,sports,mobile_app,8.8,0
1350,2026-03-10 15:39:49.638722985,apparel,web,60.73,0
1350,2026-04-02 11:16:52.899993722,home,web,53.42,0
1350,2026-05-19 06:34:32.252303744,beauty,web,17.91,1
1350,2026-07-16 03:34:31.414133534,apparel,mobile_app,7.81,0
1351,2026-06-24 18:09:28.523147976,apparel,web,16.83,0
1352,2025-11-24 17:10:04.249398251,electronics,web,183.37,0
1352,2025-12-03 03:46:39.525096481,electronics,mobile_app,28.04,1
1352,2025-12-06 23:50:28.897228073,apparel,web,20.29,0
1353,2025-06-20 01:41:19.069914112,apparel,web,85.97,0
1353,2025-06-26 05:43:29.887454422,grocery,web,44.34,0
1353,2025-08-09 10:14:02.987024197,apparel,web,24.7,0
1353,2025-08-15 09:08:38.484693799,home,web,111.06,0
1353,2026-02-13 01:27:02.973404431,beauty,store,94.68,0
1353,2026-02-27 01:15:32.771176851,apparel,web,6.37,0
1353,2026-04-28 09:53:37.715257217,electronics,mobile_app,120.75,0
1354,2025-06-21 05:10:34.387284744,sports,mobile_app,258.33,0
1354,2026-03-19 23:49:16.140609262,sports,mobile_app,144.96,0
1355,2026-06-10 03:46:10.176817628,grocery,web,10.89,0
1355,2026-06-26 05:28:41.222631407,home,mobile_app,10.78,0
1355,2026-07-10 04:34:15.019153102,home,web,82.12,0
1356,2025-08-25 02:46:54.999512268,apparel,store,255.43,0
1356,2025-09-08 22:42:55.122320368,beauty,mobile_app,24.56,0
1356,2025-10-06 05:43:33.706304017,grocery,web,32.33,1
1356,2025-10-06 10:51:30.447534595,home,web,57.38,0
1356,2025-11-08 07:57:34.161260346,electronics,web,306.82,0
1356,2025-11-19 02:55:51.113704746,sports,store,16.59,0
1356,2025-11-21 11:37:29.587994654,home,store,85.73,0
1356,2025-12-29 18:00:28.372756680,home,mobile_app,19.2,0
1356,2026-01-22 23:33:04.185647776,sports,web,9.68,0
1356,2026-04-15 12:20:55.935701826,home,web,8.39,0
1356,2026-04-17 09:23:32.013030115,grocery,store,88.75,0
1356,2026-05-15 22:58:31.030175672,sports,mobile_app,218.33,0
1356,2026-06-20 18:24:14.230965854,home,web,41.76,1
1356,2026-06-27 12:48:52.028345639,apparel,mobile_app,75.97,0
1357,2026-01-28 02:36:56.052941377,home,store,56.16,0
1357,2026-02-07 10:12:35.737606996,home,mobile_app,35.96,1
1357,2026-03-04 05:17:30.716103633,grocery,store,55.76,0
1357,2026-03-20 21:55:32.044976184,home,mobile_app,9.58,0
1357,2026-04-16 05:31:55.811393271,grocery,web,11.03,0
1357,2026-05-29 21:11:13.874763483,electronics,web,44.73,0
1358,2026-05-07 07:27:15.296721578,apparel,web,81.31,0
1358,2026-05-08 13:00:30.521696965,sports,mobile_app,68.08,0
1358,2026-06-09 07:45:03.336502047,apparel,web,39.74,0
1358,2026-07-22 19:32:36.577638635,beauty,web,29.91,1
1359,2026-05-08 06:04:52.697741022,home,web,9.03,0
1359,2026-05-17 15:40:40.895291191,beauty,mobile_app,19.79,0
1360,2025-10-11 09:53:34.916953025,grocery,store,51.38,0
1360,2026-01-20 18:27:51.889486793,electronics,mobile_app,50.48,0
1360,2026-02-14 15:53:56.651193802,home,web,26.13,0
1360,2026-03-12 15:22:52.320163993,home,mobile_app,77.37,0
1360,2026-07-02 20:49:55.571986474,electronics,web,11.05,0
1360,2026-07-25 05:10:10.798669002,sports,mobile_app,13.24,0
1361,2026-06-21 00:38:09.877702344,electronics,web,8.65,0
1361,2026-06-30 23:56:36.450584935,apparel,mobile_app,99.91,1
1362,2026-07-25 01:37:09.479449526,home,web,64.39,0
1362,2026-07-28 23:14:08.897487159,sports,mobile_app,28.41,1
1363,2026-05-01 09:48:12.900536822,apparel,web,27.73,0
1363,2026-06-17 21:19:54.156989704,beauty,mobile_app,307.81,0
1364,2026-05-08 20:10:07.309830859,electronics,web,22.99,0
1364,2026-05-10 11:33:51.604204801,electronics,web,10.99,0
1364,2026-05-20 03:54:58.354305864,electronics,store,20.51,0
1364,2026-05-24 14:46:35.883767952,apparel,store,9.24,0
1364,2026-06-26 23:13:35.471568384,beauty,store,26.42,0
1365,2025-08-23 04:09:44.669401572,beauty,store,8.21,0
1365,2025-08-28 21:10:39.140176800,beauty,mobile_app,22.22,0
1365,2025-08-31 01:48:08.351922675,sports,web,35.6,0
1365,2025-09-05 08:42:01.148005924,beauty,mobile_app,20.34,0
1365,2025-10-06 18:46:10.992220021,beauty,web,12.72,0
1365,2025-10-09 02:37:05.455803637,beauty,store,70.31,0
1365,2025-10-24 23:09:52.802373232,beauty,store,20.57,0
1365,2025-10-25 06:41:17.426525888,electronics,store,89.06,0
1365,2025-11-10 19:00:14.290928093,home,mobile_app,102.41,0
1365,2025-12-05 14:26:09.620490616,apparel,web,19.42,0
1365,2026-04-15 22:25:34.458229097,home,mobile_app,21.0,0
1365,2026-04-25 14:35:49.237464066,beauty,web,41.81,0
1365,2026-05-24 15:59:31.052052742,grocery,web,4.81,0
1365,2026-05-24 21:54:00.176830241,apparel,web,12.19,0
1365,2026-06-22 08:42:16.739939806,grocery,web,51.79,0
1365,2026-07-02 17:21:40.461678666,grocery,web,30.63,0
1365,2026-07-17 07:59:05.442091567,sports,web,18.71,0
1366,2026-06-26 08:13:05.750407702,grocery,web,13.42,0
1367,2025-12-20 00:30:30.805613148,beauty,web,66.54,0
1367,2025-12-31 03:16:57.251158110,beauty,mobile_app,67.99,0
1367,2026-01-04 12:11:14.211493919,sports,mobile_app,36.7,0
1367,2026-01-06 16:41:30.404900596,grocery,web,15.51,0
1367,2026-03-29 01:25:36.620770415,electronics,web,222.6,0
1367,2026-05-26 20:47:10.608072283,grocery,web,112.73,0
1367,2026-06-03 01:33:30.883649619,sports,web,17.17,1
1367,2026-06-15 03:01:41.400522426,electronics,web,16.07,0
1367,2026-07-26 18:09:07.926715927,grocery,web,22.59,0
1368,2026-01-08 01:31:47.884028330,grocery,mobile_app,101.8,1
1368,2026-02-09 23:20:01.653620658,beauty,mobile_app,8.66,0
1368,2026-02-13 10:33:58.389402724,home,web,27.01,1
1368,2026-03-23 16:08:28.546564085,electronics,web,29.98,0
1368,2026-05-01 22:10:24.339757763,home,mobile_app,32.02,0
1368,2026-06-24 02:23:38.922702288,home,web,154.9,0
1369,2025-06-15 19:55:51.439415221,home,web,29.82,0
1369,2025-08-07 20:46:25.470236620,apparel,mobile_app,23.52,0
1369,2025-08-12 06:51:04.729059559,electronics,mobile_app,58.29,0
1369,2025-09-29 01:37:08.709012604,grocery,store,75.1,0
1369,2025-12-17 11:05:44.058787976,apparel,mobile_app,42.6,0
1369,2025-12-22 22:37:41.248108733,sports,web,5.68,0
1369,2026-01-18 18:27:31.602607480,beauty,mobile_app,12.58,0
1369,2026-03-02 03:19:29.425081884,home,web,10.53,0
1369,2026-03-24 14:55:23.885250825,electronics,web,21.09,0
1369,2026-05-21 18:43:35.501615392,grocery,web,96.49,0
1369,2026-06-03 14:44:04.456594496,beauty,mobile_app,12.65,0
1369,2026-06-05 01:40:30.270328574,sports,mobile_app,77.63,0
1369,2026-06-25 21:21:18.986134516,grocery,mobile_app,51.85,0
1370,2025-03-30 21:07:25.111856831,electronics,mobile_app,56.2,0
1370,2025-04-29 06:38:05.163507390,electronics,store,49.19,0
1370,2025-05-30 23:42:43.967508938,apparel,web,23.15,0
1370,2025-07-10 09:59:50.319652039,apparel,mobile_app,9.62,0
1370,2025-08-06 15:58:00.700285904,electronics,web,78.22,0
1370,2025-10-20 19:07:10.588868107,home,mobile_app,21.63,0
1370,2025-12-22 18:24:03.643973416,sports,web,70.59,0
1370,2026-02-02 10:22:30.242142267,home,mobile_app,48.99,0
1370,2026-03-20 19:58:26.983331493,home,web,32.86,0
1370,2026-04-22 12:17:26.505417858,apparel,store,7.3,0
1370,2026-06-02 03:52:02.040065395,grocery,mobile_app,80.87,1
1370,2026-06-09 19:51:32.154206072,beauty,web,106.92,0
1370,2026-06-13 05:03:57.548622013,home,mobile_app,30.23,0
1371,2025-09-06 05:45:54.517332336,home,web,30.51,0
1371,2025-09-14 00:02:57.472979329,home,store,10.57,0
1371,2025-09-26 14:16:37.925802915,sports,mobile_app,149.49,0
1371,2025-10-06 06:52:20.614815031,apparel,store,26.09,0
1371,2025-11-06 06:51:38.623672777,beauty,web,48.38,0
1371,2025-12-05 04:29:00.017206366,electronics,web,18.89,0
1371,2025-12-08 18:49:52.454587144,electronics,mobile_app,90.98,0
1371,2025-12-22 15:11:12.268659653,home,store,19.96,0
1371,2025-12-27 08:48:31.804399927,beauty,mobile_app,15.45,0
1371,2026-06-02 09:31:57.356901535,grocery,web,7.06,0
1371,2026-06-23 19:18:39.392074426,beauty,web,21.64,0
1371,2026-06-24 21:17:59.010581121,beauty,web,9.88,0
1372,2025-12-09 06:47:09.615343733,home,web,34.71,0
1372,2026-05-29 12:29:05.360667741,home,mobile_app,45.12,0
1372,2026-07-15 11:25:54.383053187,apparel,web,59.74,0
1372,2026-07-18 14:25:18.011099257,home,web,69.4,0
1373,2026-04-19 22:37:28.028234321,home,web,16.21,0
1373,2026-04-24 06:07:14.721093817,apparel,mobile_app,93.69,0
1373,2026-04-26 21:46:39.275501129,apparel,web,174.3,0
1373,2026-05-29 23:37:32.292229800,sports,web,30.16,1
1373,2026-06-02 03:18:59.718429473,apparel,store,3.9,0
1373,2026-06-30 12:00:13.135472465,grocery,web,122.7,0
1374,2025-11-14 23:28:51.356952239,sports,web,88.83,0
1374,2026-02-06 15:28:07.758308016,apparel,mobile_app,3.03,0
1374,2026-05-27 08:34:35.795646305,electronics,mobile_app,114.53,0
1375,2025-01-16 16:34:48.827825458,sports,web,23.91,0
1375,2025-02-26 08:58:32.985203114,beauty,store,17.61,0
1375,2025-04-25 18:56:15.662802256,beauty,mobile_app,34.16,0
1375,2025-05-23 05:56:15.804305201,sports,web,52.31,0
1375,2025-06-30 09:41:56.918054910,electronics,store,111.82,0
1375,2025-08-23 23:06:04.870164960,home,web,27.84,0
1375,2025-08-29 10:49:30.460790600,apparel,web,36.52,0
1375,2025-09-11 02:53:44.566204779,beauty,mobile_app,53.73,1
1375,2025-10-03 06:32:58.621205251,electronics,store,46.41,0
1375,2025-10-27 04:24:59.653781085,apparel,web,37.98,0
1375,2025-11-08 15:36:34.665014492,beauty,mobile_app,12.06,1
1375,2025-12-12 13:03:37.943418264,grocery,web,35.25,0
1375,2026-01-29 15:59:19.618933992,home,mobile_app,32.14,0
1375,2026-03-01 19:25:14.163287817,apparel,web,186.31,0
1376,2025-04-06 00:05:29.118143130,sports,mobile_app,38.78,0
1376,2025-05-05 12:52:20.260631355,electronics,mobile_app,23.65,0
1376,2025-05-06 22:40:32.949637407,grocery,web,61.1,0
1376,2025-06-28 22:33:14.784123160,sports,web,18.13,0
1376,2025-07-05 23:54:41.034573775,grocery,web,9.43,0
1376,2025-07-28 10:55:43.997268985,grocery,store,32.3,0
1376,2025-08-17 05:54:00.679889702,grocery,web,34.03,0
1376,2025-08-17 22:41:01.014515204,electronics,mobile_app,97.97,0
1376,2025-10-17 11:53:28.403079556,electronics,mobile_app,90.65,0
1376,2025-10-20 16:44:15.063242828,grocery,mobile_app,5.06,0
1376,2025-12-28 04:06:25.017954077,home,web,29.01,0
1376,2026-01-06 23:33:33.621556637,electronics,store,53.61,0
1376,2026-02-16 20:55:54.588876508,grocery,mobile_app,26.12,1
1376,2026-04-10 02:29:51.397067729,grocery,store,9.69,0
1376,2026-04-27 07:28:19.995020864,grocery,web,9.58,0
1376,2026-04-30 22:03:16.290662907,grocery,web,36.54,0
1376,2026-05-20 23:03:10.966976203,sports,web,59.67,0
1376,2026-07-15 12:09:15.642325265,home,mobile_app,35.1,0
1377,2025-01-14 16:50:04.321287223,beauty,web,92.77,0
1377,2025-08-12 18:42:35.061013723,beauty,mobile_app,22.84,0
1377,2025-12-08 07:18:14.366428509,electronics,mobile_app,33.04,0
1377,2026-03-26 05:21:11.315522382,electronics,store,12.03,0
1377,2026-04-29 04:37:07.895176608,electronics,web,6.44,0
1377,2026-06-07 03:17:16.970782042,beauty,mobile_app,80.5,0
1377,2026-06-09 10:50:13.283869140,sports,mobile_app,81.25,0
1377,2026-06-20 21:22:04.249764656,electronics,store,15.0,0
1378,2024-10-28 21:40:58.838199459,beauty,store,66.67,0
1378,2024-12-01 21:30:07.074299728,electronics,web,121.58,0
1378,2025-01-27 02:57:09.581661153,home,web,23.51,0
1378,2025-03-30 19:39:29.518157463,sports,store,31.57,0
1378,2025-04-12 06:22:08.710828035,grocery,mobile_app,113.59,0
1378,2025-07-27 21:34:45.212081644,sports,mobile_app,50.94,0
1378,2025-08-03 09:15:58.127334086,home,store,54.49,0
1378,2025-09-15 07:57:10.432482463,beauty,web,147.5,0
1378,2025-11-13 15:07:29.113045747,beauty,web,27.41,0
1378,2026-02-21 08:17:41.115281471,home,store,72.8,0
1378,2026-02-27 23:43:16.858586416,electronics,store,11.92,0
1378,2026-03-17 21:40:11.179395380,beauty,store,81.12,0
1378,2026-04-19 10:32:07.196566359,electronics,store,92.85,0
1379,2025-07-22 00:48:07.648927664,grocery,mobile_app,33.22,0
1379,2025-09-03 19:34:11.193698468,sports,store,29.09,1
1379,2025-09-20 01:01:44.272196611,beauty,web,64.2,0
1379,2025-10-04 17:15:01.325301964,grocery,store,63.0,0
1379,2025-12-08 13:20:04.759543528,electronics,web,30.06,0
1379,2026-01-18 17:59:58.354546180,home,web,8.54,1
1379,2026-05-28 19:58:04.560694689,sports,web,29.06,0
1379,2026-06-02 08:29:41.110810320,home,mobile_app,92.66,0
1379,2026-07-29 05:45:38.762076914,beauty,mobile_app,15.28,0
1380,2025-11-14 14:16:39.950146906,home,web,80.4,0
1380,2026-01-02 06:58:28.827998879,sports,web,140.95,0
1380,2026-01-18 21:54:19.951419649,sports,mobile_app,116.99,0
1380,2026-01-31 02:10:09.800630962,grocery,web,24.09,0
1380,2026-03-10 12:57:05.277733560,grocery,mobile_app,53.95,1
1380,2026-03-30 19:07:15.580099736,apparel,web,4.38,0
1380,2026-04-02 16:57:43.975456874,grocery,web,50.42,0
1380,2026-06-07 00:17:58.975008288,grocery,web,82.54,0
1380,2026-06-18 23:08:15.037514820,beauty,mobile_app,169.2,0
1381,2025-05-12 23:13:44.489013696,grocery,web,12.8,0
1381,2025-07-30 00:48:18.304745314,home,store,44.07,0
1381,2025-10-08 09:09:41.966681602,home,mobile_app,69.32,0
1381,2025-12-14 02:55:31.488659542,sports,web,38.34,0
1381,2026-02-15 04:30:15.938987112,sports,mobile_app,101.54,0
1381,2026-06-13 00:48:27.313298934,grocery,mobile_app,86.77,0
1381,2026-07-13 20:29:18.676335541,sports,web,20.21,0
1381,2026-07-22 12:35:41.547599745,grocery,store,256.09,0
1382,2025-12-29 06:23:12.366884899,grocery,store,67.64,0
1382,2026-01-07 06:16:39.313030648,home,mobile_app,10.16,0
1382,2026-01-15 07:29:51.110149586,beauty,mobile_app,69.12,0
1382,2026-02-27 13:41:44.137685161,apparel,store,31.49,1
1382,2026-03-15 22:57:33.517512954,beauty,web,32.61,0
1382,2026-07-31 21:52:03.389248284,electronics,web,34.33,1
1383,2026-01-19 23:57:55.234800404,grocery,mobile_app,28.43,0
1383,2026-02-17 08:31:58.132126241,grocery,store,28.45,0
1383,2026-03-02 08:42:40.634044520,sports,mobile_app,27.27,0
1383,2026-03-09 23:52:09.037193135,sports,store,113.64,0
1383,2026-04-13 10:58:07.887885932,home,web,104.29,0
1383,2026-05-15 22:05:49.399456177,sports,mobile_app,11.1,0
1383,2026-06-28 16:33:56.203532819,sports,mobile_app,71.36,0
1383,2026-07-08 11:09:45.932911244,apparel,mobile_app,38.21,0
1383,2026-07-09 07:42:37.041105088,electronics,store,29.73,0
1384,2026-01-14 11:35:07.322667029,home,web,15.56,0
1384,2026-03-21 09:35:59.500008626,beauty,store,90.83,0
1384,2026-03-29 15:16:13.454142724,electronics,web,3.69,0
1384,2026-04-24 02:25:52.233178982,grocery,mobile_app,64.6,0
1384,2026-05-04 05:06:11.111591448,grocery,mobile_app,3.92,0
1384,2026-05-14 17:17:27.440120081,beauty,mobile_app,36.98,0
1384,2026-07-16 23:50:46.729929080,apparel,web,34.13,0
1384,2026-07-24 08:06:34.807870939,beauty,mobile_app,26.36,0
1385,2026-03-18 01:32:10.692828975,beauty,web,12.07,0
1385,2026-04-03 10:52:46.033274992,apparel,web,35.99,0
1385,2026-06-25 13:28:33.107750706,electronics,web,64.91,0
1385,2026-07-02 04:04:02.614283084,beauty,store,11.37,0
1385,2026-07-21 23:24:08.977119573,apparel,web,65.24,0
1385,2026-07-30 01:39:18.489872705,sports,web,53.46,0
1386,2026-01-26 13:19:27.522614946,beauty,mobile_app,13.43,0
1386,2026-02-10 15:04:31.808403262,grocery,web,12.92,0
1386,2026-03-13 06:37:50.485278168,home,store,9.26,0
1386,2026-05-06 05:46:46.019162018,home,store,11.06,0
1386,2026-05-20 12:40:50.167825047,sports,store,33.99,0
1387,2025-06-20 04:49:56.106926922,beauty,mobile_app,47.23,0
1387,2025-09-08 10:36:00.615179702,electronics,mobile_app,36.79,0
1387,2025-10-09 20:16:01.018041096,sports,web,12.54,0
1387,2025-11-21 11:19:56.924975986,sports,web,27.88,0
1387,2026-03-09 03:03:24.791584997,electronics,web,46.0,0
1387,2026-04-03 11:36:36.652100709,grocery,web,39.81,0
1387,2026-05-10 06:44:12.537102659,apparel,web,41.21,0
1387,2026-06-08 23:52:47.176889336,grocery,web,35.45,0
1387,2026-07-07 06:03:50.608772695,electronics,mobile_app,21.58,0
1387,2026-07-21 16:42:35.920675348,apparel,mobile_app,114.68,0
1387,2026-07-23 14:39:44.761659907,grocery,mobile_app,24.17,0
1388,2026-03-28 15:17:37.917993944,beauty,mobile_app,49.21,0
1388,2026-07-17 09:56:59.647943723,grocery,mobile_app,47.45,0
1389,2024-10-31 23:39:50.183465089,home,store,54.33,0
1389,2024-11-05 00:30:46.751285978,apparel,web,68.83,0
1389,2025-01-18 01:14:09.233958892,grocery,web,55.04,0
1389,2025-03-14 00:24:33.328026939,apparel,web,51.97,0
1389,2025-07-01 15:45:04.034870306,apparel,store,5.71,0
1389,2025-07-02 19:38:33.805103393,sports,web,18.01,0
1389,2025-10-05 16:45:56.760175728,apparel,mobile_app,50.55,0
1389,2025-10-10 17:07:47.723629089,beauty,web,159.8,0
1389,2025-11-14 14:03:49.813733224,beauty,web,47.16,0
1389,2026-01-25 15:45:34.740345408,beauty,mobile_app,6.7,1
1389,2026-03-15 22:57:35.185537314,beauty,store,4.72,0
1389,2026-05-03 21:32:59.635219808,electronics,web,289.94,0
1389,2026-05-12 17:32:25.472304209,home,mobile_app,45.03,0
1390,2024-07-17 13:57:59.688942259,beauty,store,38.75,0
1390,2024-09-13 10:13:37.038929941,grocery,mobile_app,160.67,0
1390,2024-11-30 15:14:52.481894206,electronics,store,22.27,0
1390,2024-12-26 12:14:03.930088955,sports,mobile_app,103.23,0
1390,2025-02-24 11:16:11.882669575,sports,web,30.73,0
1390,2025-04-11 21:51:40.367207463,electronics,web,23.77,0
1390,2025-05-09 23:39:13.176789164,sports,mobile_app,10.67,0
1390,2025-06-25 01:41:10.308147024,beauty,mobile_app,86.04,0
1390,2025-07-27 09:28:48.249296375,apparel,mobile_app,25.04,0
1390,2025-08-13 19:07:23.113404495,sports,store,84.06,1
1390,2025-08-18 14:19:33.986453250,sports,mobile_app,30.17,0
1390,2025-08-23 10:41:21.722168513,electronics,web,22.89,0
1390,2025-09-09 22:37:32.681992466,home,web,11.82,1
1390,2025-09-26 07:49:43.462396918,grocery,mobile_app,92.37,0
1390,2025-10-09 04:08:35.054535420,apparel,mobile_app,59.93,0
1390,2025-10-24 12:59:55.708728643,apparel,mobile_app,92.92,0
1390,2025-11-30 22:13:30.787705339,grocery,mobile_app,23.74,0
1390,2026-01-27 10:20:57.436470442,sports,store,18.85,0
1390,2026-03-02 09:45:23.372125638,sports,web,13.69,0
1390,2026-04-29 19:52:29.596465872,sports,store,16.51,0
1390,2026-06-06 13:30:06.673560383,sports,web,12.68,0
1390,2026-06-28 06:55:30.157728595,apparel,store,130.86,0
1390,2026-06-28 17:07:09.593347446,home,web,27.01,0
1390,2026-07-23 19:55:24.620425657,sports,web,51.88,0
1391,2026-02-01 16:54:37.379752581,sports,web,6.82,0
1391,2026-02-10 14:38:59.161265886,sports,store,43.87,0
1391,2026-02-13 18:21:32.278104450,sports,mobile_app,31.61,0
1391,2026-02-20 21:29:36.588626719,sports,mobile_app,42.61,0
1391,2026-04-25 16:48:30.842508811,home,mobile_app,52.31,0
1391,2026-04-26 16:40:55.807474449,electronics,web,25.57,0
1391,2026-07-27 16:07:51.681967637,apparel,web,17.9,0
1392,2025-11-12 01:53:06.285132194,grocery,store,12.74,0
1392,2025-11-16 11:31:26.854084699,grocery,mobile_app,13.82,0
1392,2025-12-12 02:28:31.324944787,home,mobile_app,9.98,0
1392,2025-12-25 14:58:05.016033622,home,web,74.92,0
1392,2026-04-22 15:23:51.197241938,beauty,web,203.71,0
1392,2026-05-10 06:48:38.065295345,home,store,121.41,0
1392,2026-06-05 11:18:12.674222934,beauty,web,8.02,0
1392,2026-07-03 13:33:41.474449947,apparel,mobile_app,47.16,0
1393,2024-07-28 09:32:57.992682144,grocery,mobile_app,126.17,1
1393,2024-08-15 06:29:56.423621832,home,store,37.43,0
1393,2024-11-13 21:52:32.755536561,electronics,mobile_app,33.47,0
1393,2025-02-01 18:21:16.112856733,electronics,web,228.85,0
1393,2025-02-22 14:14:28.291904463,home,web,103.07,0
1393,2025-03-16 22:41:12.170537221,apparel,mobile_app,14.51,0
1393,2025-03-18 17:53:40.151097560,grocery,web,108.74,0
1393,2025-05-23 21:40:50.126616178,beauty,mobile_app,6.95,0
1393,2025-08-06 06:32:53.595137988,grocery,store,28.78,0
1393,2025-09-24 17:00:27.680273266,apparel,store,17.47,0
1393,2025-11-05 18:08:28.967333448,beauty,store,130.16,0
1393,2026-03-03 15:30:06.387583551,beauty,mobile_app,192.19,0
1393,2026-04-11 18:30:13.949021938,beauty,mobile_app,9.09,0
1393,2026-06-06 14:37:34.459640449,electronics,web,3.0,0
1393,2026-06-14 22:04:57.115187153,apparel,store,7.57,0
1393,2026-07-07 16:57:33.703611123,beauty,mobile_app,18.65,0
1394,2025-08-27 05:42:26.224019266,electronics,mobile_app,67.36,0
1394,2025-08-29 16:27:03.337957775,sports,web,9.9,0
1394,2025-09-05 07:04:41.192678568,home,mobile_app,65.3,0
1394,2025-10-23 16:23:26.020057379,grocery,store,117.88,0
1394,2025-11-18 05:25:32.965126525,beauty,web,83.52,0
1394,2025-11-29 11:36:37.012686106,electronics,web,33.41,0
1394,2025-12-01 08:10:11.173886965,apparel,store,10.66,0
1394,2025-12-09 06:03:20.853887916,beauty,web,8.48,0
1394,2025-12-17 03:43:00.866641559,sports,store,136.67,0
1394,2025-12-19 23:30:19.865988024,home,mobile_app,16.47,0
1394,2026-01-10 22:48:45.714116474,sports,web,6.11,0
1394,2026-01-25 07:05:04.811091718,beauty,mobile_app,123.5,0
1394,2026-02-01 18:10:44.779277880,home,web,106.35,0
1394,2026-02-13 18:17:26.574159728,home,mobile_app,62.83,0
1394,2026-06-25 10:06:16.080152467,sports,store,86.08,0
1394,2026-06-28 16:27:03.495557984,apparel,web,44.05,0
1394,2026-07-05 05:43:48.479392837,grocery,mobile_app,17.48,0
1394,2026-07-14 19:36:15.455710685,electronics,mobile_app,11.82,0
1395,2026-06-27 09:39:12.721642520,grocery,web,3.0,0
1395,2026-07-17 05:16:42.045742981,electronics,web,11.12,0
1395,2026-07-30 12:15:18.339055200,beauty,store,45.3,0
1396,2025-05-08 20:56:58.395724942,apparel,store,79.82,0
1396,2025-06-04 22:45:30.855520904,beauty,web,23.9,0
1396,2025-08-23 22:52:12.216470045,grocery,mobile_app,15.62,0
1396,2025-10-04 04:57:17.370112825,apparel,web,48.67,0
1396,2025-10-09 09:42:20.878368074,sports,store,88.55,0
1396,2025-10-15 09:15:41.861123416,electronics,store,10.33,0
1396,2025-10-17 15:45:28.125033486,electronics,mobile_app,11.92,0
1396,2026-01-06 06:15:16.049493432,beauty,store,62.74,0
1396,2026-02-04 13:08:00.621254040,home,web,56.81,1
1396,2026-02-23 13:54:03.811567056,home,mobile_app,25.65,0
1396,2026-03-01 07:05:55.927577556,beauty,mobile_app,34.24,0
1396,2026-03-05 21:43:44.505306731,apparel,store,13.86,0
1396,2026-04-26 02:14:01.794078733,beauty,mobile_app,79.7,0
1397,2025-12-30 02:29:03.071286883,electronics,mobile_app,33.09,0
1397,2026-05-30 15:53:47.392525712,beauty,web,25.19,0
1398,2025-04-09 11:30:50.867535629,sports,web,91.65,0
1398,2025-04-13 10:58:50.045860952,grocery,web,18.86,0
1398,2025-04-22 04:18:50.400239614,apparel,web,47.25,0
1398,2025-06-11 23:33:21.055766280,home,web,33.25,0
1398,2025-10-24 04:06:07.660939277,grocery,web,10.15,1
1398,2026-01-15 03:23:03.872833809,grocery,mobile_app,50.41,0
1398,2026-02-13 10:59:48.451919041,apparel,web,16.77,0
1398,2026-03-02 20:36:15.733688017,home,web,13.22,0
1398,2026-03-12 16:51:23.806006650,electronics,web,39.02,0
1398,2026-04-20 00:04:12.723391753,beauty,web,121.63,0
1399,2026-07-01 01:59:47.117102312,electronics,mobile_app,6.16,0
1400,2026-01-09 23:49:35.220881756,apparel,web,92.55,0
1400,2026-01-16 04:11:03.975754152,electronics,mobile_app,74.65,0
1400,2026-02-20 16:09:32.779839096,sports,store,48.22,0
1400,2026-03-18 10:21:52.406251025,electronics,web,5.89,0
1400,2026-05-21 00:35:06.120750679,grocery,web,59.04,0
1401,2025-05-28 07:41:06.105847221,electronics,web,12.97,0
1401,2025-06-08 03:46:31.409679948,electronics,web,18.42,1
1401,2025-07-08 20:05:41.875110022,beauty,web,91.3,0
1401,2025-08-02 20:30:47.483667119,beauty,web,32.87,0
1401,2025-08-04 20:52:12.336213407,sports,mobile_app,50.48,0
1401,2025-08-06 08:11:00.033523717,grocery,store,35.96,0
1401,2025-08-27 14:43:41.022902620,sports,store,24.16,0
1401,2025-09-22 09:33:01.261105471,grocery,mobile_app,83.08,1
1401,2025-10-27 19:36:28.681443787,home,web,23.14,1
1401,2025-10-31 03:15:54.627008596,apparel,web,12.64,0
1401,2025-10-31 16:39:43.507925393,sports,store,9.95,0
1401,2025-11-25 18:30:09.774554219,home,mobile_app,46.07,0
1401,2025-12-31 02:17:04.493930537,beauty,mobile_app,115.01,0
1401,2026-01-05 15:22:21.963029181,beauty,web,16.12,0
1401,2026-01-28 01:56:28.762632468,sports,web,15.68,0
1401,2026-03-07 05:53:38.415453536,beauty,store,26.65,0
1401,2026-05-08 05:57:17.482674350,apparel,web,44.75,0
1401,2026-07-22 18:58:09.340371406,grocery,web,24.91,1
1401,2026-07-30 22:25:18.127031405,apparel,web,32.36,0
1402,2026-05-05 00:41:23.533023803,sports,mobile_app,42.14,0
1402,2026-05-05 18:25:38.212278975,apparel,mobile_app,43.55,0
1402,2026-06-21 20:35:27.770184194,beauty,mobile_app,58.63,0
1402,2026-07-11 20:21:41.031312051,apparel,web,130.55,0
1402,2026-07-29 20:02:48.258245568,home,mobile_app,54.68,0
1403,2026-01-13 12:24:09.836077462,home,mobile_app,34.82,0
1403,2026-03-01 13:30:11.459656855,home,mobile_app,65.87,0
1403,2026-05-09 12:53:25.119260728,electronics,mobile_app,12.26,0
1403,2026-06-08 23:40:50.479895131,grocery,mobile_app,119.01,0
1403,2026-06-11 16:23:21.127316617,electronics,mobile_app,107.14,0
1403,2026-06-13 08:35:36.912474975,sports,mobile_app,10.0,0
1404,2025-12-12 01:26:04.403950092,grocery,mobile_app,36.32,0
1404,2026-03-25 12:49:16.376704885,apparel,store,64.22,0
1404,2026-04-26 22:23:49.415702721,grocery,mobile_app,74.17,0
1404,2026-07-05 10:40:03.356610336,sports,web,36.89,0
1405,2026-04-05 23:58:15.495567278,sports,web,66.51,0
1405,2026-05-08 10:14:44.629981942,sports,store,82.67,0
1405,2026-06-15 03:32:40.392821429,grocery,web,35.03,0
1406,2026-06-19 09:05:20.171523578,grocery,store,22.22,0
1407,2025-10-03 20:26:42.662465434,grocery,web,31.7,0
1407,2025-11-08 08:00:23.308205455,electronics,web,415.22,0
1407,2026-02-12 23:03:48.847704743,electronics,store,76.33,0
1407,2026-02-20 14:03:17.841938026,beauty,mobile_app,339.25,0
1407,2026-04-28 02:54:11.973043345,grocery,mobile_app,24.0,0
1407,2026-05-08 17:36:56.457939338,home,mobile_app,47.08,0
1407,2026-05-11 11:28:48.837669485,sports,store,32.81,0
1408,2025-05-18 20:35:53.840741689,grocery,web,68.79,0
1408,2025-06-18 10:55:55.100139416,beauty,web,24.1,0
1408,2025-09-14 17:41:46.148550902,electronics,mobile_app,57.31,0
1408,2025-09-18 03:58:46.408911183,electronics,web,52.41,0
1408,2026-05-11 20:25:55.410573404,home,store,63.94,0
1408,2026-05-24 16:27:41.247446861,sports,web,80.44,0
1408,2026-07-19 17:35:44.568463630,electronics,mobile_app,36.42,0
1410,2025-11-25 10:50:54.660619905,sports,mobile_app,84.29,0
1410,2025-11-28 01:29:03.857920224,beauty,web,32.48,0
1410,2026-02-20 08:49:20.970931449,grocery,web,28.83,0
1410,2026-03-15 20:52:17.946780592,apparel,web,12.35,0
1410,2026-05-10 03:01:57.656417800,home,mobile_app,23.83,0
1410,2026-05-12 13:38:44.285356070,apparel,mobile_app,128.23,0
1410,2026-05-23 07:27:02.279446008,electronics,store,18.55,0
1410,2026-05-28 19:34:28.090716566,beauty,web,7.7,0
1411,2026-06-02 01:38:29.015881616,home,mobile_app,76.8,0
1411,2026-06-09 12:12:14.754260296,grocery,mobile_app,18.08,0
1412,2025-03-31 20:19:16.560600831,sports,web,42.22,0
1412,2025-06-29 15:39:15.233647836,grocery,web,82.88,0
1412,2025-07-29 01:05:44.138777266,home,mobile_app,18.3,0
1412,2025-09-17 21:16:00.638978984,home,mobile_app,35.85,0
1412,2025-10-05 21:48:11.789416812,beauty,mobile_app,16.02,0
1412,2025-10-27 02:20:52.362708196,apparel,store,45.73,0
1412,2025-11-26 09:10:03.177720907,sports,store,256.25,0
1412,2026-01-06 11:02:32.404555534,electronics,mobile_app,33.93,0
1412,2026-02-22 15:14:44.863084024,sports,web,12.86,0
1412,2026-05-16 15:40:30.622840632,sports,mobile_app,20.11,0
1412,2026-07-07 03:08:42.998169285,beauty,web,21.28,0
1412,2026-07-13 21:22:10.064355696,sports,store,74.96,0
1413,2026-01-28 03:05:15.738356530,beauty,mobile_app,3.25,0
1413,2026-05-31 20:10:55.430100648,electronics,web,130.71,0
1414,2025-11-05 18:46:18.045079980,electronics,store,81.82,0
1414,2025-12-02 10:14:51.163615796,apparel,mobile_app,540.93,0
1414,2025-12-09 17:46:50.757952210,home,mobile_app,92.91,0
1414,2025-12-11 22:00:29.832581184,home,mobile_app,51.27,0
1414,2026-01-01 16:08:02.740240392,electronics,web,20.99,0
1414,2026-02-07 16:46:57.691947366,sports,mobile_app,66.1,0
1414,2026-02-23 01:40:56.894173482,beauty,web,9.71,0
1414,2026-05-01 22:47:24.020137099,home,mobile_app,13.47,0
1414,2026-05-27 03:20:33.668171866,home,web,37.99,0
1414,2026-07-04 11:30:13.443717626,beauty,mobile_app,20.98,0
1414,2026-07-14 05:17:50.955327661,grocery,web,76.85,0
1415,2025-04-07 03:39:31.608434993,apparel,store,29.59,0
1415,2025-04-26 21:52:45.714282975,apparel,store,40.77,0
1415,2025-06-12 20:30:50.943963782,beauty,web,21.67,0
1415,2025-07-10 09:07:24.149823632,home,mobile_app,43.56,0
1415,2025-07-17 02:05:43.553321097,home,mobile_app,32.08,0
1415,2025-08-19 02:07:53.985493609,apparel,web,11.32,0
1415,2025-09-05 15:36:44.179339767,beauty,mobile_app,55.53,0
1415,2025-09-19 11:33:09.380694595,beauty,mobile_app,30.58,0
1415,2025-09-24 13:33:48.108507964,sports,web,70.41,0
1415,2025-12-14 00:12:41.362834894,electronics,mobile_app,10.07,0
1415,2026-02-08 23:28:01.379959470,sports,mobile_app,37.13,0
1415,2026-07-14 01:15:09.890772224,beauty,mobile_app,7.85,0
1416,2025-03-06 23:37:17.963972798,electronics,store,33.88,0
1416,2025-05-24 12:13:18.204085025,grocery,web,21.84,0
1416,2025-10-30 06:08:55.458194845,grocery,web,50.18,0
1416,2026-01-03 05:22:14.255235887,beauty,mobile_app,47.89,0
1416,2026-01-27 06:36:09.585037852,grocery,web,24.38,0
1416,2026-01-31 18:12:05.513670041,grocery,web,48.74,0
1416,2026-03-09 01:44:52.052805575,beauty,mobile_app,7.22,0
1416,2026-03-15 01:23:44.830975584,electronics,web,160.69,0
1416,2026-05-29 19:01:15.085194883,home,web,359.2,0
1416,2026-06-09 09:44:39.536094907,sports,store,10.83,0
1416,2026-07-22 17:13:48.306140138,electronics,store,4.12,0
1417,2026-03-11 20:31:39.990065852,home,mobile_app,59.12,0
1417,2026-03-21 03:19:12.696199032,sports,web,12.04,0
1417,2026-04-30 12:17:13.493901754,grocery,store,23.61,0
1417,2026-05-04 05:59:58.527982741,electronics,web,44.14,0
1417,2026-07-19 14:46:33.718607435,home,mobile_app,24.42,0
1417,2026-07-30 13:03:55.681813299,apparel,mobile_app,21.75,0
1418,2025-09-17 14:50:16.382985199,grocery,mobile_app,26.0,0
1418,2025-10-12 13:02:45.035595333,home,web,8.07,0
1418,2026-01-06 11:02:48.731856507,beauty,mobile_app,42.72,0
1418,2026-01-16 09:12:03.857284305,grocery,mobile_app,6.2,0
1418,2026-01-25 13:34:43.895145631,beauty,web,65.21,0
1418,2026-02-02 09:21:21.462934588,sports,web,47.1,0
1418,2026-02-16 07:45:51.160705604,beauty,mobile_app,42.89,0
1418,2026-02-28 20:01:33.652961778,electronics,mobile_app,10.93,0
1418,2026-03-03 18:01:51.826600800,beauty,mobile_app,13.0,0
1418,2026-04-15 10:35:44.549301990,beauty,web,3.4,0
1418,2026-06-07 07:49:18.834016023,grocery,mobile_app,5.45,0
1418,2026-06-16 02:38:39.275245888,sports,store,177.3,0
1418,2026-06-18 16:33:05.844999690,sports,store,32.83,0
1418,2026-07-13 15:40:26.394385484,home,mobile_app,85.96,0
1418,2026-07-27 13:40:34.437795171,grocery,web,12.09,0
1418,2026-07-28 05:49:11.175647371,sports,web,29.52,0
1419,2025-11-13 09:12:08.768786956,electronics,web,95.5,0
1419,2025-11-27 21:47:54.497275513,apparel,mobile_app,64.93,0
1419,2025-12-24 17:10:33.959515415,sports,mobile_app,54.47,0
1419,2026-02-01 10:21:33.193617308,apparel,mobile_app,44.0,1
1419,2026-02-20 05:21:38.485060540,sports,mobile_app,47.48,0
1419,2026-03-09 08:01:02.903368124,electronics,mobile_app,169.94,0
1419,2026-04-14 14:31:26.458427640,electronics,web,46.25,0
1419,2026-05-08 06:51:40.958945088,sports,store,36.56,0
1419,2026-07-07 00:54:03.777628269,sports,web,50.72,0
1420,2025-08-08 10:59:43.705834772,beauty,store,56.65,0
1420,2025-08-10 17:43:25.981071145,home,web,248.07,0
1420,2025-11-09 23:14:08.789795918,beauty,web,33.52,0
1420,2025-12-22 00:43:14.843719022,beauty,web,65.66,0
1420,2026-01-27 17:28:49.508655272,grocery,web,106.49,0
1420,2026-04-10 05:10:03.975620281,electronics,mobile_app,12.54,0
1420,2026-04-30 00:00:16.425092711,home,mobile_app,33.42,0
1420,2026-07-10 03:33:53.133357408,home,mobile_app,8.84,0
1421,2024-08-05 11:42:18.462591939,sports,mobile_app,7.84,0
1421,2024-09-23 18:31:13.017295964,sports,mobile_app,26.38,0
1421,2024-12-24 02:18:03.394741413,home,mobile_app,80.02,0
1421,2025-01-11 13:27:12.653170379,electronics,web,35.3,0
1421,2025-04-07 12:32:46.166925861,sports,web,40.23,0
1421,2025-05-24 08:37:10.838784211,home,store,11.5,0
1421,2025-06-23 10:07:16.959872407,apparel,web,44.64,0
1421,2025-07-09 04:00:02.713505092,grocery,mobile_app,19.12,0
1421,2025-11-25 12:00:54.631504478,grocery,web,110.57,0
1421,2026-06-24 13:00:07.261895889,apparel,store,35.25,0
1422,2025-06-27 08:05:55.710038179,sports,mobile_app,51.76,0
1422,2025-07-12 13:18:26.739374058,grocery,store,37.28,0
1422,2025-07-28 16:07:58.232446035,home,web,9.49,0
1422,2025-08-01 05:58:12.220031736,home,web,51.08,0
1422,2025-09-21 21:44:20.076159783,apparel,store,141.23,0
1422,2025-11-01 16:01:46.514418652,home,mobile_app,8.32,0
1422,2025-11-02 21:59:06.045530505,sports,web,66.77,0
1422,2026-01-21 07:25:04.732825199,sports,web,14.43,0
1422,2026-01-22 07:39:58.756390598,electronics,store,43.08,0
1422,2026-03-02 22:43:15.216485880,beauty,web,21.13,0
1422,2026-03-31 15:59:20.633524276,home,web,64.66,0
1422,2026-04-17 04:46:06.556883955,apparel,mobile_app,23.4,1
1423,2025-11-14 01:38:06.660170201,sports,web,11.36,0
1423,2025-11-20 16:17:43.340899823,home,mobile_app,165.31,0
1423,2026-02-17 11:25:12.980197249,sports,mobile_app,39.26,0
1423,2026-02-19 10:56:47.750656287,sports,web,41.79,0
1423,2026-02-21 18:28:56.015703383,apparel,mobile_app,6.34,0
1423,2026-02-24 17:51:35.378813880,home,web,46.66,0
1423,2026-03-18 10:48:12.741252023,apparel,web,132.51,0
1423,2026-05-21 00:51:15.924023543,home,web,13.16,0
1424,2025-05-23 16:47:45.389797489,home,store,21.29,0
1424,2025-06-17 23:20:33.236109456,home,store,29.71,0
1424,2025-07-18 22:37:54.855529344,sports,web,26.23,0
1424,2025-07-26 10:16:01.425810464,electronics,mobile_app,181.41,0
1424,2025-08-15 22:57:30.072755304,electronics,mobile_app,9.31,0
1424,2025-11-01 09:04:20.096924880,beauty,web,97.07,0
1424,2025-11-05 15:10:52.091895352,sports,store,88.08,0
1424,2025-11-21 05:48:59.030670183,home,mobile_app,5.0,0
1424,2025-11-22 16:15:14.895526145,home,mobile_app,72.27,0
1424,2025-12-15 17:21:42.831538978,grocery,store,39.82,0
1424,2026-01-16 07:18:12.286733818,home,mobile_app,32.23,0
1424,2026-04-01 13:00:15.778480712,home,mobile_app,88.54,0
1424,2026-04-19 12:42:05.153448367,grocery,web,133.2,0
1424,2026-05-02 06:31:28.922598221,grocery,web,17.38,0
1424,2026-07-03 15:11:02.661239691,apparel,web,129.38,0
1424,2026-07-03 22:42:12.955738179,beauty,web,39.77,0
1424,2026-07-29 17:57:52.681824450,grocery,mobile_app,6.55,0
1425,2025-12-16 16:36:38.253231758,apparel,web,18.65,0
1425,2025-12-22 16:31:29.125849939,sports,store,30.46,0
1425,2025-12-24 01:27:33.480131288,home,mobile_app,24.53,0
1425,2026-01-06 09:35:00.011908352,sports,web,6.49,0
1425,2026-02-18 03:09:12.252034037,home,web,38.19,0
1425,2026-06-18 17:03:06.615560143,home,web,31.45,0
1425,2026-07-16 12:37:55.101867517,electronics,mobile_app,20.61,1
1426,2025-10-21 03:00:53.870004185,home,web,102.73,0
1426,2025-11-05 17:57:47.218928213,sports,web,35.44,0
1426,2025-11-24 15:13:32.303352738,home,web,30.26,0
1426,2025-12-08 19:00:59.786680361,sports,store,35.03,0
1426,2025-12-12 12:59:34.813175223,electronics,mobile_app,85.9,0
1426,2025-12-23 17:52:45.379058644,apparel,web,59.34,0
1426,2026-02-21 18:11:29.319934091,sports,mobile_app,24.6,0
1426,2026-04-27 22:49:58.551402983,sports,web,26.95,0
1426,2026-07-08 08:12:31.227514549,grocery,mobile_app,16.44,0
1426,2026-07-21 04:02:33.685617938,home,web,12.07,0
1426,2026-07-26 09:19:36.800908767,grocery,web,28.46,0
1427,2025-04-08 08:12:37.434939734,electronics,web,25.3,0
1427,2025-04-24 12:27:16.372375880,grocery,web,22.75,0
1427,2025-07-20 23:51:09.163709626,beauty,mobile_app,29.77,0
1427,2025-08-29 05:03:02.047842453,beauty,mobile_app,29.21,0
1427,2025-10-30 01:18:16.049606331,grocery,web,66.26,0
1427,2025-12-21 03:48:58.864184885,grocery,mobile_app,67.59,0
1427,2026-01-20 15:34:11.806525405,apparel,mobile_app,66.04,0
1427,2026-03-22 07:19:02.906888757,home,mobile_app,43.41,0
1427,2026-03-23 09:28:29.456856184,sports,web,32.31,0
1427,2026-05-14 21:08:19.493644140,beauty,store,112.59,0
1427,2026-05-26 03:57:54.317289361,grocery,web,39.46,0
1427,2026-06-08 15:45:42.949829405,electronics,web,39.55,0
1427,2026-07-26 05:48:49.419209137,home,web,124.13,0
1428,2025-06-09 03:14:46.945222046,home,store,22.2,0
1428,2025-08-17 05:04:33.585789386,home,mobile_app,19.39,0
1428,2025-10-09 11:53:50.258984796,home,store,23.23,0
1428,2026-01-11 00:47:54.573060633,electronics,mobile_app,29.37,0
1428,2026-02-02 09:39:40.923659080,home,mobile_app,44.22,0
1428,2026-02-20 07:49:03.602339530,sports,web,70.69,0
1428,2026-03-08 17:57:37.917139776,beauty,web,13.54,0
1428,2026-03-28 00:12:43.723988453,home,web,21.44,0
1428,2026-05-15 01:40:29.813952827,grocery,web,44.23,1
1428,2026-07-10 21:16:54.365133709,beauty,store,13.26,0
1429,2025-11-13 11:04:54.901491249,sports,mobile_app,65.24,0
1429,2026-02-10 04:38:50.978917335,apparel,mobile_app,51.78,0
1429,2026-02-21 23:20:36.057672563,home,web,19.87,0
1429,2026-03-04 18:36:23.136643596,apparel,web,15.58,0
1429,2026-03-10 01:34:31.501164827,sports,mobile_app,63.62,0
1429,2026-05-12 05:26:42.963014228,grocery,web,279.21,0
1429,2026-06-01 10:19:31.305536812,grocery,mobile_app,40.65,0
1430,2025-11-27 09:41:44.086331936,grocery,web,23.9,0
1430,2026-02-05 03:47:56.579295357,beauty,web,146.45,0
1430,2026-02-16 08:21:35.511600229,sports,mobile_app,12.2,0
1430,2026-03-06 20:44:37.778746880,apparel,mobile_app,58.36,0
1430,2026-06-18 12:09:17.562340608,sports,web,108.72,0
1431,2026-01-13 00:47:04.263580810,beauty,mobile_app,56.58,0
1431,2026-03-03 22:31:53.815604512,home,web,42.07,1
1431,2026-03-24 18:01:23.979089799,apparel,mobile_app,153.74,0
1431,2026-03-31 06:32:59.196055356,grocery,web,20.79,0
1431,2026-04-10 03:03:52.565652568,apparel,store,23.12,0
1431,2026-06-08 06:34:00.687196837,grocery,web,10.1,0
1431,2026-06-21 14:55:56.293612634,home,web,40.21,0
1431,2026-07-20 11:02:44.063864256,home,store,20.82,0
1431,2026-07-27 20:26:03.867499277,sports,mobile_app,82.02,0
1432,2026-05-28 13:01:44.703733887,beauty,web,18.28,0
1432,2026-07-01 03:58:19.993910567,beauty,web,59.82,0
1432,2026-07-07 19:07:50.055439184,electronics,web,18.49,1
1432,2026-07-26 19:01:39.441006397,apparel,mobile_app,25.16,0
1433,2026-07-29 03:13:04.249989106,electronics,web,186.89,0
1434,2025-06-19 14:40:04.624784856,grocery,mobile_app,52.68,0
1434,2025-07-23 11:57:20.046271957,home,web,48.63,0
1434,2025-08-09 14:39:33.905435461,grocery,mobile_app,84.72,0
1434,2025-10-15 01:45:59.595740197,beauty,web,44.8,0
1434,2025-10-21 15:23:23.396107546,sports,mobile_app,39.37,0
1434,2025-10-25 18:17:28.806657528,apparel,mobile_app,18.14,0
1434,2025-11-16 07:52:39.988980031,sports,store,59.6,0
1434,2025-12-12 11:56:49.854672658,home,store,73.82,0
1434,2025-12-17 11:26:31.761990762,grocery,web,33.22,0
1434,2025-12-24 21:42:55.065926143,grocery,web,27.46,0
1434,2026-02-22 16:07:54.508504092,beauty,web,18.59,0
1434,2026-04-27 13:50:04.823283501,electronics,web,11.67,1
1434,2026-06-02 12:20:44.951410971,home,mobile_app,3.0,0
1434,2026-06-13 09:44:58.374772109,beauty,web,5.17,0
1434,2026-07-14 02:37:14.773248403,sports,mobile_app,51.81,0
1435,2026-05-30 08:18:50.817887928,home,web,106.5,1
1435,2026-06-04 21:43:21.225000715,electronics,web,33.42,0
1435,2026-06-06 12:15:24.027256337,home,mobile_app,7.98,0
1435,2026-06-27 03:09:48.680130056,sports,store,39.92,0
1436,2026-04-26 09:33:47.574593831,apparel,web,70.64,0
1436,2026-06-01 14:46:20.362265398,beauty,store,6.12,0
1436,2026-07-18 04:54:49.326014538,apparel,mobile_app,15.4,0
1436,2026-07-21 20:34:27.162333241,home,store,35.47,0
1437,2025-07-10 22:39:14.039352432,electronics,web,48.41,0
1437,2025-07-16 03:32:36.010853172,home,mobile_app,135.72,0
1437,2025-08-05 17:22:15.677217705,grocery,store,66.9,0
1437,2025-08-15 19:28:11.433552148,grocery,mobile_app,20.42,0
1437,2025-09-14 13:38:33.338435108,apparel,mobile_app,43.63,0
1437,2025-09-30 12:39:23.055645062,beauty,web,40.25,0
1437,2026-01-12 00:26:45.743394846,apparel,store,113.79,0
1437,2026-01-19 10:26:10.746531212,beauty,mobile_app,16.09,0
1437,2026-01-20 01:06:05.839909512,beauty,mobile_app,45.51,0
1437,2026-01-21 03:35:03.751193441,sports,web,10.48,0
1437,2026-05-02 19:14:06.874345801,electronics,mobile_app,44.46,0
1437,2026-07-23 23:51:53.808001532,home,mobile_app,44.07,0
1438,2025-07-21 19:32:56.796278450,grocery,mobile_app,13.31,0
1438,2025-08-07 16:54:01.245893732,electronics,web,14.69,1
1438,2025-08-15 16:31:59.488364568,grocery,store,36.66,0
1438,2025-08-30 21:28:43.559917954,grocery,store,37.26,0
1438,2025-10-02 17:13:20.782144391,apparel,mobile_app,9.54,0
1438,2025-10-09 13:48:26.844921988,beauty,web,42.64,0
1438,2025-10-16 02:17:49.721006245,electronics,web,25.35,0
1438,2025-11-12 04:21:09.505941391,home,store,25.46,0
1438,2025-12-14 10:33:41.650342022,beauty,web,25.88,0
1438,2026-01-16 16:01:18.544654391,beauty,mobile_app,25.47,0
1438,2026-01-17 15:37:03.808253004,beauty,mobile_app,47.56,0
1438,2026-02-13 05:02:09.618716579,sports,web,73.65,0
1438,2026-02-14 11:28:45.837629925,home,web,78.5,0
1438,2026-04-22 04:05:27.262981660,grocery,mobile_app,22.55,0
1438,2026-06-26 05:05:18.902959118,beauty,mobile_app,15.06,0
1439,2026-02-15 00:31:04.276664389,beauty,mobile_app,17.55,0
1439,2026-03-09 02:01:27.582900963,home,web,19.63,0
1439,2026-04-20 02:50:34.092216226,sports,mobile_app,115.92,0
1439,2026-06-10 01:11:25.300574238,home,store,12.31,0
1439,2026-06-22 15:16:04.622088666,home,store,9.96,0
1440,2024-08-10 13:01:57.589345889,beauty,store,15.82,0
1440,2024-09-14 21:48:18.470288932,home,mobile_app,7.89,0
1440,2024-09-24 16:42:10.748658629,sports,web,8.4,0
1440,2024-12-02 07:08:51.854235090,grocery,mobile_app,76.05,0
1440,2024-12-28 19:04:02.888355600,grocery,web,9.8,1
1440,2025-02-14 18:34:47.911380923,grocery,web,44.81,0
1440,2025-03-31 10:59:19.105350450,sports,mobile_app,122.56,0
1440,2025-05-04 15:43:59.378425142,beauty,mobile_app,24.55,0
1440,2025-05-08 04:38:34.160307755,sports,mobile_app,33.89,0
1440,2025-05-08 21:17:17.572139037,home,web,5.25,0
1440,2025-05-27 10:32:48.733219807,beauty,mobile_app,80.15,0
1440,2025-08-31 07:58:52.592701824,home,store,33.99,0
1440,2025-09-05 11:06:10.282623823,sports,web,13.61,0
1440,2025-10-02 02:20:30.766920430,home,mobile_app,46.07,0
1440,2025-10-15 05:28:22.505180290,grocery,web,29.89,1
1440,2025-11-15 05:56:07.766728320,home,web,45.04,0
1440,2025-12-12 12:21:17.992365630,electronics,web,16.76,0
1440,2026-04-15 01:50:58.279094690,electronics,web,85.18,0
1440,2026-07-05 16:08:12.438738240,beauty,web,52.93,0
1441,2025-11-21 23:22:54.185009037,sports,web,38.45,0
1441,2025-12-04 23:52:57.456346072,sports,web,6.71,0
1441,2025-12-28 18:35:29.060341777,sports,mobile_app,80.03,0
1441,2026-01-02 08:55:14.485990037,beauty,web,6.53,0
1441,2026-01-02 23:05:10.615813003,electronics,mobile_app,56.1,0
1441,2026-03-12 08:24:39.387243773,sports,web,42.24,0
1441,2026-04-05 03:57:47.217795037,grocery,store,44.27,0
1441,2026-04-26 14:48:50.618072685,grocery,mobile_app,36.77,0
1441,2026-06-11 12:49:38.797429449,apparel,web,22.13,0
1441,2026-07-20 22:54:43.266164579,sports,web,14.52,0
1442,2025-07-03 20:42:20.496541295,sports,web,192.58,0
1442,2025-07-25 05:47:42.702704132,apparel,web,24.98,0
1442,2025-08-22 07:38:26.890485974,grocery,store,14.16,0
1442,2025-12-17 10:52:32.254510014,electronics,web,28.55,0
1442,2026-02-14 01:36:25.118391698,grocery,mobile_app,24.94,0
1442,2026-04-05 05:23:39.976216317,sports,mobile_app,44.16,0
1442,2026-05-11 15:13:31.454450576,electronics,web,23.82,0
1443,2025-02-06 16:13:50.014162728,grocery,web,217.65,0
1443,2025-02-16 17:37:18.331604236,electronics,web,116.53,0
1443,2025-02-27 17:13:35.531050394,electronics,mobile_app,30.38,1
1443,2025-04-18 23:12:30.413150796,home,mobile_app,33.67,0
1443,2025-12-31 11:07:20.106197850,home,mobile_app,46.57,0
1443,2026-02-17 01:24:15.212164070,home,store,57.25,0
1443,2026-03-19 15:59:09.917013469,sports,web,39.99,0
1443,2026-05-28 08:57:03.504673176,beauty,store,14.33,0
1443,2026-06-17 19:09:36.277656377,apparel,mobile_app,479.33,0
1443,2026-06-18 05:46:30.779083065,grocery,store,110.56,0
1443,2026-06-18 10:36:12.225588443,beauty,web,23.89,0
1444,2026-01-19 08:21:57.953953296,electronics,web,18.48,0
1444,2026-03-02 14:31:39.682523609,sports,web,34.49,0
1444,2026-03-13 14:15:14.681521798,apparel,store,41.64,1
1444,2026-03-16 23:04:26.652223281,electronics,web,33.78,0
1444,2026-04-17 17:36:33.999979079,beauty,mobile_app,27.21,0
1445,2026-06-15 08:15:59.775842333,electronics,mobile_app,104.5,1
1446,2026-07-26 10:34:14.431689512,beauty,web,19.2,0
1447,2025-05-26 11:42:24.233270576,home,store,28.54,0
1447,2025-06-18 12:04:12.655723248,grocery,web,104.26,0
1447,2025-07-22 22:32:16.233459870,beauty,mobile_app,73.1,0
1447,2025-09-03 18:18:19.333195604,grocery,web,24.97,0
1447,2025-10-10 04:24:11.236760715,home,web,39.78,0
1447,2025-12-02 14:07:21.706334896,beauty,mobile_app,39.27,0
1447,2025-12-20 08:24:03.332294960,beauty,web,42.87,0
1447,2026-01-13 22:09:40.547138487,apparel,store,26.81,0
1447,2026-01-22 16:17:13.160158334,electronics,web,45.92,0
1447,2026-02-28 04:53:25.694771036,beauty,mobile_app,52.81,0
1447,2026-04-12 16:44:35.336776028,grocery,web,71.54,0
1447,2026-06-12 17:56:36.026286787,apparel,web,45.18,0
1447,2026-06-13 07:31:20.473948244,sports,web,71.02,0
1447,2026-06-21 22:27:23.913904133,apparel,store,17.89,0
1448,2026-01-11 15:30:16.395674190,electronics,web,26.92,0
1448,2026-01-13 00:21:14.657490369,grocery,mobile_app,8.07,0
1448,2026-02-06 03:14:36.570477472,home,web,33.76,0
1448,2026-02-13 04:36:22.180889520,apparel,web,86.53,0
1448,2026-02-14 10:58:46.082341442,apparel,mobile_app,8.88,0
1448,2026-03-20 13:04:37.028641921,beauty,store,155.77,0
1448,2026-04-02 08:41:15.458593344,electronics,web,23.85,0
1448,2026-04-05 16:59:18.349057476,apparel,web,212.98,0
1448,2026-04-11 15:34:02.103013463,apparel,web,15.85,0
1448,2026-04-28 12:08:09.504830853,apparel,mobile_app,107.63,0
1448,2026-05-08 18:04:31.461557546,electronics,web,16.89,0
1448,2026-06-22 01:01:53.368563009,sports,mobile_app,27.7,0
1448,2026-07-12 21:26:23.213652360,sports,web,70.71,0
1449,2025-07-14 15:51:27.038234984,grocery,mobile_app,37.81,0
1449,2025-09-07 19:26:09.021106104,electronics,mobile_app,28.19,0
1449,2025-11-30 04:24:07.342688342,electronics,mobile_app,17.6,0
1449,2025-12-17 01:15:27.998946905,beauty,mobile_app,23.52,0
1449,2025-12-22 03:00:30.779767541,grocery,web,14.9,0
1449,2026-02-10 10:24:39.788162062,electronics,web,80.09,0
1449,2026-04-26 11:44:33.573651052,grocery,mobile_app,112.71,0
1449,2026-05-24 04:50:26.153162135,apparel,mobile_app,32.69,0
1449,2026-07-04 02:45:33.731057040,home,web,82.02,0
1450,2026-05-31 18:27:26.580182280,electronics,web,29.9,0
1451,2026-05-24 07:02:17.336112640,apparel,store,72.51,0
1454,2026-03-28 07:53:25.345987213,grocery,mobile_app,131.2,0
1454,2026-04-24 21:14:15.679207272,sports,web,70.02,0
1454,2026-05-19 18:22:32.609233353,beauty,web,26.08,0
1454,2026-06-04 11:34:59.389835711,beauty,web,59.81,0
1454,2026-06-26 19:39:04.438387466,beauty,store,170.75,0
1455,2025-10-19 12:57:52.660545368,sports,web,109.35,0
1455,2025-11-24 03:41:40.415460320,beauty,mobile_app,149.84,0
1455,2025-12-02 03:10:52.651582663,home,web,21.09,0
1455,2026-03-01 03:24:46.659297667,home,mobile_app,7.26,0
1455,2026-04-04 13:11:49.911597321,home,web,41.35,1
1455,2026-04-26 19:37:50.645918977,sports,mobile_app,19.93,0
1455,2026-04-30 23:35:00.857406921,electronics,web,50.46,0
1455,2026-05-02 01:57:17.582842291,grocery,web,7.57,0
1455,2026-05-10 09:01:38.653061999,apparel,web,33.03,0
1455,2026-05-19 01:43:01.465401847,beauty,mobile_app,67.54,1
1455,2026-06-05 23:27:47.738125567,beauty,web,104.91,0
1455,2026-06-18 10:05:34.745451674,grocery,mobile_app,8.83,0
1455,2026-07-23 03:54:43.980500906,beauty,web,23.77,0
1456,2026-06-29 18:40:13.749099721,apparel,web,196.21,0
1456,2026-07-05 05:18:32.276649050,home,web,36.25,0
1456,2026-07-06 16:35:00.635937435,apparel,web,17.32,0
1456,2026-07-28 07:11:53.359785992,electronics,web,99.78,0
1457,2025-02-13 23:34:56.898926380,home,mobile_app,37.7,0
1457,2025-03-04 21:04:21.585029760,home,store,101.87,0
1457,2025-05-05 20:37:12.686527828,grocery,mobile_app,12.2,0
1457,2025-05-05 22:48:58.975747342,apparel,store,72.98,0
1457,2025-05-27 12:09:50.712529905,electronics,web,35.16,0
1457,2025-06-24 12:24:23.338228727,electronics,mobile_app,71.2,0
1457,2025-09-16 17:26:33.495234896,grocery,mobile_app,60.6,0
1457,2025-11-28 05:54:03.560918740,apparel,web,12.4,0
1457,2026-03-02 01:31:04.603492912,apparel,mobile_app,24.93,0
1457,2026-03-31 11:47:44.042695962,electronics,web,72.28,0
1457,2026-04-27 08:10:17.548285135,apparel,web,26.66,0
1457,2026-05-26 21:10:22.145416024,sports,web,8.1,0
1457,2026-06-21 14:54:21.302685147,beauty,web,203.1,0
1458,2025-12-05 01:37:31.312447525,apparel,web,75.57,0
1458,2025-12-09 20:16:34.180144185,apparel,web,4.4,0
1458,2026-01-07 23:55:45.138777986,electronics,web,7.62,1
1458,2026-02-06 19:07:50.499865958,apparel,web,17.02,0
1458,2026-02-11 04:29:06.828264468,sports,store,41.6,0
1458,2026-04-14 14:07:40.641488654,home,web,31.78,0
1458,2026-04-15 07:23:03.165432991,home,web,7.63,0
1458,2026-04-19 05:18:09.249823648,apparel,mobile_app,28.66,0
1458,2026-04-22 07:16:01.287015042,sports,mobile_app,19.96,0
1458,2026-05-14 23:43:04.277764704,grocery,store,6.54,0
1458,2026-05-15 11:51:05.421284917,electronics,mobile_app,18.39,1
1459,2026-06-14 14:51:02.996163121,beauty,mobile_app,37.9,0
1460,2025-08-05 13:04:03.097265313,apparel,web,71.14,0
1460,2025-08-09 04:42:22.938622543,apparel,mobile_app,36.51,0
1460,2025-09-12 20:12:11.051003659,beauty,web,45.37,0
1460,2026-05-25 05:14:33.681731018,electronics,mobile_app,16.49,0
1460,2026-05-27 17:22:30.183714754,home,mobile_app,41.52,0
1460,2026-06-06 09:32:33.005985614,electronics,mobile_app,105.68,0
1460,2026-07-22 20:56:42.019310881,apparel,web,16.2,0
1461,2025-02-21 22:55:00.127444665,apparel,store,12.2,0
1461,2025-05-07 10:33:51.211616271,home,store,6.51,0
1461,2025-06-06 08:28:21.715149058,home,web,84.1,0
1461,2025-08-29 15:06:41.222349856,beauty,store,91.44,0
1461,2025-10-21 18:21:46.694826801,sports,web,31.3,0
1461,2025-12-14 18:58:00.055118563,apparel,mobile_app,32.93,0
1461,2026-02-02 00:14:07.035364822,beauty,mobile_app,20.03,0
1461,2026-03-05 21:45:28.638564086,apparel,web,37.51,0
1461,2026-03-28 13:28:05.210504271,sports,store,29.41,0
1461,2026-04-05 21:43:26.536231108,sports,web,24.08,0
1461,2026-07-14 21:02:30.013988842,beauty,mobile_app,74.5,0
1461,2026-07-15 10:49:48.724165981,home,store,52.96,0
1462,2025-11-15 08:54:05.122012629,apparel,mobile_app,69.02,0
1462,2025-11-24 23:20:38.824888229,sports,mobile_app,279.3,0
1462,2026-03-11 05:24:16.962788163,electronics,store,21.96,0
1462,2026-06-18 16:05:02.427243409,apparel,mobile_app,105.83,0
1462,2026-06-28 13:37:33.494082543,beauty,web,122.37,0
1463,2026-07-11 01:03:20.245438305,apparel,mobile_app,42.4,0
1464,2026-06-04 04:53:21.616059789,grocery,mobile_app,57.89,0
1464,2026-06-19 06:20:18.399108936,home,web,31.96,0
1464,2026-07-28 03:01:15.220940529,beauty,web,5.46,0
1464,2026-07-29 12:07:16.122995352,beauty,store,5.34,0
1465,2024-10-06 20:40:29.997522720,sports,mobile_app,9.53,0
1465,2025-03-08 01:38:30.886806492,apparel,web,11.51,0
1465,2025-03-09 02:04:06.132958398,grocery,web,17.36,1
1465,2025-03-23 07:42:07.076536373,beauty,web,13.73,0
1465,2025-03-24 07:37:02.757211963,home,mobile_app,55.14,0
1465,2025-08-19 14:57:11.234901497,sports,web,9.11,0
1465,2025-09-06 14:51:08.973426603,grocery,mobile_app,190.06,0
1465,2025-12-03 21:53:27.496723117,beauty,web,30.01,0
1466,2026-04-13 18:54:08.071089696,sports,mobile_app,22.53,0
1466,2026-05-14 18:30:55.951878744,apparel,store,22.02,0
1466,2026-06-01 13:54:46.872590331,electronics,mobile_app,14.28,0
1466,2026-06-06 08:06:49.552723504,electronics,mobile_app,73.04,0
1466,2026-06-26 13:10:07.675935658,grocery,web,16.66,0
1466,2026-07-04 02:11:27.733912599,sports,store,34.96,0
1467,2025-06-04 04:27:55.764999136,apparel,store,1684.21,0
1467,2025-06-17 07:37:16.393926225,beauty,web,69.02,1
1467,2025-12-18 17:13:26.622006445,apparel,web,19.61,0
1467,2026-01-21 23:46:19.149862201,grocery,web,57.63,0
1467,2026-03-09 17:28:20.889351613,grocery,web,36.04,0
1467,2026-05-10 17:32:19.253932930,beauty,store,6.04,0
1467,2026-07-04 10:00:55.699003498,home,mobile_app,11.31,0
1468,2026-04-11 03:47:43.963899113,electronics,mobile_app,82.77,0
1468,2026-05-16 20:41:29.807199439,electronics,web,79.52,0
1468,2026-05-26 15:42:05.013090997,grocery,store,69.46,0
1468,2026-06-06 20:39:57.725045335,sports,web,31.07,0
1468,2026-06-11 11:42:48.346836708,grocery,web,54.21,0
1469,2025-04-25 03:31:27.329056562,grocery,mobile_app,83.99,0
1469,2025-05-31 05:03:43.736541394,grocery,web,16.52,1
1469,2025-06-21 04:36:49.560049942,home,store,3.0,0
1469,2025-07-06 08:27:17.730165459,home,web,110.86,0
1469,2025-09-12 22:13:16.775819173,home,web,11.62,0
1469,2025-10-07 08:27:08.006750646,grocery,web,14.9,0
1469,2025-10-20 13:39:33.878485976,grocery,web,38.13,0
1469,2025-11-17 10:58:02.525484620,electronics,mobile_app,126.92,0
1469,2025-12-22 14:36:22.557846174,apparel,web,26.9,0
1469,2026-02-04 05:42:07.918219472,apparel,store,34.38,0
1469,2026-02-06 15:04:45.032078056,grocery,web,46.23,0
1469,2026-02-28 22:57:15.299754786,sports,mobile_app,44.74,0
1469,2026-03-15 15:31:04.667419249,grocery,store,25.59,0
1469,2026-04-02 20:07:16.231901676,sports,mobile_app,36.01,0
1469,2026-04-16 18:38:05.228824753,sports,web,28.66,0
1470,2026-06-15 10:22:38.489996695,electronics,mobile_app,41.2,0
1470,2026-07-19 03:51:05.270466022,sports,web,35.67,0
1471,2026-06-17 13:00:46.419759559,home,mobile_app,10.25,0
1471,2026-06-20 19:22:44.778898938,grocery,store,32.38,0
1471,2026-06-20 20:16:03.063489359,grocery,mobile_app,6.67,0
1471,2026-06-21 02:38:21.630799136,electronics,web,22.33,0
1471,2026-06-23 11:47:49.589156835,beauty,web,91.65,0
1471,2026-06-29 08:47:10.543101142,beauty,web,32.71,0
1471,2026-07-03 16:02:08.480786344,grocery,store,15.29,0
1471,2026-07-05 18:59:07.293916657,sports,store,209.57,0
1471,2026-07-08 05:40:14.274544697,apparel,store,60.33,0
1471,2026-07-12 08:40:21.227295913,grocery,mobile_app,29.15,0
1471,2026-07-24 00:39:52.144752264,apparel,web,14.39,0
1471,2026-07-31 03:42:26.377354429,beauty,web,17.49,0
1472,2025-05-12 11:24:44.674638636,apparel,web,75.12,0
1472,2025-05-21 13:47:03.150751457,apparel,store,20.74,0
1472,2025-05-26 18:30:15.130848382,apparel,store,24.28,0
1472,2025-06-02 07:50:22.869406911,beauty,web,49.9,0
1472,2025-07-22 14:38:00.084071216,grocery,store,39.51,0
1472,2025-09-07 22:15:31.281034289,home,store,24.27,0
1472,2025-12-07 17:00:22.097849127,grocery,web,54.17,0
1472,2026-02-09 12:10:39.365546742,sports,web,54.21,0
1472,2026-03-21 17:50:54.472832981,grocery,web,11.19,0
1472,2026-04-22 17:43:49.520263443,sports,web,15.62,0
1472,2026-05-15 21:05:30.866538757,sports,web,39.21,1
1473,2026-01-06 23:17:40.223711187,apparel,web,46.53,0
1473,2026-02-27 05:48:26.924368295,home,mobile_app,34.37,0
1473,2026-03-17 13:49:40.925737319,electronics,store,36.7,0
1473,2026-06-04 16:43:19.864653350,apparel,mobile_app,94.88,0
1473,2026-07-02 06:02:29.063641866,apparel,web,141.89,0
1473,2026-07-03 23:47:00.605708235,beauty,web,89.7,0
1473,2026-07-06 02:40:50.739924026,apparel,mobile_app,56.91,0
1473,2026-07-27 03:39:10.181760840,grocery,store,66.34,0
1473,2026-07-27 11:08:08.409840830,home,web,6.78,0
1474,2026-07-15 23:57:36.660811338,electronics,mobile_app,22.61,0
1475,2025-06-08 02:33:50.140542707,beauty,web,127.1,0
1475,2025-07-04 07:23:23.866073316,beauty,mobile_app,10.55,0
1475,2025-07-18 02:12:43.284667044,home,web,114.65,0
1475,2025-08-13 10:13:23.243450158,electronics,store,54.85,0
1475,2025-08-25 03:10:19.563264527,beauty,web,69.27,0
1475,2025-08-31 01:58:05.939100815,grocery,mobile_app,121.28,0
1475,2026-01-17 04:12:53.412311158,beauty,web,77.23,0
1475,2026-02-07 04:47:37.023724024,apparel,store,28.01,0
1475,2026-03-19 11:27:27.323365148,sports,mobile_app,31.38,0
1475,2026-04-14 18:09:33.379603503,sports,web,31.28,0
1475,2026-04-22 00:21:53.065483635,home,web,33.39,0
1475,2026-04-29 22:02:56.021783695,grocery,web,21.98,0
1475,2026-06-04 22:43:39.057518272,home,store,16.9,1
1475,2026-06-26 17:23:06.861758560,beauty,web,15.14,0
1475,2026-07-09 16:55:17.742757138,grocery,web,60.77,0
1475,2026-07-12 03:13:30.244073071,beauty,mobile_app,18.59,0
1476,2026-05-09 18:33:18.612309102,beauty,mobile_app,25.57,1
1476,2026-05-22 23:34:50.202570801,apparel,store,19.99,0
1476,2026-06-09 05:53:37.068587178,electronics,mobile_app,76.51,0
1476,2026-06-22 09:42:31.653614604,grocery,mobile_app,89.01,0
1476,2026-07-25 20:59:17.644575743,apparel,web,43.32,0
1477,2025-07-04 17:25:59.838957521,sports,mobile_app,280.31,0
1477,2025-09-09 16:01:32.647497707,electronics,store,26.09,0
1477,2025-11-12 17:38:28.128738446,apparel,mobile_app,14.7,0
1477,2025-11-21 07:39:07.965725726,home,mobile_app,39.08,0
1477,2026-01-01 14:16:52.027122456,electronics,mobile_app,59.55,0
1477,2026-01-12 22:53:49.729968678,home,mobile_app,65.29,0
1477,2026-02-15 06:09:44.688206961,beauty,store,19.13,0
1477,2026-03-15 01:37:48.105051707,grocery,web,20.16,0
1477,2026-03-28 00:48:55.573443479,home,store,28.99,0
1477,2026-05-31 00:21:05.445282989,grocery,store,22.15,0
1477,2026-06-05 05:42:55.785372607,home,web,10.08,0
1478,2025-09-17 08:24:54.980537677,home,mobile_app,9.83,0
1478,2025-11-11 03:13:07.415120923,grocery,store,41.07,0
1478,2025-11-20 04:10:58.097138915,sports,web,102.85,0
1478,2025-12-09 02:44:08.432978102,grocery,mobile_app,21.89,0
1478,2025-12-17 17:59:58.184289312,electronics,mobile_app,45.55,0
1478,2026-02-15 00:05:54.640350963,sports,web,77.05,0
1478,2026-02-21 04:01:57.213083522,home,mobile_app,12.38,1
1478,2026-02-28 06:16:13.964040264,beauty,web,13.92,0
1478,2026-03-03 14:57:25.339254083,apparel,web,21.13,0
1478,2026-03-16 10:31:49.400232874,electronics,web,11.71,0
1478,2026-03-31 19:37:42.833223593,grocery,web,16.48,0
1478,2026-05-30 22:28:27.177973027,home,web,35.6,0
1479,2026-06-14 21:53:18.708321648,electronics,web,93.41,1
1479,2026-06-19 16:08:57.491396748,grocery,mobile_app,52.6,0
1479,2026-06-29 19:05:29.199793319,beauty,mobile_app,29.12,0
1479,2026-07-02 10:31:32.338212186,apparel,mobile_app,27.48,0
1480,2026-01-24 14:16:13.753621883,grocery,web,37.88,0
1480,2026-03-12 04:10:04.408984457,grocery,mobile_app,13.25,0
1480,2026-05-07 19:49:41.598734739,home,web,205.88,0
1480,2026-06-21 12:44:00.430412413,apparel,store,64.22,0
1480,2026-07-10 09:15:56.896398539,sports,mobile_app,55.42,0
1481,2026-04-15 23:12:14.933213070,apparel,web,23.69,0
1481,2026-05-01 12:24:59.684353713,beauty,web,63.65,0
1481,2026-05-07 01:34:28.482362642,grocery,store,15.35,0
1481,2026-05-09 09:41:54.348088759,apparel,mobile_app,10.65,0
1481,2026-06-26 19:56:43.544997235,apparel,store,20.03,0
1481,2026-07-07 01:22:58.551423261,grocery,web,8.81,0
1483,2026-04-27 21:29:54.806874360,home,mobile_app,134.0,0
1483,2026-04-30 10:24:13.406874129,beauty,web,67.16,0
1483,2026-05-06 20:24:46.585128206,sports,web,7.79,0
1483,2026-05-15 21:47:50.554648266,grocery,web,3.0,0
1483,2026-05-19 02:52:25.083709505,beauty,mobile_app,11.73,0
1483,2026-06-03 15:31:26.094015322,apparel,mobile_app,50.67,0
1483,2026-06-30 04:27:03.635383303,grocery,mobile_app,9.38,0
1483,2026-07-23 16:39:55.568593564,home,web,50.79,0
1485,2026-05-10 00:32:41.703647920,grocery,store,51.89,0
1485,2026-05-10 01:33:11.830396038,sports,web,41.59,0
1485,2026-05-15 13:32:10.436683543,sports,web,25.76,0
1485,2026-05-20 09:49:11.893544170,apparel,store,31.18,0
1486,2025-04-10 08:24:57.258993226,sports,web,43.87,0
1486,2025-04-19 14:08:21.242682572,electronics,web,41.26,0
1486,2025-06-24 14:48:15.774931642,beauty,web,18.55,0
1486,2025-07-11 16:28:45.386520220,beauty,store,9.79,0
1486,2025-08-03 08:20:24.845286262,home,web,77.75,0
1486,2025-10-20 23:22:49.711540631,apparel,mobile_app,13.76,0
1486,2025-12-07 10:14:55.280267572,beauty,mobile_app,41.51,0
1486,2025-12-30 14:49:24.705946114,beauty,web,67.99,0
1486,2026-01-03 21:49:39.258200865,grocery,mobile_app,47.58,0
1486,2026-01-17 01:34:31.241945707,electronics,mobile_app,10.26,0
1486,2026-02-17 00:51:24.132745708,electronics,mobile_app,16.81,0
1486,2026-03-13 03:08:25.100467129,sports,store,121.42,0
1486,2026-05-05 10:31:44.680622048,beauty,web,17.45,1
1486,2026-05-17 12:16:49.417951279,grocery,mobile_app,27.41,0
1486,2026-06-06 04:32:35.327917387,grocery,web,28.31,0
1486,2026-07-14 11:38:07.052617001,sports,web,19.35,0
1487,2026-03-18 12:13:55.315215190,beauty,web,48.07,0
1488,2026-07-23 14:36:28.460837037,home,store,32.02,0
1490,2025-12-11 02:12:37.431287977,sports,store,46.77,0
1490,2026-01-03 15:53:06.738618567,electronics,mobile_app,71.74,0
1490,2026-02-23 14:22:25.749346219,apparel,web,37.9,0
1490,2026-03-14 13:28:22.619047046,sports,mobile_app,23.95,0
1490,2026-04-12 04:05:10.926198779,beauty,mobile_app,18.82,0
1490,2026-05-09 18:10:13.521201900,sports,web,24.56,0
1490,2026-06-11 16:08:21.454815469,grocery,mobile_app,17.5,0
1490,2026-06-12 21:55:43.169273729,sports,web,47.36,0
1490,2026-06-21 14:17:05.835736594,sports,web,88.23,0
1491,2026-02-12 22:47:43.379992968,home,store,20.53,0
1491,2026-04-02 12:02:33.552148667,apparel,mobile_app,52.16,0
1491,2026-05-18 02:23:16.738922631,beauty,store,19.31,1
1491,2026-05-20 23:22:33.776244743,electronics,web,11.55,0
1491,2026-06-01 08:35:57.093411109,home,mobile_app,94.56,0
1492,2025-06-01 19:48:35.376974779,beauty,web,40.61,0
1492,2025-07-19 03:48:38.932243874,sports,web,86.24,0
1492,2025-08-02 06:30:51.233706746,home,mobile_app,43.81,0
1492,2025-09-15 21:10:02.716853362,beauty,store,22.82,0
1492,2025-09-25 10:04:30.174986217,beauty,web,67.09,0
1492,2025-11-13 14:44:38.076587060,grocery,store,105.01,1
1492,2025-11-21 20:20:49.390556206,beauty,web,14.6,0
1492,2025-12-17 04:41:04.292738477,apparel,web,82.65,0
1492,2025-12-22 06:55:59.351315307,grocery,store,45.43,0
1492,2025-12-28 13:40:04.344413777,beauty,web,17.68,0
1492,2026-01-15 15:13:54.790683390,apparel,web,199.96,0
1492,2026-02-25 00:57:54.807214920,grocery,web,106.26,0
1492,2026-03-11 10:04:34.287995733,grocery,mobile_app,17.2,0
1492,2026-05-09 07:00:09.762871778,beauty,mobile_app,34.36,0
1492,2026-06-30 22:11:10.614571374,home,web,17.3,0
1494,2026-01-01 10:05:58.416986032,sports,web,34.33,0
1494,2026-01-07 10:30:18.736978096,electronics,web,63.49,0
1494,2026-01-07 19:51:19.071615661,home,web,18.43,0
1494,2026-03-31 22:23:19.732412792,grocery,store,9.63,0
1494,2026-04-19 15:46:54.772788545,sports,mobile_app,94.58,0
1494,2026-06-15 13:36:25.534579799,electronics,web,29.27,0
1495,2026-05-04 00:08:57.117321508,beauty,store,7.94,0
1495,2026-07-19 18:28:32.024128780,apparel,web,72.7,0
1496,2026-02-02 22:20:37.448428131,apparel,store,21.48,0
1496,2026-02-14 02:36:09.904815084,home,web,71.22,0
1496,2026-04-09 20:09:46.980291027,grocery,mobile_app,138.15,0
1496,2026-04-28 00:43:25.630142394,apparel,store,11.83,0
1496,2026-05-02 06:34:48.428314992,sports,store,150.75,0
1496,2026-05-30 07:31:42.098266897,apparel,web,66.16,0
1496,2026-06-10 19:33:50.641342463,electronics,web,6.26,0
1496,2026-06-12 11:55:29.284973671,beauty,store,157.36,0
1496,2026-06-14 07:25:33.931222119,beauty,web,47.15,0
1496,2026-07-01 04:27:44.351535549,grocery,web,14.04,0
1497,2026-04-11 14:47:37.824855620,electronics,web,50.76,1
1497,2026-04-19 02:34:33.854433387,apparel,store,19.93,0
1497,2026-05-17 15:59:30.045977765,electronics,mobile_app,25.24,1
1497,2026-05-19 01:50:29.582911119,sports,web,15.66,0
1497,2026-06-14 10:14:49.787990627,beauty,mobile_app,15.42,0
1497,2026-06-16 06:07:23.336561877,home,store,49.1,0
1497,2026-07-06 05:21:05.521514519,electronics,web,42.79,0
1497,2026-07-28 13:38:16.007863823,sports,mobile_app,13.52,0
1498,2025-09-03 23:43:32.523672404,sports,web,38.25,0
1498,2025-09-04 03:12:00.889085650,beauty,web,31.5,0
1498,2025-09-22 21:53:35.553279339,beauty,store,91.6,0
1498,2025-11-08 06:58:08.206500556,sports,web,21.07,0
1498,2026-01-18 03:49:27.102790005,beauty,web,16.12,1
1498,2026-03-30 18:20:03.179719197,home,web,128.33,0
1498,2026-05-29 09:00:08.464806107,home,web,17.73,0
1498,2026-05-29 12:55:11.316306084,home,web,15.4,0
1498,2026-07-01 17:23:39.403021013,apparel,mobile_app,30.51,0
1498,2026-07-08 15:11:44.962881790,grocery,store,106.97,0
1498,2026-07-09 19:52:12.320425946,electronics,web,32.26,0
1498,2026-07-25 08:49:31.628340639,grocery,mobile_app,24.91,0
1499,2025-06-21 03:43:57.765095766,beauty,web,36.99,0
1499,2025-07-23 22:31:09.392225034,apparel,mobile_app,27.46,0
1499,2026-03-23 14:30:27.113825688,electronics,web,13.6,0
1499,2026-05-12 16:11:44.026764395,sports,web,85.82,0
1499,2026-05-20 13:56:39.470719137,home,web,41.6,0
1499,2026-06-25 10:56:28.672017859,sports,mobile_app,25.52,0
1499,2026-07-16 02:37:58.922668290,sports,store,6.89,0
1500,2025-04-25 07:43:42.624786188,sports,store,17.06,0
1500,2025-05-12 01:48:42.258256226,grocery,mobile_app,111.88,0
1500,2025-10-26 18:34:46.867364605,home,store,38.89,0
1500,2025-11-20 03:37:05.532347888,sports,mobile_app,39.63,0
1500,2025-11-26 20:10:23.696272477,electronics,store,18.47,1
1500,2025-11-30 21:57:03.291252555,beauty,web,65.47,0
1500,2026-02-12 13:56:33.466852896,grocery,mobile_app,36.73,0
1500,2026-02-25 04:17:03.497968246,home,web,56.56,0
1500,2026-03-07 01:06:23.505155750,beauty,mobile_app,17.81,0
